respondent_id,age,gender,region,ethnicity,education,employment,annual_income_usd,primary_platform,daily_screen_hours,val_sustainability_1to5,val_brand_authenticity_1to5,trust_traditional_ads_1to5,trust_influencers_1to5,preferred_shopping_channel,uses_buy_now_pay_later,brand_discovery_channel,monthly_discretionary_usd
GZ000001,18,Female,West,Hispanic,Some college,Part-time,27722,Instagram,0.8,4,5,2,2,Mobile app,No,Search,784
GZ000002,26,Male,Midwest,White,High school,Full-time,68918,TikTok,5.2,5,4,2,1,Website,Yes,Friends/word-of-mouth,848
GZ000003,25,Male,South,White,High school,Part-time,26798,Instagram,2.6,3,5,1,4,Mobile app,No,Search,749
GZ000004,22,Male,West,Black,Bachelor's,Gig/freelance,24325,TikTok,3.5,3,5,3,4,Mobile app,Yes,Search,381
GZ000005,22,Female,West,Hispanic,Some college,Student,3223,TikTok,5.5,4,4,2,5,Mobile app,No,Friends/word-of-mouth,50
GZ000006,27,Female,Midwest,White,Bachelor's,Unemployed,2102,TikTok,5.8,3,2,2,4,Website,No,Influencer,27
GZ000007,18,Male,Northeast,Hispanic,Some college,Student,4995,YouTube,4.3,3,3,2,5,Social commerce,Yes,Social media,78
GZ000008,25,Male,Northeast,White,Bachelor's,Student,8814,TikTok,7.1,4,5,3,3,Mobile app,No,Search,166
GZ000009,20,Male,Midwest,Black,Some college,Part-time,29238,TikTok,5.8,3,5,4,4,In-store,Yes,Influencer,347
GZ000010,19,Male,West,Hispanic,High school,Full-time,68148,YouTube,5.2,5,4,5,2,Website,No,Social media,807
GZ000011,23,Female,West,White,Some college,Unemployed,3120,TikTok,6.1,3,3,1,3,Mobile app,No,Social media,44
GZ000012,28,Female,West,White,Graduate,Student,0,TikTok,8.4,3,4,2,5,Website,Yes,Social media,0
GZ000013,26,Female,South,White,Some college,Gig/freelance,12346,TikTok,1.7,4,4,1,3,In-store,No,Friends/word-of-mouth,269
GZ000014,26,Female,Midwest,Hispanic,Bachelor's,Student,13813,TikTok,8.6,4,4,3,3,Social commerce,No,Social media,173
GZ000015,25,Female,Midwest,White,Some college,Part-time,19876,TikTok,4.8,4,4,1,3,Website,No,Social media,527
GZ000016,26,Male,West,Hispanic,High school,Full-time,35278,TikTok,4.4,4,3,3,4,Website,Yes,Search,572
GZ000017,23,Female,Northeast,Hispanic,Bachelor's,Part-time,14554,Instagram,5.2,3,5,4,4,Mobile app,No,Social media,259
GZ000018,19,Female,Midwest,White,High school,Student,5959,TikTok,4.2,5,4,2,5,Mobile app,No,Influencer,164
GZ000019,27,Male,South,White,High school,Unemployed,1833,TikTok,3.9,2,4,1,3,Website,No,Search,16
GZ000020,22,Female,South,White,Some college,Gig/freelance,50243,YouTube,7.7,3,4,4,3,Mobile app,No,Influencer,1159
GZ000021,23,Female,South,White,High school,Part-time,31919,YouTube,6.3,4,5,3,3,In-store,Yes,Social media,602
GZ000022,22,Male,South,Hispanic,Graduate,Part-time,11342,Instagram,2.2,3,5,1,2,Mobile app,Yes,Search,244
GZ000023,20,Female,West,Asian,Some college,Full-time,8851,X,7.3,3,4,2,3,In-store,No,Search,252
GZ000024,28,Male,South,White,High school,Part-time,19369,Snapchat,7.1,3,4,1,4,Website,No,Social media,213
GZ000025,26,Male,South,Hispanic,Bachelor's,Unemployed,3734,YouTube,3.0,3,5,3,3,Social commerce,No,Social media,83
GZ000026,25,Female,South,White,Some college,Student,11543,Instagram,6.4,4,4,2,5,Mobile app,No,Social media,265
GZ000027,22,Male,Midwest,Hispanic,Bachelor's,Part-time,24922,TikTok,7.2,3,4,4,5,Social commerce,Yes,Social media,442
GZ000028,27,Male,Midwest,White,Some college,Gig/freelance,12310,Instagram,2.8,3,4,1,4,In-store,No,Friends/word-of-mouth,148
GZ000029,23,Male,West,Hispanic,High school,Full-time,66196,Instagram,6.6,3,2,3,4,Website,No,Influencer,788
GZ000030,22,Male,South,White,High school,Unemployed,3364,Other,4.6,5,4,2,4,Website,Yes,Social media,57
GZ000031,22,Male,South,White,Bachelor's,Student,11462,X,7.1,5,5,3,4,Mobile app,Yes,Social media,256
GZ000032,20,Male,South,Hispanic,Some college,Full-time,37058,TikTok,4.1,3,5,2,3,Mobile app,No,Social media,733
GZ000033,19,Male,West,White,High school,Student,12736,Other,8.1,4,5,1,5,Website,No,Search,133
GZ000034,24,Female,South,White,High school,Full-time,0,YouTube,5.5,4,5,3,3,Social commerce,Yes,Search,0
GZ000035,27,Male,South,White,Bachelor's,Student,11990,YouTube,4.8,5,5,2,3,In-store,No,Ads,192
GZ000036,18,Male,Northeast,Asian,Some college,Full-time,26276,Reddit,4.6,4,5,1,3,Mobile app,No,Influencer,280
GZ000037,27,Male,West,White,Bachelor's,Full-time,43388,TikTok,7.7,3,4,2,4,Mobile app,No,Ads,488
GZ000038,27,Female,Midwest,Hispanic,High school,Student,14041,Instagram,4.6,5,4,1,5,Website,Yes,Friends/word-of-mouth,315
GZ000039,21,Female,South,Black,Some college,Part-time,11494,Reddit,8.1,3,4,1,3,Website,No,Influencer,209
GZ000040,24,Male,South,Hispanic,Graduate,Full-time,23855,TikTok,6.4,4,2,3,4,Mobile app,No,Friends/word-of-mouth,520
GZ000041,19,Male,Northeast,White,Bachelor's,Gig/freelance,21647,YouTube,3.2,5,5,3,4,In-store,No,Social media,337
GZ000042,26,Female,West,Hispanic,Bachelor's,Full-time,33777,Snapchat,6.1,4,4,1,3,Website,No,Search,347
GZ000043,25,Female,Midwest,White,Some college,Student,4746,Reddit,6.1,3,3,5,5,Social commerce,No,Search,45
GZ000044,21,Female,Northeast,Hispanic,High school,Student,9430,TikTok,3.2,3,4,1,4,Mobile app,Yes,Search,81
GZ000045,18,Male,West,White,Some college,Full-time,44989,YouTube,6.0,2,5,3,4,Social commerce,No,Search,1183
GZ000046,28,Female,South,Hispanic,Bachelor's,Unemployed,4833,TikTok,7.1,5,4,2,3,In-store,No,Social media,137
GZ000047,22,Male,West,Black,Some college,Part-time,11361,Reddit,8.3,3,4,1,3,Website,Yes,Friends/word-of-mouth,130
GZ000048,27,Female,South,White,High school,Full-time,24158,Instagram,8.2,4,5,3,3,In-store,No,Social media,677
GZ000049,25,Female,South,White,Bachelor's,Part-time,17039,YouTube,10.8,2,5,2,4,Website,Yes,Social media,235
GZ000050,26,Female,South,White,Some college,Student,8007,Snapchat,6.0,5,4,2,5,Website,No,Friends/word-of-mouth,174
GZ000051,26,Male,Northeast,Hispanic,Bachelor's,Full-time,37731,Instagram,7.1,2,2,4,5,Website,Yes,Influencer,612
GZ000052,20,Male,Midwest,White,High school,Full-time,28633,Instagram,4.8,4,5,3,4,Website,No,Influencer,607
GZ000053,22,Male,South,Hispanic,Some college,Part-time,20673,Instagram,9.8,5,3,3,5,Mobile app,No,Ads,535
GZ000054,23,Male,South,White,Bachelor's,Student,5182,YouTube,4.2,3,5,2,4,Mobile app,No,Social media,136
GZ000055,23,Female,Midwest,Asian,High school,Full-time,39690,YouTube,9.7,4,4,3,3,In-store,No,Search,1049
GZ000056,18,Male,Northeast,White,High school,Part-time,15518,Snapchat,9.4,3,4,2,4,Mobile app,No,Social media,214
GZ000057,24,Female,South,White,Bachelor's,Full-time,41367,TikTok,4.4,4,5,3,4,In-store,No,Search,1014
GZ000058,19,Female,South,White,Some college,Full-time,64401,Instagram,8.1,5,2,1,4,Social commerce,No,Friends/word-of-mouth,1005
GZ000059,26,Female,Northeast,Hispanic,Some college,Student,3676,Instagram,6.9,3,4,1,3,Website,No,Ads,44
GZ000060,25,Female,Northeast,White,Graduate,Full-time,0,TikTok,5.2,5,4,4,3,In-store,Yes,Ads,0
GZ000061,28,Male,Northeast,White,Bachelor's,Full-time,30769,YouTube,5.7,4,4,2,3,Social commerce,No,Search,479
GZ000062,26,Male,South,White,Some college,Full-time,20240,Instagram,6.5,5,5,3,3,Mobile app,No,Social media,406
GZ000063,22,Male,South,Hispanic,Some college,Student,0,TikTok,6.7,3,4,2,4,Mobile app,Yes,Social media,0
GZ000064,28,Male,West,Asian,High school,Student,16072,YouTube,9.0,3,3,2,5,Website,No,Search,267
GZ000065,22,Male,South,White,Some college,Part-time,22533,TikTok,7.1,3,3,4,3,Social commerce,No,Social media,576
GZ000066,21,Female,Northeast,White,High school,Student,11701,YouTube,4.5,2,2,3,2,In-store,No,Social media,110
GZ000067,27,Female,South,White,Some college,Student,7843,TikTok,7.5,5,4,5,2,Mobile app,No,Social media,207
GZ000068,22,Female,Midwest,White,High school,Full-time,49953,TikTok,2.5,4,5,3,4,Website,No,Social media,1176
GZ000069,18,Male,Northeast,Two+/Other,High school,Full-time,34012,TikTok,5.2,3,4,2,3,Website,Yes,Ads,541
GZ000070,23,Prefer not to say,Northeast,White,Some college,Full-time,57390,Instagram,5.4,3,5,3,4,Mobile app,No,Social media,1214
GZ000071,26,Female,Midwest,Hispanic,Some college,Gig/freelance,28212,YouTube,7.3,3,4,4,3,Mobile app,No,Search,488
GZ000072,20,Male,Northeast,Asian,High school,Full-time,41309,YouTube,9.5,5,4,3,3,In-store,Yes,Friends/word-of-mouth,437
GZ000073,23,Male,South,Hispanic,High school,Full-time,42735,TikTok,6.4,4,3,3,3,In-store,No,Search,1214
GZ000074,19,Male,South,White,Some college,Part-time,29870,YouTube,5.3,4,4,4,3,In-store,Yes,Influencer,468
GZ000075,25,Male,South,Hispanic,Bachelor's,Student,9677,Instagram,4.6,3,5,1,5,Mobile app,No,Influencer,250
GZ000076,23,Male,Northeast,White,Bachelor's,Gig/freelance,13953,Snapchat,7.7,3,5,3,5,Mobile app,No,Social media,342
GZ000077,21,Male,Northeast,White,Some college,Part-time,20723,TikTok,5.6,5,4,4,4,Mobile app,Yes,Search,500
GZ000078,20,Male,South,Two+/Other,High school,Full-time,51242,YouTube,5.0,3,5,2,5,In-store,No,Social media,464
GZ000079,24,Female,South,White,High school,Student,8413,YouTube,7.9,5,5,3,2,Social commerce,No,Influencer,216
GZ000080,25,Male,South,White,Bachelor's,Student,8788,YouTube,8.3,3,3,2,3,Social commerce,No,Social media,160
GZ000081,28,Female,South,White,High school,Unemployed,2080,Instagram,4.1,5,4,1,3,Mobile app,Yes,Friends/word-of-mouth,55
GZ000082,22,Male,Northeast,White,Bachelor's,Student,9393,TikTok,3.0,2,4,3,4,Mobile app,No,Influencer,154
GZ000083,19,Female,South,Hispanic,High school,Part-time,8162,TikTok,5.8,5,5,2,2,Website,Yes,Influencer,178
GZ000084,27,Female,Midwest,Hispanic,Bachelor's,Full-time,37260,Snapchat,3.7,3,3,2,4,Mobile app,No,Friends/word-of-mouth,543
GZ000085,24,Female,West,Hispanic,High school,Unemployed,2795,YouTube,3.4,5,4,3,2,In-store,No,Search,65
GZ000086,25,Female,South,White,Some college,Student,12980,Instagram,3.9,4,4,1,4,Mobile app,Yes,Search,376
GZ000087,19,Female,South,White,Some college,Full-time,71293,Instagram,8.1,2,4,3,5,In-store,No,Social media,1070
GZ000088,21,Female,Northeast,White,High school,Part-time,8730,TikTok,7.3,3,5,1,2,Website,No,Social media,133
GZ000089,26,Female,West,White,Some college,Student,8981,Instagram,10.9,4,5,4,3,Mobile app,Yes,Friends/word-of-mouth,214
GZ000090,27,Female,West,Black,Some college,Full-time,36134,YouTube,4.7,4,5,3,5,In-store,No,Search,664
GZ000091,22,Male,South,Hispanic,High school,Student,10880,TikTok,8.7,4,3,4,5,In-store,Yes,Influencer,154
GZ000092,26,Male,Northeast,Black,Some college,Student,9389,Reddit,7.0,4,4,3,2,Social commerce,No,Social media,267
GZ000093,27,Male,Midwest,Black,High school,Full-time,34678,TikTok,4.9,3,5,2,4,Mobile app,No,Social media,336
GZ000094,22,Female,Midwest,White,Bachelor's,Unemployed,4168,YouTube,5.7,5,5,2,4,Website,No,Search,110
GZ000095,27,Female,West,Hispanic,Some college,Unemployed,3613,TikTok,4.9,3,4,2,3,Mobile app,No,Social media,34
GZ000096,21,Male,Northeast,Hispanic,High school,Full-time,72034,Reddit,6.5,4,3,2,5,Social commerce,No,Friends/word-of-mouth,1567
GZ000097,20,Female,South,Asian,High school,Part-time,11571,Snapchat,8.0,3,1,2,3,Website,No,Social media,181
GZ000098,25,Female,Midwest,White,Graduate,Gig/freelance,29012,TikTok,5.3,3,2,3,3,In-store,No,Search,652
GZ000099,25,Male,West,Hispanic,Some college,Part-time,22128,Instagram,7.7,3,4,1,3,Mobile app,No,Social media,489
GZ000100,19,Male,West,White,Some college,Unemployed,4789,X,8.5,3,4,2,4,Mobile app,No,Social media,68
GZ000101,27,Female,Northeast,Hispanic,Bachelor's,Full-time,36369,YouTube,9.0,4,4,2,3,Website,No,Search,569
GZ000102,20,Male,Northeast,Asian,High school,Student,14541,TikTok,3.7,2,5,2,4,Website,No,Search,346
GZ000103,26,Female,West,Asian,Some college,Student,540,Snapchat,5.9,4,5,2,3,Mobile app,Yes,Ads,4
GZ000104,18,Male,West,White,High school,Part-time,9139,Instagram,7.4,3,3,3,3,Mobile app,Yes,Friends/word-of-mouth,147
GZ000105,26,Female,Northeast,White,High school,Student,11687,TikTok,3.8,4,2,1,4,Website,No,Search,144
GZ000106,26,Female,Northeast,Hispanic,Some college,Full-time,25365,Snapchat,3.4,4,3,1,3,Mobile app,Yes,Friends/word-of-mouth,473
GZ000107,26,Male,Midwest,Hispanic,High school,Full-time,24262,X,5.9,3,5,2,4,Mobile app,No,Friends/word-of-mouth,308
GZ000108,25,Female,South,Asian,Bachelor's,Full-time,33170,TikTok,5.2,5,4,1,4,In-store,No,Ads,756
GZ000109,23,Male,South,White,Some college,Full-time,27151,Instagram,5.7,3,5,4,4,In-store,Yes,Social media,673
GZ000110,25,Female,Northeast,Black,High school,Full-time,54040,TikTok,5.1,4,3,2,2,In-store,No,Friends/word-of-mouth,786
GZ000111,21,Male,Midwest,Hispanic,High school,Part-time,25325,Reddit,10.3,4,3,2,5,Mobile app,No,Social media,506
GZ000112,26,Male,Midwest,White,High school,Full-time,43669,Reddit,5.1,3,2,3,2,Mobile app,No,Social media,803
GZ000113,24,Male,Midwest,White,Some college,Full-time,61932,Reddit,7.2,2,4,1,4,Mobile app,No,Friends/word-of-mouth,820
GZ000114,23,Male,West,Hispanic,Bachelor's,Full-time,15796,TikTok,7.0,3,4,1,4,Mobile app,No,Search,377
GZ000115,23,Female,West,White,Bachelor's,Gig/freelance,26887,TikTok,2.6,5,5,2,4,Mobile app,No,Friends/word-of-mouth,386
GZ000116,24,Male,Midwest,Black,Bachelor's,Full-time,67476,Instagram,8.9,4,5,3,3,Mobile app,No,Social media,1397
GZ000117,18,Female,South,Hispanic,Bachelor's,Student,12956,TikTok,7.3,4,5,4,4,Website,No,Social media,340
GZ000118,19,Male,Midwest,White,High school,Full-time,69145,TikTok,6.3,3,4,4,4,Website,Yes,Friends/word-of-mouth,1521
GZ000119,20,Male,Midwest,White,Bachelor's,Full-time,30848,TikTok,8.1,5,4,4,3,Mobile app,No,Search,505
GZ000120,19,Male,Northeast,Two+/Other,High school,Part-time,25429,YouTube,5.9,3,4,1,4,Mobile app,No,Social media,493
GZ000121,22,Male,South,Hispanic,Some college,Part-time,14543,YouTube,7.8,4,3,1,4,Mobile app,No,Search,389
GZ000122,25,Male,Midwest,Black,High school,Student,11410,Snapchat,2.2,4,4,4,5,Mobile app,Yes,Search,245
GZ000123,25,Female,South,Black,High school,Student,14309,TikTok,7.6,2,4,4,2,Social commerce,No,Social media,282
GZ000124,23,Male,South,Hispanic,High school,Full-time,26992,Snapchat,6.4,3,5,3,5,Social commerce,Yes,Friends/word-of-mouth,455
GZ000125,27,Male,West,Asian,High school,Full-time,6926,Instagram,6.4,3,3,3,4,Mobile app,No,Search,166
GZ000126,24,Female,South,Hispanic,High school,Gig/freelance,47616,TikTok,4.3,5,4,2,4,Mobile app,No,Social media,567
GZ000127,18,Male,Northeast,Hispanic,High school,Full-time,51225,YouTube,5.6,3,3,4,2,Mobile app,Yes,Search,1190
GZ000128,26,Female,Northeast,White,Some college,Gig/freelance,24747,Snapchat,5.5,2,4,2,5,In-store,Yes,Social media,494
GZ000129,24,Female,South,White,Some college,Student,8343,TikTok,3.7,2,3,1,2,Website,Yes,Influencer,85
GZ000130,24,Female,Northeast,Hispanic,High school,Full-time,2381,Snapchat,6.7,3,4,3,5,Social commerce,No,Search,61
GZ000131,24,Female,West,White,Some college,Full-time,45945,Instagram,9.1,2,3,2,3,Website,No,Social media,934
GZ000132,24,Male,Midwest,Hispanic,Bachelor's,Part-time,13702,YouTube,3.2,4,3,1,5,Mobile app,Yes,Friends/word-of-mouth,288
GZ000133,18,Male,Northeast,Asian,High school,Student,9212,Reddit,7.0,5,3,3,3,In-store,Yes,Social media,187
GZ000134,24,Male,West,White,Some college,Unemployed,4054,YouTube,5.2,4,5,1,3,In-store,No,Ads,110
GZ000135,26,Male,South,White,Some college,Full-time,0,YouTube,4.9,3,4,3,3,Mobile app,No,Social media,0
GZ000136,21,Female,South,Hispanic,Some college,Unemployed,4881,TikTok,6.1,4,4,2,3,Mobile app,No,Social media,118
GZ000137,24,Female,West,White,Some college,Full-time,45571,Instagram,6.2,4,5,4,3,Social commerce,No,Ads,889
GZ000138,18,Female,Northeast,Black,High school,Full-time,48109,Snapchat,6.4,3,3,3,5,Social commerce,No,Ads,1202
GZ000139,21,Male,West,Hispanic,Bachelor's,Part-time,16514,Other,3.7,3,2,3,3,In-store,No,Social media,407
GZ000140,22,Female,South,White,Bachelor's,Unemployed,4088,YouTube,8.2,4,3,1,4,Mobile app,Yes,Social media,118
GZ000141,28,Male,South,Hispanic,Bachelor's,Part-time,19399,Snapchat,6.2,4,4,1,5,Mobile app,No,Ads,402
GZ000142,20,Male,Northeast,Hispanic,Bachelor's,Gig/freelance,29208,YouTube,7.2,4,4,2,4,In-store,No,Social media,462
GZ000143,21,Male,South,White,Some college,Part-time,21852,Snapchat,8.4,3,5,3,5,Mobile app,No,Influencer,594
GZ000144,22,Male,Midwest,White,Graduate,Gig/freelance,29308,TikTok,2.2,3,4,2,4,Mobile app,No,Search,642
GZ000145,28,Female,Midwest,White,Some college,Gig/freelance,47641,Instagram,7.3,4,5,3,4,Mobile app,Yes,Friends/word-of-mouth,1005
GZ000146,27,Male,South,Black,Graduate,Student,6059,Instagram,5.7,3,4,3,3,Website,No,Friends/word-of-mouth,144
GZ000147,18,Male,South,White,Some college,Student,7481,Instagram,8.0,2,3,1,4,Website,Yes,Friends/word-of-mouth,141
GZ000148,20,Male,West,White,High school,Part-time,31712,YouTube,4.4,3,1,3,5,Social commerce,Yes,Social media,734
GZ000149,27,Male,South,White,High school,Unemployed,3721,Other,7.9,3,3,2,3,Mobile app,No,Ads,107
GZ000150,18,Male,Midwest,White,Some college,Student,12773,Snapchat,3.9,5,4,4,4,Social commerce,No,Social media,297
GZ000151,27,Prefer not to say,Midwest,White,Bachelor's,Full-time,44561,Snapchat,6.8,3,4,1,3,Mobile app,No,Social media,1078
GZ000152,21,Female,South,Black,Some college,Gig/freelance,23334,Snapchat,6.6,4,4,2,4,Social commerce,No,Friends/word-of-mouth,534
GZ000153,28,Male,West,White,Bachelor's,Student,12994,Snapchat,5.7,5,4,3,2,In-store,Yes,Social media,281
GZ000154,21,Male,South,Hispanic,Some college,Student,11099,YouTube,3.9,3,5,4,3,Mobile app,No,Social media,240
GZ000155,22,Female,South,White,Bachelor's,Student,2787,TikTok,5.3,4,4,2,4,Social commerce,Yes,Friends/word-of-mouth,80
GZ000156,25,Male,Midwest,White,Bachelor's,Part-time,19405,Snapchat,7.8,3,4,3,3,Website,No,Friends/word-of-mouth,428
GZ000157,19,Female,Midwest,White,Some college,Part-time,9940,TikTok,9.0,4,5,2,2,In-store,Yes,Search,92
GZ000158,24,Male,Midwest,Hispanic,Some college,Full-time,66024,YouTube,9.9,5,2,2,3,Social commerce,Yes,Social media,842
GZ000159,23,Female,South,Asian,Some college,Gig/freelance,46517,TikTok,7.1,4,5,3,3,Website,Yes,Social media,654
GZ000160,26,Female,West,White,Bachelor's,Student,16589,Instagram,6.5,4,1,2,5,Mobile app,Yes,Social media,373
GZ000161,28,Male,West,Asian,Bachelor's,Gig/freelance,30182,TikTok,6.9,3,3,2,4,Mobile app,No,Friends/word-of-mouth,353
GZ000162,25,Female,Northeast,White,Some college,Full-time,33276,YouTube,9.9,4,3,2,4,Mobile app,Yes,Social media,896
GZ000163,22,Female,Midwest,Hispanic,Bachelor's,Unemployed,4579,Snapchat,7.0,3,2,2,2,Social commerce,Yes,Influencer,54
GZ000164,22,Female,Northeast,Hispanic,Some college,Part-time,10388,TikTok,6.2,2,4,2,3,Social commerce,Yes,Ads,267
GZ000165,22,Male,South,White,High school,Part-time,36998,TikTok,5.4,2,4,2,5,Website,No,Influencer,1014
GZ000166,26,Male,West,White,Bachelor's,Unemployed,6149,Reddit,5.7,3,5,2,4,Website,Yes,Search,178
GZ000167,21,Male,Midwest,White,High school,Student,10233,TikTok,6.8,4,5,3,3,Mobile app,Yes,Search,88
GZ000168,19,Female,South,Hispanic,Some college,Unemployed,5794,YouTube,4.5,5,4,1,4,Social commerce,Yes,Search,106
GZ000169,21,Male,Midwest,White,Some college,Student,7008,Snapchat,4.7,3,5,2,2,Mobile app,No,Search,173
GZ000170,18,Female,West,Black,Some college,Full-time,21059,YouTube,5.9,4,5,2,3,Website,No,Influencer,579
GZ000171,19,Male,Northeast,White,Some college,Part-time,72,TikTok,5.1,2,4,2,2,Social commerce,Yes,Influencer,1
GZ000172,18,Female,South,Asian,Some college,Gig/freelance,26971,YouTube,7.2,3,4,2,3,In-store,No,Social media,360
GZ000173,26,Female,Northeast,White,High school,Part-time,16313,X,7.3,1,3,3,4,In-store,No,Social media,254
GZ000174,25,Female,West,Hispanic,Bachelor's,Student,11103,Instagram,6.5,5,3,4,2,Website,No,Search,186
GZ000175,25,Male,West,White,Some college,Full-time,42247,YouTube,7.0,4,4,2,3,Mobile app,No,Social media,1049
GZ000176,23,Male,West,White,Some college,Part-time,21838,TikTok,6.2,4,3,2,3,Mobile app,Yes,Friends/word-of-mouth,606
GZ000177,25,Female,South,White,Some college,Gig/freelance,35489,Other,0.5,4,4,2,3,Website,No,Friends/word-of-mouth,635
GZ000178,19,Male,Northeast,Hispanic,Some college,Unemployed,1371,TikTok,4.2,5,2,2,2,In-store,Yes,Friends/word-of-mouth,38
GZ000179,27,Male,Northeast,White,Some college,Full-time,58422,TikTok,7.4,3,4,3,5,In-store,Yes,Social media,1329
GZ000180,23,Female,Northeast,Hispanic,Bachelor's,Full-time,34315,TikTok,4.3,3,3,2,3,Social commerce,No,Friends/word-of-mouth,616
GZ000181,28,Male,Northeast,Two+/Other,Bachelor's,Full-time,51782,X,7.7,5,5,2,3,Mobile app,No,Social media,547
GZ000182,19,Male,Midwest,White,High school,Full-time,61320,Instagram,7.8,2,4,5,3,Website,Yes,Search,1156
GZ000183,23,Female,West,White,Some college,Gig/freelance,38040,TikTok,5.5,5,4,1,4,In-store,No,Friends/word-of-mouth,627
GZ000184,25,Male,Northeast,White,High school,Part-time,19046,TikTok,4.8,4,4,3,5,Website,No,Social media,209
GZ000185,23,Female,South,White,Some college,Full-time,45373,Reddit,6.0,4,3,4,5,Mobile app,No,Influencer,1213
GZ000186,22,Male,Northeast,White,Bachelor's,Student,12612,TikTok,5.9,2,3,2,3,In-store,No,Social media,136
GZ000187,19,Female,West,Hispanic,High school,Gig/freelance,8436,YouTube,7.3,5,3,3,4,Mobile app,No,Influencer,234
GZ000188,22,Male,Midwest,White,Graduate,Part-time,10292,YouTube,1.3,3,4,1,4,Mobile app,No,Ads,91
GZ000189,20,Female,South,White,Some college,Gig/freelance,22732,Snapchat,4.5,3,3,2,5,In-store,No,Social media,279
GZ000190,21,Male,South,Hispanic,High school,Part-time,7204,YouTube,4.0,4,4,3,4,Mobile app,Yes,Social media,167
GZ000191,25,Male,South,White,Bachelor's,Full-time,36864,Snapchat,1.0,3,2,2,5,In-store,No,Social media,1040
GZ000192,24,Female,West,Hispanic,Bachelor's,Gig/freelance,22181,TikTok,5.0,4,3,2,4,Mobile app,No,Friends/word-of-mouth,212
GZ000193,24,Male,West,Asian,Bachelor's,Full-time,43646,Instagram,3.0,2,5,4,3,Mobile app,Yes,Social media,592
GZ000194,21,Non-binary,South,White,Some college,Unemployed,3897,TikTok,5.2,4,4,3,5,Social commerce,Yes,Influencer,80
GZ000195,28,Male,South,Hispanic,Bachelor's,Student,13330,Instagram,5.0,3,3,3,4,Mobile app,No,Search,372
GZ000196,18,Female,West,Black,Bachelor's,Unemployed,5031,Instagram,6.9,3,4,1,4,Website,Yes,Friends/word-of-mouth,86
GZ000197,21,Male,South,Hispanic,High school,Full-time,40657,YouTube,5.5,3,5,1,2,Website,Yes,Friends/word-of-mouth,830
GZ000198,19,Female,Northeast,Hispanic,Some college,Part-time,15300,Reddit,2.6,5,5,3,3,Mobile app,Yes,Friends/word-of-mouth,240
GZ000199,21,Female,South,Black,Some college,Gig/freelance,25443,Reddit,6.7,3,3,2,3,Mobile app,No,Social media,278
GZ000200,28,Male,West,Hispanic,Bachelor's,Gig/freelance,25650,TikTok,10.8,4,3,3,4,Website,Yes,Friends/word-of-mouth,225
GZ000201,22,Male,South,Hispanic,Some college,Gig/freelance,55469,YouTube,8.2,4,4,2,5,Social commerce,No,Friends/word-of-mouth,1239
GZ000202,27,Male,West,Hispanic,Some college,Full-time,14452,YouTube,7.4,5,4,2,4,Website,No,Search,384
GZ000203,23,Female,West,Hispanic,High school,Student,5248,X,5.6,3,4,2,3,Website,No,Influencer,61
GZ000204,25,Male,Midwest,Hispanic,Bachelor's,Part-time,9309,TikTok,5.0,4,3,1,2,In-store,Yes,Search,190
GZ000205,23,Male,West,White,Bachelor's,Full-time,47089,YouTube,4.9,3,3,1,5,Mobile app,Yes,Search,1119
GZ000206,20,Female,West,Black,High school,Part-time,19860,Instagram,6.5,3,4,1,4,Mobile app,No,Search,289
GZ000207,26,Male,South,White,Some college,Student,6679,Instagram,3.7,5,5,1,1,Website,No,Friends/word-of-mouth,109
GZ000208,28,Female,West,White,High school,Part-time,25258,YouTube,6.4,1,4,2,4,Website,No,Influencer,696
GZ000209,20,Female,South,White,Some college,Full-time,48986,TikTok,4.7,3,5,1,4,Mobile app,Yes,Search,751
GZ000210,26,Male,Midwest,White,High school,Gig/freelance,36975,TikTok,2.6,3,4,2,1,Mobile app,Yes,Social media,515
GZ000211,20,Non-binary,West,Hispanic,Bachelor's,Unemployed,6166,Snapchat,4.6,4,2,4,4,In-store,Yes,Search,62
GZ000212,25,Female,Midwest,White,Graduate,Part-time,738,TikTok,8.5,5,4,2,4,In-store,Yes,Ads,15
GZ000213,26,Female,West,Hispanic,High school,Gig/freelance,34021,TikTok,6.3,2,5,2,2,Social commerce,Yes,Social media,615
GZ000214,22,Female,South,Hispanic,Some college,Gig/freelance,10906,YouTube,0.5,5,4,2,5,In-store,No,Influencer,308
GZ000215,26,Male,South,White,Bachelor's,Full-time,46713,YouTube,4.7,4,4,3,4,In-store,No,Influencer,966
GZ000216,20,Female,South,White,Some college,Student,8704,YouTube,7.8,3,4,2,3,Website,No,Social media,115
GZ000217,18,Male,West,Hispanic,Some college,Unemployed,3945,Other,5.4,2,4,2,3,Social commerce,Yes,Influencer,37
GZ000218,19,Non-binary,Northeast,Hispanic,Some college,Student,4121,Instagram,7.0,3,2,2,3,In-store,Yes,Friends/word-of-mouth,111
GZ000219,22,Female,Midwest,White,High school,Full-time,61476,TikTok,5.2,5,5,1,3,Mobile app,No,Ads,1468
GZ000220,27,Male,West,White,Some college,Student,3773,TikTok,6.4,4,4,3,4,In-store,No,Search,78
GZ000221,19,Male,South,White,Some college,Student,12039,Instagram,6.1,4,5,1,3,Mobile app,No,Friends/word-of-mouth,213
GZ000222,23,Male,Northeast,White,Bachelor's,Student,3200,Instagram,4.7,3,3,4,3,In-store,No,Social media,29
GZ000223,25,Female,South,White,High school,Full-time,41662,Reddit,7.1,4,4,2,4,Social commerce,Yes,Social media,848
GZ000224,20,Female,West,Two+/Other,High school,Full-time,76102,Instagram,9.1,4,5,1,3,Mobile app,Yes,Social media,832
GZ000225,25,Female,Northeast,White,Graduate,Gig/freelance,53631,Instagram,6.8,3,5,4,3,Mobile app,No,Search,1293
GZ000226,21,Male,West,White,Some college,Part-time,4888,Reddit,6.2,4,5,1,5,In-store,No,Social media,131
GZ000227,26,Male,South,Black,High school,Unemployed,2731,Snapchat,4.3,3,2,1,3,In-store,Yes,Influencer,75
GZ000228,24,Female,South,Hispanic,Graduate,Part-time,13766,YouTube,7.9,3,3,1,3,In-store,Yes,Social media,131
GZ000229,24,Female,West,White,High school,Gig/freelance,52384,Instagram,5.0,2,5,2,3,Website,No,Search,907
GZ000230,19,Male,South,Hispanic,Some college,Full-time,40708,TikTok,7.1,3,3,1,5,Social commerce,No,Ads,850
GZ000231,23,Female,Midwest,Asian,High school,Gig/freelance,38573,Instagram,7.5,2,4,2,2,In-store,No,Social media,684
GZ000232,27,Female,West,White,Bachelor's,Gig/freelance,29506,TikTok,8.0,4,4,1,3,Social commerce,Yes,Social media,651
GZ000233,18,Male,South,White,Some college,Part-time,8286,Instagram,8.0,3,4,3,4,Mobile app,No,Social media,156
GZ000234,26,Female,South,Black,Some college,Full-time,6849,Snapchat,7.9,3,3,3,3,Mobile app,No,Ads,72
GZ000235,23,Female,Midwest,Black,Graduate,Gig/freelance,18826,Instagram,3.5,4,5,1,4,Website,Yes,Ads,217
GZ000236,25,Female,West,Two+/Other,Some college,Student,18383,TikTok,4.3,3,3,1,3,In-store,Yes,Friends/word-of-mouth,398
GZ000237,25,Female,Midwest,White,High school,Student,10043,TikTok,3.3,3,5,1,3,Mobile app,Yes,Friends/word-of-mouth,251
GZ000238,22,Male,West,Asian,High school,Part-time,26540,Reddit,3.1,4,4,3,3,Mobile app,Yes,Search,230
GZ000239,21,Male,South,White,Some college,Unemployed,1447,TikTok,9.1,5,5,3,2,In-store,Yes,Search,22
GZ000240,24,Male,West,Hispanic,High school,Student,7682,Instagram,4.0,5,5,2,3,Website,Yes,Search,99
GZ000241,19,Female,West,Black,High school,Part-time,24308,Snapchat,3.7,5,5,2,4,Mobile app,No,Social media,681
GZ000242,24,Male,West,White,Some college,Part-time,9161,TikTok,5.9,2,5,2,3,Mobile app,No,Friends/word-of-mouth,139
GZ000243,19,Female,Midwest,White,High school,Full-time,40791,YouTube,4.5,4,4,3,3,In-store,Yes,Influencer,722
GZ000244,25,Male,Northeast,Hispanic,Bachelor's,Gig/freelance,15706,TikTok,10.5,4,3,3,4,Mobile app,Yes,Influencer,370
GZ000245,24,Female,Midwest,Black,Graduate,Gig/freelance,35669,YouTube,5.5,5,3,2,2,Website,No,Social media,384
GZ000246,18,Male,West,White,Some college,Part-time,21227,TikTok,6.9,5,4,2,2,Website,Yes,Social media,303
GZ000247,26,Female,West,Black,Some college,Full-time,54915,TikTok,4.4,4,4,3,4,Social commerce,Yes,Ads,1486
GZ000248,22,Female,Midwest,White,Some college,Full-time,58463,TikTok,2.7,1,4,4,3,In-store,No,Social media,1273
GZ000249,26,Male,South,White,Some college,Full-time,37696,Reddit,4.5,3,3,2,3,In-store,No,Social media,700
GZ000250,18,Female,Midwest,White,High school,Unemployed,5805,Instagram,4.6,4,4,2,4,In-store,No,Social media,126
GZ000251,19,Female,Northeast,Asian,Some college,Student,6611,Snapchat,4.6,3,4,2,2,Social commerce,Yes,Social media,142
GZ000252,23,Male,South,White,Bachelor's,Part-time,23068,YouTube,2.8,4,4,2,3,Mobile app,No,Search,310
GZ000253,20,Male,Northeast,Hispanic,Bachelor's,Full-time,4748,Snapchat,6.3,4,4,1,3,Mobile app,Yes,Social media,133
GZ000254,21,Female,Northeast,White,High school,Full-time,27893,Instagram,5.3,5,4,4,4,Mobile app,No,Search,429
GZ000255,25,Male,West,Asian,High school,Student,18379,Instagram,2.9,3,3,3,3,Social commerce,Yes,Search,312
GZ000256,19,Male,Northeast,Black,Some college,Full-time,53547,YouTube,6.2,4,3,4,3,In-store,Yes,Search,570
GZ000257,25,Male,South,White,Some college,Part-time,22951,TikTok,7.5,5,5,2,5,Mobile app,No,Friends/word-of-mouth,442
GZ000258,19,Male,South,White,Some college,Unemployed,2516,Reddit,8.4,5,4,4,3,Mobile app,Yes,Social media,52
GZ000259,19,Male,South,White,High school,Student,4568,Reddit,1.2,3,2,3,4,Website,No,Social media,85
GZ000260,24,Male,West,White,Some college,Gig/freelance,22906,TikTok,4.5,4,5,2,2,Mobile app,Yes,Friends/word-of-mouth,552
GZ000261,26,Male,South,Black,Bachelor's,Full-time,40731,Reddit,3.3,4,4,4,2,Website,No,Friends/word-of-mouth,625
GZ000262,19,Male,Northeast,Hispanic,Some college,Full-time,78183,TikTok,4.7,4,3,1,4,Mobile app,No,Search,1622
GZ000263,21,Female,South,White,Bachelor's,Gig/freelance,37921,YouTube,8.8,3,3,2,3,In-store,Yes,Social media,486
GZ000264,28,Female,South,Hispanic,Some college,Gig/freelance,27274,Snapchat,4.5,2,4,2,3,Mobile app,No,Ads,762
GZ000265,28,Female,Midwest,White,Some college,Student,9266,TikTok,5.0,3,2,3,2,Website,No,Social media,220
GZ000266,24,Male,South,White,Bachelor's,Student,12070,TikTok,4.3,3,4,2,4,Mobile app,Yes,Social media,162
GZ000267,22,Female,Midwest,White,Bachelor's,Full-time,17074,YouTube,9.3,2,5,2,4,In-store,No,Social media,174
GZ000268,21,Male,South,White,Some college,Student,1218,Instagram,1.4,4,5,2,3,In-store,No,Search,14
GZ000269,24,Male,Northeast,Hispanic,Some college,Full-time,56050,Instagram,4.9,5,5,2,4,Social commerce,No,Search,641
GZ000270,24,Non-binary,Midwest,White,Bachelor's,Full-time,43361,Snapchat,4.3,3,3,2,3,In-store,No,Influencer,1000
GZ000271,21,Female,South,Hispanic,Bachelor's,Part-time,7371,TikTok,2.6,1,5,4,3,In-store,No,Search,62
GZ000272,18,Male,South,White,High school,Full-time,2406,TikTok,8.2,4,4,1,3,Website,No,Social media,33
GZ000273,19,Male,South,Hispanic,Some college,Full-time,58894,X,2.4,4,3,3,4,Mobile app,Yes,Friends/word-of-mouth,983
GZ000274,28,Female,Northeast,White,High school,Full-time,32142,YouTube,5.1,4,4,2,3,In-store,Yes,Social media,286
GZ000275,22,Male,Midwest,White,Some college,Part-time,21242,YouTube,5.8,3,4,2,3,Mobile app,No,Influencer,288
GZ000276,23,Female,West,White,Some college,Gig/freelance,22914,TikTok,4.5,2,5,1,3,In-store,No,Social media,564
GZ000277,23,Male,South,White,Bachelor's,Unemployed,3938,Other,2.5,5,5,2,4,Mobile app,Yes,Search,102
GZ000278,26,Male,Northeast,White,Some college,Full-time,30806,TikTok,5.7,4,3,2,3,Mobile app,Yes,Ads,555
GZ000279,18,Female,South,White,High school,Full-time,40553,TikTok,4.5,3,4,2,5,Website,Yes,Friends/word-of-mouth,940
GZ000280,18,Female,Midwest,Black,High school,Gig/freelance,32751,TikTok,7.6,2,4,3,3,Social commerce,Yes,Social media,849
GZ000281,21,Female,Midwest,White,High school,Full-time,36788,YouTube,7.0,4,4,3,3,In-store,No,Friends/word-of-mouth,368
GZ000282,23,Female,South,Hispanic,High school,Student,7652,TikTok,9.9,3,4,4,5,In-store,No,Social media,192
GZ000283,25,Male,West,Hispanic,Graduate,Full-time,53482,TikTok,6.2,4,5,2,2,In-store,Yes,Social media,1379
GZ000284,23,Female,South,White,High school,Student,11730,Instagram,7.2,4,3,3,3,Website,No,Social media,272
GZ000285,22,Female,South,Hispanic,Some college,Full-time,20501,YouTube,5.3,5,5,3,4,In-store,No,Ads,345
GZ000286,28,Male,Northeast,White,Bachelor's,Student,8882,TikTok,9.4,4,3,2,2,Website,No,Search,169
GZ000287,19,Male,Midwest,Hispanic,High school,Part-time,13757,YouTube,6.0,5,4,4,4,Social commerce,Yes,Social media,158
GZ000288,24,Male,Northeast,Black,Some college,Full-time,42259,Instagram,5.8,4,5,2,2,In-store,Yes,Search,1013
GZ000289,23,Male,West,Black,Bachelor's,Part-time,29615,Instagram,7.1,3,3,2,3,Mobile app,Yes,Influencer,690
GZ000290,23,Female,South,White,Some college,Part-time,20907,TikTok,4.7,3,3,3,5,Mobile app,Yes,Search,445
GZ000291,26,Male,Midwest,Hispanic,Some college,Unemployed,7895,Other,5.0,3,5,1,1,Website,No,Social media,202
GZ000292,20,Female,West,White,High school,Part-time,19778,YouTube,7.1,4,2,4,3,Website,Yes,Ads,198
GZ000293,28,Male,South,White,High school,Full-time,38853,TikTok,7.5,4,5,2,3,Mobile app,No,Ads,750
GZ000294,21,Non-binary,West,White,High school,Student,8920,Instagram,7.2,2,5,3,2,Website,No,Search,133
GZ000295,23,Male,Midwest,White,High school,Full-time,44695,TikTok,5.8,5,5,4,2,Website,Yes,Influencer,926
GZ000296,23,Male,Midwest,Hispanic,High school,Gig/freelance,29777,Instagram,6.5,5,4,3,4,Mobile app,No,Social media,254
GZ000297,27,Male,South,Black,Graduate,Gig/freelance,14393,YouTube,7.9,2,4,2,4,Mobile app,Yes,Social media,205
GZ000298,22,Female,Northeast,White,Bachelor's,Full-time,37593,TikTok,3.8,5,4,2,2,In-store,No,Search,381
GZ000299,21,Male,South,Hispanic,High school,Student,6066,Reddit,6.0,5,4,1,2,Mobile app,No,Influencer,105
GZ000300,18,Male,South,Hispanic,Some college,Student,13169,Instagram,0.5,2,4,2,3,Social commerce,No,Friends/word-of-mouth,362
GZ000301,22,Prefer not to say,South,Asian,High school,Full-time,5604,TikTok,7.5,3,4,2,2,Website,No,Ads,52
GZ000302,27,Male,Midwest,Hispanic,Bachelor's,Student,9635,TikTok,4.4,3,5,2,3,Website,No,Friends/word-of-mouth,264
GZ000303,18,Female,South,White,High school,Part-time,5702,TikTok,4.5,5,4,4,4,Social commerce,Yes,Friends/word-of-mouth,130
GZ000304,27,Male,West,White,Bachelor's,Part-time,21501,Snapchat,5.8,3,5,3,4,Website,No,Influencer,574
GZ000305,23,Female,South,Hispanic,High school,Student,7384,Instagram,7.2,3,4,2,5,Social commerce,Yes,Social media,183
GZ000306,19,Female,Midwest,White,Bachelor's,Student,1641,Snapchat,10.8,4,4,2,2,Social commerce,No,Friends/word-of-mouth,28
GZ000307,21,Female,Midwest,Asian,High school,Student,12816,TikTok,2.9,5,5,4,3,Website,No,Social media,226
GZ000308,24,Male,South,Asian,Bachelor's,Part-time,0,TikTok,4.3,4,5,1,3,Mobile app,Yes,Search,0
GZ000309,21,Female,Northeast,Asian,High school,Student,8872,Instagram,6.5,3,4,2,4,Social commerce,No,Search,166
GZ000310,19,Female,South,White,Some college,Part-time,23598,Instagram,4.5,3,5,1,4,Mobile app,Yes,Friends/word-of-mouth,444
GZ000311,25,Female,South,Hispanic,Bachelor's,Student,14575,TikTok,7.7,4,5,5,2,Website,No,Ads,351
GZ000312,25,Male,West,Hispanic,Bachelor's,Full-time,11568,TikTok,5.7,2,5,3,5,In-store,Yes,Social media,233
GZ000313,19,Male,Midwest,White,Some college,Student,6910,Other,7.8,4,4,2,2,In-store,No,Influencer,98
GZ000314,21,Female,South,White,High school,Part-time,26777,YouTube,5.5,3,3,2,4,In-store,Yes,Friends/word-of-mouth,349
GZ000315,20,Female,West,White,Some college,Full-time,63758,TikTok,7.1,2,3,1,4,Mobile app,No,Search,1558
GZ000316,25,Male,South,White,Some college,Full-time,66206,Snapchat,4.1,2,5,4,4,In-store,Yes,Friends/word-of-mouth,1250
GZ000317,26,Female,West,Asian,High school,Part-time,38748,Instagram,9.9,3,2,1,3,In-store,No,Social media,403
GZ000318,25,Male,Midwest,Black,Some college,Full-time,32385,Snapchat,2.6,5,3,3,3,Mobile app,Yes,Social media,808
GZ000319,28,Female,Northeast,White,Bachelor's,Part-time,21016,X,4.6,2,4,2,4,Mobile app,No,Social media,348
GZ000320,26,Male,West,Hispanic,Some college,Part-time,15198,TikTok,3.2,4,3,1,4,Website,No,Social media,214
GZ000321,21,Female,Midwest,White,Some college,Student,1000,X,7.6,3,5,2,4,Website,Yes,Search,10
GZ000322,19,Male,West,White,High school,Unemployed,3837,TikTok,7.1,3,5,1,4,In-store,Yes,Social media,47
GZ000323,24,Female,South,White,Some college,Gig/freelance,2665,TikTok,3.6,4,3,4,4,Website,Yes,Friends/word-of-mouth,25
GZ000324,28,Male,South,Hispanic,Graduate,Unemployed,3062,YouTube,8.0,5,5,2,5,Social commerce,No,Search,71
GZ000325,28,Non-binary,Northeast,Hispanic,Some college,Unemployed,1357,YouTube,4.6,5,3,3,3,In-store,Yes,Friends/word-of-mouth,28
GZ000326,20,Male,South,Black,Some college,Full-time,50294,TikTok,6.8,4,3,2,3,Mobile app,No,Social media,1428
GZ000327,20,Female,Midwest,Black,High school,Full-time,27285,TikTok,7.2,4,5,4,3,In-store,No,Search,321
GZ000328,18,Female,South,White,High school,Full-time,8259,TikTok,5.5,4,3,2,5,Mobile app,Yes,Influencer,121
GZ000329,19,Male,Midwest,Hispanic,Some college,Full-time,58360,TikTok,7.8,5,4,3,4,Mobile app,Yes,Influencer,1263
GZ000330,24,Male,South,White,High school,Gig/freelance,18936,TikTok,5.7,3,5,3,4,Website,No,Friends/word-of-mouth,376
GZ000331,24,Female,Northeast,White,Bachelor's,Gig/freelance,20944,TikTok,6.7,5,1,2,4,Website,No,Search,412
GZ000332,22,Female,Midwest,Hispanic,Bachelor's,Student,5040,Other,5.5,3,4,3,3,Social commerce,No,Influencer,51
GZ000333,21,Female,South,White,Some college,Gig/freelance,39444,Snapchat,2.3,3,5,5,5,Website,No,Social media,345
GZ000334,27,Male,Midwest,White,Some college,Student,10095,Other,5.8,5,4,1,5,Website,Yes,Social media,235
GZ000335,23,Male,West,White,Graduate,Part-time,13033,TikTok,4.3,4,4,2,3,Mobile app,No,Friends/word-of-mouth,300
GZ000336,26,Male,South,White,Some college,Full-time,5824,TikTok,8.8,4,4,1,3,Social commerce,No,Social media,51
GZ000337,28,Male,South,Asian,Bachelor's,Unemployed,8519,Instagram,3.3,4,4,3,4,Mobile app,Yes,Social media,218
GZ000338,21,Female,Midwest,White,Some college,Student,17016,YouTube,8.5,3,3,3,3,Website,No,Influencer,413
GZ000339,20,Female,Midwest,White,Some college,Part-time,29689,YouTube,5.6,3,5,4,3,Website,No,Social media,381
GZ000340,28,Female,South,Two+/Other,Some college,Full-time,28710,TikTok,6.8,3,4,2,2,Social commerce,No,Friends/word-of-mouth,577
GZ000341,24,Male,Northeast,Hispanic,High school,Gig/freelance,20138,Snapchat,3.2,4,3,3,1,Mobile app,No,Social media,278
GZ000342,21,Female,South,White,High school,Gig/freelance,30687,Instagram,5.4,4,4,1,5,In-store,Yes,Social media,788
GZ000343,24,Female,South,Asian,Bachelor's,Student,5379,Instagram,4.7,3,3,2,3,In-store,Yes,Social media,64
GZ000344,23,Female,West,White,Bachelor's,Unemployed,2219,Instagram,10.2,5,4,1,3,Mobile app,No,Social media,56
GZ000345,27,Female,South,White,Bachelor's,Part-time,29814,TikTok,4.6,4,4,3,3,Mobile app,No,Social media,657
GZ000346,20,Male,South,Hispanic,High school,Unemployed,3900,TikTok,8.3,4,4,3,4,Mobile app,No,Friends/word-of-mouth,47
GZ000347,28,Female,West,White,Bachelor's,Student,4464,Other,8.3,5,5,2,4,Mobile app,No,Search,117
GZ000348,28,Female,South,Black,Bachelor's,Student,12858,Instagram,8.3,3,4,3,4,Mobile app,Yes,Social media,329
GZ000349,19,Male,South,White,High school,Unemployed,2966,TikTok,4.8,3,5,2,4,Mobile app,No,Search,63
GZ000350,19,Female,Midwest,Hispanic,Some college,Gig/freelance,2841,TikTok,9.6,4,4,2,3,In-store,No,Search,53
GZ000351,23,Female,West,Hispanic,Some college,Full-time,20552,TikTok,10.0,2,5,3,5,Mobile app,Yes,Social media,440
GZ000352,18,Female,Northeast,Two+/Other,Some college,Gig/freelance,19957,Reddit,6.7,3,3,1,3,Mobile app,No,Social media,444
GZ000353,21,Male,West,White,High school,Part-time,19781,Snapchat,5.1,5,3,1,4,Website,No,Friends/word-of-mouth,207
GZ000354,22,Female,West,White,Some college,Full-time,45245,Instagram,4.3,5,4,3,2,Mobile app,No,Friends/word-of-mouth,755
GZ000355,28,Male,South,Asian,Some college,Student,13972,X,6.9,5,5,2,5,Mobile app,No,Social media,388
GZ000356,28,Male,Midwest,Hispanic,Some college,Part-time,16080,Instagram,6.1,5,4,4,3,Website,Yes,Social media,392
GZ000357,19,Male,South,White,Some college,Part-time,14228,Reddit,6.4,4,5,1,2,In-store,No,Search,141
GZ000358,27,Female,South,White,Bachelor's,Part-time,28084,Instagram,3.3,3,4,3,2,Website,No,Friends/word-of-mouth,735
GZ000359,19,Male,Northeast,Black,High school,Full-time,60497,Snapchat,6.1,5,2,2,4,Mobile app,No,Search,583
GZ000360,26,Female,Midwest,Hispanic,Some college,Full-time,37965,Reddit,8.3,3,5,2,5,In-store,No,Social media,857
GZ000361,27,Female,West,Hispanic,Graduate,Student,10182,Instagram,7.6,5,3,2,3,In-store,Yes,Friends/word-of-mouth,156
GZ000362,27,Male,South,Black,Graduate,Full-time,33016,TikTok,5.2,3,3,1,3,Mobile app,Yes,Social media,461
GZ000363,20,Female,South,White,High school,Student,4293,TikTok,5.8,3,5,3,4,In-store,Yes,Search,78
GZ000364,27,Female,West,White,High school,Student,17898,TikTok,3.1,4,4,2,3,Website,No,Social media,178
GZ000365,19,Female,Midwest,Hispanic,Bachelor's,Full-time,31758,TikTok,4.7,5,3,1,3,Mobile app,Yes,Social media,904
GZ000366,23,Female,West,Black,Some college,Full-time,47575,Instagram,5.3,5,4,4,3,Mobile app,No,Search,1344
GZ000367,23,Female,South,White,Bachelor's,Part-time,5725,Instagram,7.3,4,3,2,5,Mobile app,Yes,Search,68
GZ000368,21,Male,South,Hispanic,High school,Gig/freelance,34616,TikTok,4.6,4,3,1,3,Mobile app,No,Social media,980
GZ000369,18,Male,West,White,Some college,Unemployed,1829,Reddit,3.9,4,5,3,4,Mobile app,Yes,Social media,51
GZ000370,26,Female,Midwest,White,Bachelor's,Part-time,31591,TikTok,7.5,5,4,3,3,Mobile app,No,Search,343
GZ000371,21,Male,South,Asian,Bachelor's,Full-time,75971,TikTok,5.2,2,3,3,2,Website,Yes,Friends/word-of-mouth,654
GZ000372,25,Female,South,White,Some college,Student,11290,TikTok,4.3,4,3,2,4,In-store,No,Social media,204
GZ000373,22,Female,South,White,Bachelor's,Part-time,18930,Other,7.6,3,4,3,4,Website,Yes,Friends/word-of-mouth,290
GZ000374,22,Female,South,Black,Bachelor's,Part-time,16481,Instagram,6.9,3,3,4,4,Website,Yes,Ads,302
GZ000375,27,Female,West,White,Some college,Part-time,17614,TikTok,5.6,2,4,2,3,Mobile app,No,Friends/word-of-mouth,335
GZ000376,19,Female,South,White,High school,Student,10657,TikTok,5.3,2,4,2,3,In-store,No,Friends/word-of-mouth,256
GZ000377,26,Female,Midwest,Black,High school,Full-time,43696,Instagram,6.8,2,4,1,2,Mobile app,Yes,Friends/word-of-mouth,939
GZ000378,26,Female,Midwest,White,High school,Gig/freelance,37485,Other,7.1,3,3,3,3,Mobile app,No,Influencer,711
GZ000379,22,Male,Northeast,Hispanic,Graduate,Part-time,10561,Instagram,6.4,4,3,2,2,Social commerce,No,Social media,198
GZ000380,20,Female,Northeast,White,Some college,Part-time,30377,Instagram,6.2,3,5,4,3,Website,No,Social media,847
GZ000381,18,Female,South,White,High school,Unemployed,3239,Instagram,4.8,3,5,2,5,Website,No,Search,46
GZ000382,28,Female,South,Hispanic,Graduate,Part-time,11958,TikTok,4.9,4,4,2,3,Mobile app,No,Social media,147
GZ000383,28,Male,South,White,Some college,Full-time,48853,Instagram,5.7,4,5,2,3,Social commerce,No,Social media,726
GZ000384,20,Female,Midwest,Black,High school,Full-time,50061,Instagram,4.1,5,3,2,3,Mobile app,No,Influencer,1238
GZ000385,18,Male,South,Asian,High school,Student,1966,YouTube,3.8,5,3,3,3,In-store,No,Friends/word-of-mouth,28
GZ000386,19,Female,South,Black,Some college,Student,7051,TikTok,5.8,3,4,3,4,In-store,Yes,Social media,154
GZ000387,18,Female,South,White,Some college,Part-time,406,TikTok,8.0,3,2,3,2,Social commerce,Yes,Social media,6
GZ000388,27,Male,South,White,High school,Full-time,29229,YouTube,1.9,4,5,2,1,Social commerce,Yes,Search,486
GZ000389,27,Female,Midwest,Black,Bachelor's,Full-time,30043,YouTube,5.2,3,3,3,3,Mobile app,Yes,Search,715
GZ000390,19,Female,Midwest,White,High school,Part-time,20409,Instagram,6.5,3,3,3,5,Mobile app,Yes,Social media,249
GZ000391,26,Female,West,Hispanic,Some college,Part-time,11618,Snapchat,8.1,2,4,2,3,Social commerce,No,Influencer,246
GZ000392,19,Non-binary,Northeast,Black,High school,Part-time,13536,Snapchat,9.6,2,5,2,4,Mobile app,No,Influencer,273
GZ000393,22,Male,South,White,Some college,Part-time,28561,Reddit,5.5,5,4,2,3,In-store,Yes,Social media,717
GZ000394,24,Male,South,White,Bachelor's,Student,17359,Instagram,9.9,4,4,1,4,Website,Yes,Friends/word-of-mouth,475
GZ000395,25,Non-binary,West,Hispanic,Some college,Student,5270,Reddit,6.9,3,4,2,3,Mobile app,Yes,Social media,59
GZ000396,27,Female,Midwest,Hispanic,Some college,Student,13127,YouTube,7.6,3,4,3,3,Mobile app,No,Ads,179
GZ000397,18,Non-binary,West,White,Bachelor's,Student,10570,YouTube,3.9,5,3,3,5,Social commerce,Yes,Social media,119
GZ000398,20,Female,South,Hispanic,High school,Full-time,9136,Instagram,6.9,3,4,3,5,Mobile app,No,Social media,266
GZ000399,21,Male,Northeast,Black,Some college,Student,5795,TikTok,7.8,4,4,1,3,Website,No,Social media,121
GZ000400,21,Female,South,White,High school,Full-time,0,Instagram,4.6,5,1,3,3,In-store,Yes,Social media,0
GZ000401,28,Female,South,White,High school,Student,10310,Snapchat,0.8,5,5,4,3,Website,Yes,Search,292
GZ000402,26,Male,Midwest,Hispanic,High school,Part-time,9277,Other,6.3,3,2,3,2,Mobile app,No,Social media,252
GZ000403,21,Female,Northeast,Black,Bachelor's,Student,9542,Instagram,5.6,2,4,2,3,Mobile app,Yes,Search,132
GZ000404,28,Prefer not to say,Midwest,Asian,Bachelor's,Gig/freelance,56080,Other,8.7,3,5,1,3,Mobile app,Yes,Friends/word-of-mouth,1059
GZ000405,23,Female,Northeast,White,Some college,Part-time,30904,TikTok,4.9,4,4,2,3,Social commerce,No,Social media,407
GZ000406,23,Male,South,Black,Some college,Full-time,27503,X,4.6,5,3,2,4,Website,No,Social media,475
GZ000407,22,Male,West,Black,Some college,Gig/freelance,14197,YouTube,3.7,4,5,2,2,Mobile app,Yes,Social media,244
GZ000408,19,Female,Midwest,Hispanic,Some college,Part-time,28473,YouTube,4.7,3,5,4,2,Mobile app,Yes,Search,779
GZ000409,28,Male,West,White,Some college,Part-time,9861,Instagram,11.3,5,3,3,4,Website,No,Social media,224
GZ000410,18,Male,South,White,Bachelor's,Full-time,60732,Other,2.8,3,2,2,5,Website,Yes,Search,1444
GZ000411,19,Male,Northeast,White,Some college,Part-time,40160,TikTok,3.3,3,5,2,4,Mobile app,No,Friends/word-of-mouth,953
GZ000412,20,Female,South,White,Some college,Part-time,23470,Instagram,5.9,3,5,2,3,Mobile app,No,Ads,462
GZ000413,21,Male,West,White,High school,Gig/freelance,39852,Reddit,9.9,3,4,2,2,In-store,No,Ads,618
GZ000414,19,Male,Northeast,Asian,Bachelor's,Student,13325,TikTok,7.5,3,2,1,3,Social commerce,No,Social media,343
GZ000415,18,Female,Northeast,White,Some college,Part-time,13487,Instagram,9.1,5,5,3,5,Website,No,Friends/word-of-mouth,209
GZ000416,25,Female,Northeast,Asian,High school,Student,10175,Instagram,5.2,3,5,3,4,Mobile app,No,Friends/word-of-mouth,195
GZ000417,28,Female,Northeast,White,Bachelor's,Gig/freelance,14809,Snapchat,3.2,2,5,2,2,Social commerce,Yes,Influencer,170
GZ000418,19,Male,South,Black,High school,Full-time,66379,Reddit,5.1,4,4,2,4,Website,No,Social media,1372
GZ000419,21,Female,Northeast,White,Some college,Student,4605,TikTok,5.8,3,4,3,5,In-store,No,Social media,83
GZ000420,23,Male,West,Hispanic,High school,Full-time,55248,YouTube,6.0,3,2,2,5,Mobile app,Yes,Social media,1471
GZ000421,28,Prefer not to say,Midwest,Hispanic,Graduate,Full-time,63389,Instagram,5.6,4,5,1,5,Social commerce,Yes,Social media,928
GZ000422,25,Female,West,Asian,High school,Student,7008,YouTube,7.2,3,5,2,4,Mobile app,No,Friends/word-of-mouth,102
GZ000423,26,Female,Midwest,White,Bachelor's,Gig/freelance,17564,TikTok,4.6,3,4,4,2,In-store,Yes,Friends/word-of-mouth,191
GZ000424,24,Male,West,White,Bachelor's,Gig/freelance,24014,TikTok,4.1,4,5,2,3,Website,Yes,Search,441
GZ000425,22,Female,Northeast,Asian,Some college,Part-time,10771,Instagram,3.6,3,3,2,5,Mobile app,Yes,Search,261
GZ000426,20,Male,South,White,High school,Full-time,44955,TikTok,6.4,3,4,2,3,Mobile app,No,Search,980
GZ000427,27,Male,South,Hispanic,High school,Full-time,24669,YouTube,6.2,1,4,1,2,In-store,No,Social media,251
GZ000428,26,Male,West,White,Bachelor's,Full-time,26037,TikTok,8.2,4,5,1,4,Website,No,Social media,379
GZ000429,18,Female,South,White,Some college,Part-time,22429,X,9.1,5,5,2,4,Website,Yes,Social media,338
GZ000430,25,Male,Midwest,Hispanic,Some college,Part-time,23002,Reddit,3.6,4,4,1,3,Mobile app,Yes,Social media,479
GZ000431,18,Male,South,Hispanic,High school,Student,7811,YouTube,6.0,3,4,2,4,Mobile app,No,Friends/word-of-mouth,193
GZ000432,26,Female,West,Hispanic,Bachelor's,Full-time,10882,Reddit,5.6,4,5,3,3,Mobile app,Yes,Search,315
GZ000433,27,Male,South,White,Bachelor's,Full-time,64129,Other,2.9,4,4,3,3,Mobile app,Yes,Search,875
GZ000434,19,Male,South,Hispanic,Bachelor's,Full-time,33525,Snapchat,4.9,3,5,2,2,Website,Yes,Friends/word-of-mouth,414
GZ000435,22,Male,Midwest,Two+/Other,Some college,Student,17352,YouTube,9.1,5,4,1,2,Mobile app,No,Search,297
GZ000436,19,Female,South,White,Some college,Full-time,39497,Instagram,4.7,4,4,2,5,In-store,No,Social media,885
GZ000437,24,Female,South,White,Some college,Full-time,44566,Snapchat,4.4,3,3,3,1,In-store,No,Friends/word-of-mouth,1038
GZ000438,28,Female,South,White,High school,Part-time,14502,YouTube,5.9,5,5,3,3,Website,Yes,Social media,371
GZ000439,18,Female,South,Black,High school,Full-time,46600,Instagram,7.8,2,4,2,3,Mobile app,Yes,Social media,691
GZ000440,22,Female,Midwest,White,High school,Part-time,46160,Instagram,5.4,3,5,2,4,In-store,Yes,Ads,1193
GZ000441,28,Non-binary,South,Hispanic,High school,Gig/freelance,21917,TikTok,6.3,4,4,2,1,Social commerce,Yes,Influencer,488
GZ000442,21,Female,South,White,High school,Full-time,66122,Snapchat,1.4,4,5,2,3,In-store,No,Search,577
GZ000443,19,Male,Midwest,Hispanic,High school,Full-time,43712,Reddit,7.1,5,3,1,3,In-store,No,Social media,1250
GZ000444,23,Female,West,Black,Some college,Full-time,64184,TikTok,6.4,1,4,3,4,Mobile app,Yes,Search,873
GZ000445,23,Female,West,Hispanic,Bachelor's,Full-time,5487,TikTok,7.8,5,4,2,3,Website,Yes,Search,54
GZ000446,25,Female,South,White,Some college,Gig/freelance,48755,Other,2.3,2,4,1,2,Mobile app,No,Social media,856
GZ000447,21,Female,Northeast,White,High school,Student,10381,TikTok,5.4,4,3,2,3,Mobile app,No,Social media,202
GZ000448,28,Male,West,Hispanic,Some college,Part-time,15831,YouTube,7.9,4,3,2,3,Website,Yes,Search,286
GZ000449,23,Male,South,White,Some college,Student,12658,Instagram,4.9,5,4,1,4,Mobile app,Yes,Influencer,307
GZ000450,21,Male,Northeast,Black,Some college,Full-time,44719,Instagram,6.1,3,4,2,3,In-store,No,Social media,481
GZ000451,28,Female,Midwest,White,Bachelor's,Part-time,8702,TikTok,5.2,5,4,3,5,Social commerce,No,Influencer,219
GZ000452,28,Male,West,White,Bachelor's,Full-time,0,TikTok,5.2,3,4,2,3,Website,No,Social media,0
GZ000453,23,Female,Northeast,White,Bachelor's,Gig/freelance,47364,Instagram,8.3,4,3,2,3,Mobile app,No,Social media,470
GZ000454,18,Male,South,Hispanic,High school,Student,8097,Instagram,3.2,4,5,3,3,Mobile app,Yes,Influencer,231
GZ000455,24,Male,Northeast,Asian,Some college,Full-time,30415,Snapchat,5.9,5,5,3,3,Website,No,Social media,820
GZ000456,24,Female,Midwest,White,Some college,Student,6832,Other,6.5,5,5,3,4,Website,No,Friends/word-of-mouth,102
GZ000457,19,Female,South,White,Some college,Full-time,69678,Snapchat,7.9,4,4,2,3,Website,Yes,Search,1313
GZ000458,24,Female,South,White,High school,Full-time,32736,Instagram,5.8,4,3,2,3,Social commerce,No,Social media,438
GZ000459,27,Female,South,Two+/Other,Some college,Full-time,54178,Instagram,7.9,5,4,2,4,Social commerce,Yes,Friends/word-of-mouth,1024
GZ000460,19,Male,Northeast,Black,Some college,Full-time,35675,TikTok,5.9,4,4,3,2,In-store,No,Social media,482
GZ000461,25,Male,South,White,Some college,Full-time,18284,YouTube,6.2,3,4,5,4,Mobile app,Yes,Friends/word-of-mouth,293
GZ000462,19,Male,South,Hispanic,Bachelor's,Gig/freelance,36545,Instagram,6.2,4,3,2,3,Mobile app,Yes,Search,512
GZ000463,26,Female,Midwest,Black,Some college,Full-time,62846,Snapchat,7.3,4,2,3,2,Mobile app,Yes,Friends/word-of-mouth,1110
GZ000464,22,Male,Midwest,Black,High school,Part-time,12497,YouTube,7.1,3,3,5,2,In-store,No,Social media,121
GZ000465,18,Female,South,White,High school,Full-time,41286,TikTok,3.8,3,4,4,2,In-store,Yes,Search,803
GZ000466,28,Male,Midwest,Hispanic,Some college,Full-time,43833,Instagram,6.4,4,4,2,3,In-store,No,Search,566
GZ000467,19,Female,West,Hispanic,Bachelor's,Full-time,50412,YouTube,7.1,4,4,3,3,In-store,No,Influencer,597
GZ000468,24,Female,Northeast,White,Some college,Full-time,79257,Snapchat,8.9,3,4,2,3,Mobile app,No,Influencer,1237
GZ000469,19,Male,South,White,High school,Part-time,15376,Instagram,4.0,3,4,2,2,In-store,Yes,Search,361
GZ000470,28,Female,South,White,Some college,Full-time,35762,YouTube,7.1,5,5,3,3,Mobile app,No,Social media,563
GZ000471,26,Female,Midwest,White,High school,Full-time,38686,TikTok,5.3,5,4,3,2,In-store,No,Search,930
GZ000472,26,Male,South,White,Some college,Student,5184,Reddit,6.4,4,2,3,2,Mobile app,No,Friends/word-of-mouth,148
GZ000473,22,Female,West,Black,Bachelor's,Unemployed,900,Instagram,3.9,4,3,2,4,Website,No,Social media,25
GZ000474,23,Male,South,Black,High school,Full-time,44528,Snapchat,6.0,3,5,2,3,Social commerce,No,Ads,576
GZ000475,24,Male,Midwest,White,Bachelor's,Student,11135,Instagram,6.6,4,5,1,4,Mobile app,No,Search,308
GZ000476,26,Male,Northeast,White,Bachelor's,Student,9009,X,4.1,4,5,2,5,Social commerce,Yes,Search,237
GZ000477,27,Male,Northeast,Hispanic,High school,Student,8746,YouTube,8.9,5,5,3,3,Mobile app,No,Search,78
GZ000478,18,Male,Northeast,White,Bachelor's,Student,5360,TikTok,2.9,2,5,3,4,In-store,No,Influencer,153
GZ000479,25,Male,Northeast,White,High school,Part-time,20044,Instagram,7.1,3,4,1,4,Website,Yes,Social media,566
GZ000480,19,Male,West,Black,High school,Unemployed,4305,TikTok,1.1,2,5,2,3,Mobile app,No,Social media,102
GZ000481,21,Male,West,White,Bachelor's,Full-time,50975,Snapchat,5.5,5,5,2,3,In-store,No,Friends/word-of-mouth,1065
GZ000482,27,Female,Northeast,White,Bachelor's,Part-time,20621,Snapchat,7.0,4,5,2,3,Mobile app,Yes,Social media,597
GZ000483,20,Female,Northeast,Hispanic,Bachelor's,Student,10594,Instagram,7.4,3,3,4,4,Website,No,Social media,131
GZ000484,26,Male,Northeast,Hispanic,Bachelor's,Gig/freelance,41429,TikTok,5.8,3,4,4,4,Mobile app,Yes,Social media,1013
GZ000485,23,Female,Midwest,White,Bachelor's,Part-time,22634,Snapchat,5.5,3,3,3,2,Mobile app,Yes,Friends/word-of-mouth,615
GZ000486,20,Female,South,Hispanic,High school,Unemployed,4865,Snapchat,7.1,2,5,2,2,Mobile app,No,Influencer,91
GZ000487,21,Female,Northeast,Asian,High school,Student,1942,Instagram,7.9,5,4,2,3,Website,No,Friends/word-of-mouth,28
GZ000488,23,Male,Northeast,White,High school,Student,13266,YouTube,8.8,4,4,4,3,Mobile app,No,Social media,233
GZ000489,26,Female,Midwest,Hispanic,Some college,Gig/freelance,22515,TikTok,3.4,5,5,4,3,Mobile app,No,Social media,643
GZ000490,24,Male,Northeast,White,Some college,Student,9320,Instagram,5.6,2,3,4,4,Mobile app,No,Influencer,221
GZ000491,28,Male,West,White,Some college,Part-time,7689,X,1.6,4,5,3,5,Mobile app,Yes,Search,151
GZ000492,27,Male,Northeast,White,High school,Student,17463,YouTube,3.3,2,3,2,3,Mobile app,No,Social media,185
GZ000493,26,Female,South,White,Bachelor's,Full-time,0,TikTok,4.6,5,4,3,3,Website,No,Search,0
GZ000494,24,Male,Northeast,White,High school,Unemployed,6678,Instagram,7.7,2,3,3,4,In-store,No,Friends/word-of-mouth,92
GZ000495,21,Male,South,Black,High school,Gig/freelance,30974,Instagram,5.0,5,4,2,3,Mobile app,No,Friends/word-of-mouth,896
GZ000496,22,Female,South,White,Some college,Student,1283,TikTok,5.4,4,4,2,2,Mobile app,Yes,Social media,24
GZ000497,19,Male,South,Black,Some college,Full-time,80487,Other,6.6,4,3,5,3,Social commerce,No,Search,1700
GZ000498,22,Female,West,White,Bachelor's,Full-time,51710,TikTok,4.7,4,2,2,3,Social commerce,No,Social media,1507
GZ000499,28,Non-binary,South,Black,Some college,Full-time,0,TikTok,2.0,3,4,3,4,Social commerce,Yes,Influencer,0
GZ000500,22,Female,Northeast,Hispanic,Bachelor's,Full-time,34015,Snapchat,4.5,4,5,2,4,Website,Yes,Friends/word-of-mouth,628
GZ000501,19,Male,West,White,High school,Student,11164,TikTok,5.8,5,5,2,2,Mobile app,Yes,Influencer,221
GZ000502,25,Male,Northeast,Hispanic,High school,Gig/freelance,46044,Instagram,6.9,4,5,1,3,Mobile app,No,Social media,1251
GZ000503,28,Female,South,Black,High school,Student,7342,YouTube,5.6,4,4,1,4,Mobile app,No,Social media,204
GZ000504,27,Male,South,White,High school,Part-time,0,TikTok,6.9,5,4,3,3,Mobile app,Yes,Search,0
GZ000505,21,Female,Midwest,White,Some college,Unemployed,6626,Instagram,7.8,4,4,3,4,Mobile app,No,Social media,103
GZ000506,22,Male,Midwest,Hispanic,Graduate,Gig/freelance,31828,Instagram,8.2,3,5,4,3,Mobile app,No,Social media,783
GZ000507,23,Male,West,Hispanic,Bachelor's,Student,0,X,6.3,4,5,2,3,Mobile app,No,Friends/word-of-mouth,0
GZ000508,20,Female,Midwest,White,High school,Part-time,20775,Reddit,3.7,3,4,2,3,Social commerce,Yes,Social media,345
GZ000509,20,Female,Northeast,Hispanic,High school,Student,10816,TikTok,3.5,3,4,2,4,Mobile app,Yes,Social media,94
GZ000510,20,Male,West,White,High school,Part-time,15369,Instagram,3.7,4,4,1,2,Mobile app,No,Influencer,396
GZ000511,28,Female,Northeast,White,High school,Full-time,26364,YouTube,3.9,3,4,3,3,Mobile app,No,Social media,246
GZ000512,26,Male,Midwest,Hispanic,High school,Student,6530,TikTok,6.2,4,3,2,4,Website,Yes,Influencer,128
GZ000513,27,Male,Midwest,Two+/Other,Bachelor's,Student,7682,TikTok,9.8,4,4,1,3,Mobile app,Yes,Search,223
GZ000514,26,Male,South,White,Bachelor's,Part-time,20873,YouTube,6.4,5,3,3,3,Website,Yes,Search,315
GZ000515,28,Female,South,White,High school,Unemployed,5419,Instagram,5.8,4,5,2,4,Website,No,Social media,135
GZ000516,19,Male,South,White,Some college,Gig/freelance,870,Reddit,7.9,2,5,3,4,Social commerce,Yes,Search,9
GZ000517,27,Male,Midwest,Hispanic,High school,Student,10036,TikTok,4.3,2,4,3,4,Mobile app,Yes,Influencer,110
GZ000518,18,Female,Midwest,White,High school,Full-time,51222,TikTok,8.1,5,5,3,5,Mobile app,No,Friends/word-of-mouth,668
GZ000519,23,Female,South,White,Bachelor's,Full-time,45196,Reddit,7.9,3,4,1,2,In-store,Yes,Social media,1131
GZ000520,24,Female,Midwest,White,High school,Student,7360,Reddit,6.1,2,3,4,3,Website,No,Social media,157
GZ000521,21,Female,South,Black,Some college,Gig/freelance,42611,Instagram,10.2,3,5,2,3,Website,Yes,Social media,1093
GZ000522,19,Male,South,White,Some college,Part-time,28889,YouTube,8.2,4,3,1,4,Website,Yes,Friends/word-of-mouth,412
GZ000523,20,Female,Northeast,Hispanic,High school,Full-time,35078,Snapchat,6.1,4,5,3,4,In-store,Yes,Search,420
GZ000524,27,Male,West,White,Bachelor's,Full-time,40429,TikTok,5.7,4,4,3,1,Mobile app,Yes,Search,797
GZ000525,21,Female,South,White,Some college,Full-time,56587,YouTube,5.1,4,4,1,2,Social commerce,No,Influencer,512
GZ000526,21,Female,West,White,Bachelor's,Student,14194,YouTube,5.7,3,3,2,1,Mobile app,Yes,Search,262
GZ000527,28,Female,West,White,High school,Part-time,11394,Instagram,5.8,2,3,3,2,Mobile app,No,Search,322
GZ000528,19,Male,Midwest,White,High school,Full-time,22226,X,5.4,3,5,4,3,Mobile app,Yes,Social media,485
GZ000529,28,Male,Northeast,White,Bachelor's,Part-time,20220,X,5.6,4,4,3,5,In-store,No,Friends/word-of-mouth,381
GZ000530,28,Female,West,White,Some college,Gig/freelance,12854,Instagram,3.6,3,4,3,2,Website,No,Search,159
GZ000531,24,Male,West,White,Graduate,Part-time,2245,TikTok,4.9,5,4,3,5,Mobile app,No,Ads,40
GZ000532,19,Female,South,White,Bachelor's,Full-time,26494,Reddit,2.8,3,4,2,4,Social commerce,No,Social media,524
GZ000533,19,Female,West,White,High school,Student,10689,Instagram,6.8,2,4,1,4,Social commerce,Yes,Social media,200
GZ000534,21,Female,South,White,Bachelor's,Unemployed,6796,TikTok,6.2,4,5,2,4,Website,No,Social media,133
GZ000535,24,Non-binary,South,White,Some college,Full-time,28604,YouTube,5.8,4,4,3,2,Mobile app,No,Friends/word-of-mouth,814
GZ000536,19,Male,Northeast,Hispanic,High school,Full-time,39651,YouTube,7.8,5,4,3,3,Website,Yes,Search,490
GZ000537,23,Male,West,Asian,Graduate,Student,9629,TikTok,4.3,2,3,3,2,Website,Yes,Social media,160
GZ000538,19,Female,West,Hispanic,Some college,Full-time,29741,TikTok,4.6,5,3,2,4,Mobile app,Yes,Social media,339
GZ000539,23,Female,South,White,High school,Gig/freelance,17492,Reddit,3.0,4,4,4,2,Mobile app,No,Social media,295
GZ000540,18,Male,Northeast,Two+/Other,Some college,Student,10356,X,8.0,3,4,2,3,Website,No,Social media,106
GZ000541,25,Female,South,Two+/Other,High school,Full-time,19368,Instagram,7.2,4,2,3,3,Social commerce,Yes,Social media,304
GZ000542,18,Male,West,White,Bachelor's,Gig/freelance,17021,TikTok,8.7,5,5,1,5,Mobile app,Yes,Search,279
GZ000543,20,Male,Northeast,White,Some college,Student,8179,Instagram,9.2,2,4,2,3,Mobile app,Yes,Influencer,192
GZ000544,19,Female,West,Hispanic,High school,Part-time,20611,Instagram,5.2,3,3,3,2,Social commerce,Yes,Search,564
GZ000545,27,Male,Northeast,Two+/Other,Bachelor's,Full-time,13361,TikTok,4.6,3,3,1,4,Website,Yes,Friends/word-of-mouth,252
GZ000546,18,Non-binary,South,Black,High school,Student,8470,YouTube,2.4,4,3,2,3,Website,No,Search,207
GZ000547,22,Female,Midwest,Hispanic,High school,Gig/freelance,10896,TikTok,3.8,5,3,3,5,Mobile app,Yes,Social media,182
GZ000548,24,Male,Northeast,Hispanic,Some college,Full-time,29068,Snapchat,5.4,4,4,4,4,Social commerce,Yes,Ads,413
GZ000549,23,Male,West,Two+/Other,Bachelor's,Part-time,24387,Snapchat,1.9,3,4,3,4,In-store,No,Social media,279
GZ000550,25,Female,Midwest,White,Some college,Unemployed,3867,Snapchat,3.8,4,5,4,4,Mobile app,Yes,Ads,63
GZ000551,26,Male,West,White,Some college,Part-time,31519,TikTok,5.8,3,4,3,4,Mobile app,No,Influencer,760
GZ000552,22,Female,Midwest,Black,Graduate,Full-time,40635,YouTube,7.8,2,5,3,4,Website,Yes,Social media,846
GZ000553,27,Male,Northeast,White,Bachelor's,Full-time,60295,Instagram,4.6,4,4,1,4,Mobile app,No,Social media,776
GZ000554,21,Male,Midwest,White,High school,Student,12218,Instagram,6.3,5,3,1,3,Mobile app,No,Social media,292
GZ000555,28,Male,Northeast,White,Some college,Student,8946,YouTube,9.7,5,5,4,2,In-store,No,Search,91
GZ000556,23,Male,West,White,Some college,Full-time,17134,Snapchat,2.4,3,4,2,3,Social commerce,Yes,Search,198
GZ000557,26,Male,West,White,Some college,Full-time,40013,Snapchat,8.2,4,2,2,1,Website,Yes,Influencer,484
GZ000558,27,Female,South,Hispanic,Some college,Student,6842,TikTok,6.8,5,4,1,3,Mobile app,Yes,Ads,154
GZ000559,26,Female,Midwest,White,High school,Student,6685,YouTube,8.5,5,2,3,3,Mobile app,No,Search,95
GZ000560,27,Female,Northeast,Hispanic,Bachelor's,Full-time,44945,TikTok,7.9,4,4,1,5,In-store,No,Social media,1200
GZ000561,23,Male,Midwest,White,Some college,Part-time,6258,YouTube,4.7,5,4,1,3,Mobile app,Yes,Ads,64
GZ000562,18,Female,South,Asian,High school,Student,5460,Instagram,6.0,3,5,3,5,In-store,Yes,Search,152
GZ000563,23,Female,West,Hispanic,Bachelor's,Full-time,22871,Snapchat,3.1,3,5,1,4,Social commerce,Yes,Search,192
GZ000564,19,Male,Midwest,Two+/Other,High school,Full-time,37195,X,5.0,5,4,4,2,Mobile app,Yes,Search,1020
GZ000565,27,Female,Northeast,White,High school,Unemployed,2617,TikTok,6.1,2,4,1,4,In-store,No,Friends/word-of-mouth,28
GZ000566,20,Female,South,White,Some college,Gig/freelance,17781,Reddit,6.6,4,5,2,4,Mobile app,No,Search,156
GZ000567,20,Female,South,Black,High school,Full-time,44560,YouTube,7.6,5,3,2,2,Mobile app,No,Social media,620
GZ000568,20,Female,West,Black,Some college,Gig/freelance,20785,Instagram,9.2,4,4,1,4,Website,Yes,Search,318
GZ000569,25,Male,South,White,High school,Student,9019,Instagram,5.1,4,5,2,5,In-store,No,Search,213
GZ000570,24,Female,Northeast,Hispanic,Bachelor's,Unemployed,1991,TikTok,8.3,4,3,1,1,Mobile app,No,Search,53
GZ000571,28,Female,West,Hispanic,Bachelor's,Unemployed,2508,TikTok,6.5,3,4,1,2,In-store,No,Social media,41
GZ000572,22,Male,West,White,Graduate,Student,17265,TikTok,3.4,5,4,4,4,In-store,No,Social media,234
GZ000573,21,Male,South,Hispanic,High school,Part-time,12351,YouTube,5.7,5,5,1,3,Mobile app,No,Social media,175
GZ000574,18,Male,West,White,High school,Full-time,2188,TikTok,6.2,5,3,1,5,In-store,No,Search,58
GZ000575,18,Male,Northeast,White,Some college,Part-time,20771,Instagram,4.3,4,4,1,4,In-store,Yes,Friends/word-of-mouth,196
GZ000576,22,Male,West,Black,Graduate,Part-time,12265,Reddit,3.9,3,5,3,4,Social commerce,Yes,Social media,213
GZ000577,28,Female,South,White,Bachelor's,Student,9987,YouTube,3.9,5,5,1,4,In-store,No,Search,129
GZ000578,23,Male,South,Black,Graduate,Full-time,40307,TikTok,4.9,3,4,2,2,In-store,No,Search,635
GZ000579,27,Male,Northeast,Hispanic,Some college,Gig/freelance,32433,YouTube,4.3,4,4,4,3,Mobile app,No,Search,446
GZ000580,19,Female,Northeast,Two+/Other,Bachelor's,Unemployed,3820,TikTok,8.5,4,4,2,5,Website,No,Friends/word-of-mouth,93
GZ000581,19,Female,South,White,Some college,Full-time,37718,Snapchat,1.1,4,4,3,3,Mobile app,Yes,Influencer,512
GZ000582,27,Female,West,White,Some college,Student,13649,TikTok,6.2,5,5,2,4,In-store,No,Social media,369
GZ000583,19,Male,South,White,Bachelor's,Gig/freelance,47,TikTok,7.1,2,5,2,3,In-store,No,Friends/word-of-mouth,1
GZ000584,18,Male,West,Hispanic,Some college,Student,3631,X,4.1,4,3,2,3,Website,Yes,Social media,52
GZ000585,22,Male,South,White,High school,Unemployed,2514,TikTok,5.5,5,2,3,2,Mobile app,Yes,Search,24
GZ000586,28,Female,Midwest,Hispanic,Some college,Part-time,4287,TikTok,5.3,5,3,4,4,Mobile app,No,Influencer,51
GZ000587,25,Female,Northeast,White,Graduate,Full-time,32939,TikTok,5.8,4,2,2,5,Mobile app,No,Influencer,631
GZ000588,19,Female,South,White,Some college,Part-time,13317,Instagram,7.3,4,5,2,4,Website,Yes,Social media,340
GZ000589,27,Male,West,Black,Bachelor's,Part-time,25895,Snapchat,7.1,4,3,2,4,Mobile app,No,Influencer,422
GZ000590,27,Male,South,Black,High school,Full-time,40331,TikTok,4.8,5,4,3,2,Mobile app,Yes,Search,672
GZ000591,26,Male,South,White,Bachelor's,Student,8137,TikTok,3.0,5,3,2,3,Mobile app,Yes,Friends/word-of-mouth,222
GZ000592,27,Male,South,Hispanic,Some college,Student,7461,Reddit,6.3,3,2,3,3,Social commerce,Yes,Search,128
GZ000593,20,Male,South,White,High school,Part-time,9478,TikTok,4.7,4,5,3,2,Mobile app,No,Search,112
GZ000594,28,Male,Northeast,Black,Some college,Part-time,25215,TikTok,4.9,4,3,4,4,Social commerce,No,Social media,306
GZ000595,21,Female,South,White,High school,Part-time,27801,TikTok,6.4,4,5,3,3,Mobile app,No,Influencer,724
GZ000596,26,Female,Northeast,Hispanic,Bachelor's,Part-time,8181,Reddit,5.1,4,5,1,3,Website,Yes,Social media,149
GZ000597,24,Female,South,White,Bachelor's,Part-time,31122,Instagram,6.6,4,4,1,4,Website,No,Social media,767
GZ000598,26,Female,West,White,Some college,Full-time,29318,YouTube,11.0,4,2,2,5,Mobile app,No,Social media,593
GZ000599,24,Female,West,Black,Some college,Gig/freelance,17195,YouTube,7.4,3,4,2,5,Mobile app,No,Social media,218
GZ000600,25,Female,Northeast,White,Some college,Unemployed,4851,Instagram,8.7,3,5,2,3,Social commerce,No,Social media,65
GZ000601,24,Male,South,White,High school,Part-time,22552,Snapchat,7.0,3,4,1,4,Social commerce,No,Social media,252
GZ000602,26,Female,South,White,Bachelor's,Student,8711,Reddit,6.2,4,4,2,4,In-store,No,Search,90
GZ000603,26,Male,Midwest,White,Bachelor's,Unemployed,3376,YouTube,7.1,3,3,2,4,Mobile app,Yes,Influencer,71
GZ000604,19,Male,Midwest,Hispanic,High school,Full-time,64157,Snapchat,7.0,5,5,2,3,Mobile app,No,Social media,1591
GZ000605,27,Male,Midwest,White,High school,Full-time,30219,TikTok,7.7,3,4,2,5,Mobile app,No,Friends/word-of-mouth,683
GZ000606,23,Male,South,Hispanic,Some college,Full-time,40700,Instagram,6.1,2,4,2,3,Social commerce,No,Search,1105
GZ000607,21,Female,South,Black,High school,Part-time,31719,YouTube,3.4,5,5,3,2,In-store,No,Search,863
GZ000608,23,Male,Northeast,White,High school,Full-time,16729,TikTok,3.1,3,5,2,4,Website,Yes,Social media,469
GZ000609,28,Female,West,Black,High school,Student,7142,TikTok,6.9,5,4,2,3,Website,Yes,Influencer,174
GZ000610,27,Male,West,White,High school,Part-time,26303,TikTok,3.7,4,2,2,5,In-store,Yes,Search,481
GZ000611,27,Female,South,White,Some college,Full-time,51979,TikTok,7.4,3,3,1,3,Mobile app,Yes,Social media,809
GZ000612,23,Female,South,White,Some college,Part-time,25241,Snapchat,8.7,4,3,4,4,Mobile app,No,Social media,251
GZ000613,26,Male,Northeast,White,Bachelor's,Full-time,16997,TikTok,5.6,3,4,4,4,Mobile app,No,Friends/word-of-mouth,473
GZ000614,22,Male,Midwest,White,Some college,Part-time,20601,YouTube,8.4,4,5,4,2,Social commerce,No,Friends/word-of-mouth,294
GZ000615,25,Female,South,White,High school,Full-time,36609,TikTok,6.5,3,5,1,4,Website,No,Friends/word-of-mouth,422
GZ000616,25,Male,Northeast,Black,Graduate,Full-time,84948,YouTube,6.1,4,4,2,3,Mobile app,No,Social media,858
GZ000617,20,Female,West,Hispanic,High school,Full-time,57297,TikTok,6.1,4,5,3,5,Social commerce,No,Social media,769
GZ000618,20,Male,South,Asian,High school,Student,8909,TikTok,4.3,5,2,2,3,Social commerce,Yes,Search,232
GZ000619,18,Female,West,Hispanic,High school,Full-time,47403,Instagram,4.1,3,4,2,2,Website,No,Search,1332
GZ000620,19,Female,Midwest,Hispanic,Some college,Student,9219,TikTok,2.7,3,3,1,1,Social commerce,Yes,Search,124
GZ000621,22,Female,South,White,Graduate,Gig/freelance,34178,Instagram,4.5,3,3,2,3,Mobile app,Yes,Search,882
GZ000622,23,Female,West,Hispanic,Some college,Part-time,11063,YouTube,10.3,4,5,1,4,In-store,Yes,Friends/word-of-mouth,227
GZ000623,19,Female,Midwest,White,Some college,Full-time,67802,X,3.0,2,4,1,2,In-store,No,Search,973
GZ000624,22,Female,South,Asian,Bachelor's,Student,3634,YouTube,3.6,5,2,3,4,Website,Yes,Social media,52
GZ000625,24,Female,Northeast,Asian,Bachelor's,Full-time,45875,Instagram,4.4,4,5,3,4,Mobile app,No,Social media,763
GZ000626,20,Female,South,White,Some college,Gig/freelance,16355,Instagram,4.5,4,5,1,2,Mobile app,Yes,Search,185
GZ000627,21,Male,West,Hispanic,High school,Student,9173,Instagram,6.5,4,4,3,3,In-store,No,Social media,200
GZ000628,22,Female,Midwest,Hispanic,Some college,Part-time,26002,Instagram,4.8,3,4,2,2,Mobile app,No,Social media,234
GZ000629,23,Male,West,Hispanic,High school,Full-time,9636,Instagram,5.6,3,3,3,4,Mobile app,Yes,Social media,259
GZ000630,22,Male,West,White,Some college,Student,8313,Instagram,4.3,3,3,3,2,Social commerce,No,Search,200
GZ000631,26,Female,Midwest,Hispanic,Bachelor's,Student,3168,Snapchat,5.0,2,5,2,4,In-store,No,Social media,49
GZ000632,21,Male,Northeast,Black,High school,Full-time,36719,Instagram,5.9,4,3,3,3,Mobile app,Yes,Social media,684
GZ000633,22,Female,Midwest,White,Bachelor's,Student,3158,TikTok,5.7,4,5,3,3,Mobile app,Yes,Social media,53
GZ000634,22,Female,Midwest,Hispanic,Bachelor's,Full-time,45057,YouTube,10.0,2,5,3,4,Mobile app,No,Search,1269
GZ000635,20,Male,South,White,Bachelor's,Gig/freelance,21013,Snapchat,5.9,3,4,3,3,Website,Yes,Friends/word-of-mouth,389
GZ000636,25,Male,West,Asian,Some college,Gig/freelance,34741,Snapchat,5.6,4,5,4,5,In-store,No,Search,975
GZ000637,20,Male,West,White,High school,Full-time,65219,TikTok,1.0,5,5,3,3,Website,No,Ads,1604
GZ000638,21,Female,South,White,Bachelor's,Full-time,42201,YouTube,6.5,2,4,2,2,Social commerce,No,Search,1033
GZ000639,26,Male,Midwest,White,High school,Part-time,25238,Other,2.0,5,3,2,5,Mobile app,Yes,Social media,583
GZ000640,28,Female,South,Black,High school,Gig/freelance,42174,TikTok,7.1,3,4,1,4,Social commerce,Yes,Influencer,945
GZ000641,25,Female,South,Hispanic,Bachelor's,Full-time,24572,Instagram,6.3,2,4,4,3,In-store,No,Search,407
GZ000642,28,Female,South,White,Some college,Full-time,69121,TikTok,7.6,5,3,1,5,In-store,No,Social media,722
GZ000643,27,Prefer not to say,South,White,Some college,Student,8850,Snapchat,4.7,3,3,5,2,Website,No,Search,166
GZ000644,23,Female,South,Hispanic,Some college,Full-time,23508,TikTok,6.1,5,4,2,3,Social commerce,No,Social media,579
GZ000645,26,Male,West,White,Bachelor's,Full-time,47640,YouTube,7.4,3,5,2,2,Mobile app,Yes,Influencer,519
GZ000646,21,Male,West,White,High school,Student,8708,TikTok,4.1,3,5,2,3,Website,No,Influencer,158
GZ000647,23,Male,South,Two+/Other,Some college,Part-time,6603,TikTok,7.2,2,4,2,2,Mobile app,Yes,Influencer,89
GZ000648,23,Male,South,White,Bachelor's,Student,4540,TikTok,7.1,5,5,2,3,Mobile app,Yes,Search,80
GZ000649,28,Male,Midwest,Hispanic,Bachelor's,Full-time,72945,TikTok,5.7,5,2,3,3,In-store,No,Social media,916
GZ000650,27,Female,South,White,Some college,Part-time,20256,Snapchat,9.2,3,5,2,3,Website,Yes,Social media,454
GZ000651,23,Female,West,Hispanic,High school,Student,15001,TikTok,7.0,4,3,2,1,Mobile app,Yes,Friends/word-of-mouth,326
GZ000652,25,Male,West,Black,Graduate,Part-time,14625,TikTok,2.7,4,4,3,4,Social commerce,Yes,Social media,252
GZ000653,20,Female,West,White,High school,Unemployed,2557,Snapchat,8.0,3,4,2,3,Mobile app,Yes,Social media,34
GZ000654,26,Female,Northeast,Hispanic,Bachelor's,Full-time,10185,Instagram,4.7,5,4,2,5,In-store,Yes,Social media,144
GZ000655,24,Female,Midwest,Asian,Bachelor's,Part-time,25840,YouTube,7.6,4,3,4,3,In-store,Yes,Ads,321
GZ000656,23,Female,Northeast,Black,Bachelor's,Gig/freelance,30804,TikTok,6.6,3,3,2,3,In-store,Yes,Influencer,876
GZ000657,26,Female,Northeast,White,High school,Full-time,34297,Reddit,0.7,2,3,2,4,Website,No,Friends/word-of-mouth,450
GZ000658,24,Female,South,White,Some college,Unemployed,2573,Instagram,7.2,2,3,1,2,Mobile app,No,Friends/word-of-mouth,44
GZ000659,18,Male,South,Black,Bachelor's,Part-time,27127,TikTok,5.6,4,5,2,5,Mobile app,Yes,Influencer,509
GZ000660,21,Female,South,White,High school,Full-time,38649,YouTube,5.1,4,4,3,2,Website,No,Social media,862
GZ000661,19,Non-binary,West,White,Some college,Full-time,38852,Instagram,5.2,5,3,2,3,Mobile app,No,Search,931
GZ000662,26,Male,West,White,Some college,Full-time,30645,Instagram,7.6,3,5,1,4,Website,No,Search,501
GZ000663,18,Female,South,Black,Bachelor's,Unemployed,3266,Instagram,4.2,2,4,3,4,Mobile app,Yes,Social media,62
GZ000664,20,Male,South,White,Some college,Unemployed,4990,Instagram,8.2,3,5,3,4,In-store,No,Search,135
GZ000665,24,Male,West,White,Some college,Student,3263,YouTube,3.0,5,5,3,2,Website,Yes,Social media,35
GZ000666,25,Male,Midwest,Hispanic,High school,Full-time,43525,TikTok,6.6,3,2,1,4,In-store,Yes,Search,763
GZ000667,23,Female,Midwest,White,Some college,Part-time,25740,YouTube,7.5,4,5,4,2,Website,No,Friends/word-of-mouth,316
GZ000668,27,Female,Northeast,White,Bachelor's,Part-time,17313,TikTok,7.5,1,5,2,2,Website,Yes,Social media,160
GZ000669,28,Female,South,White,High school,Full-time,61924,YouTube,6.4,3,5,1,4,In-store,No,Social media,715
GZ000670,19,Male,West,White,Some college,Full-time,67337,TikTok,5.6,3,4,3,3,Mobile app,Yes,Influencer,910
GZ000671,28,Non-binary,Northeast,Two+/Other,Some college,Part-time,25319,Instagram,4.9,4,5,4,3,Social commerce,No,Friends/word-of-mouth,508
GZ000672,24,Male,Midwest,White,Some college,Part-time,13648,Instagram,3.6,3,4,2,4,Mobile app,No,Friends/word-of-mouth,331
GZ000673,24,Male,West,Black,Bachelor's,Student,8856,YouTube,4.6,2,4,1,3,Mobile app,No,Social media,247
GZ000674,19,Non-binary,West,White,Bachelor's,Part-time,20800,Snapchat,4.1,3,3,3,2,Mobile app,No,Friends/word-of-mouth,588
GZ000675,24,Male,South,White,Bachelor's,Full-time,33121,Instagram,3.7,3,3,1,3,Website,Yes,Social media,882
GZ000676,25,Female,Northeast,White,Bachelor's,Full-time,32491,Reddit,9.6,3,5,5,4,Mobile app,Yes,Social media,619
GZ000677,24,Male,Midwest,White,High school,Student,6718,X,2.6,3,4,1,4,Mobile app,No,Social media,115
GZ000678,18,Female,West,White,High school,Student,19301,Other,8.3,5,3,3,3,In-store,No,Social media,341
GZ000679,23,Female,West,White,Graduate,Full-time,36876,TikTok,3.5,3,5,2,5,Social commerce,No,Ads,1048
GZ000680,28,Male,West,Asian,Bachelor's,Gig/freelance,38503,TikTok,4.0,4,1,1,5,Mobile app,No,Friends/word-of-mouth,793
GZ000681,25,Male,South,White,Some college,Student,5478,YouTube,3.9,4,3,1,2,Mobile app,Yes,Social media,130
GZ000682,19,Female,Midwest,Asian,High school,Full-time,74163,TikTok,3.8,2,2,3,2,Mobile app,No,Friends/word-of-mouth,718
GZ000683,28,Male,West,White,Some college,Full-time,34845,Snapchat,7.8,3,5,3,5,In-store,No,Social media,997
GZ000684,28,Female,South,White,Bachelor's,Unemployed,4095,TikTok,7.2,4,4,2,4,Mobile app,No,Social media,78
GZ000685,19,Female,West,Hispanic,Some college,Part-time,3154,Snapchat,5.5,5,4,2,5,In-store,No,Social media,65
GZ000686,26,Female,Northeast,White,Some college,Full-time,63103,TikTok,11.4,3,4,1,3,Website,No,Search,1587
GZ000687,22,Male,South,White,High school,Part-time,28799,Reddit,6.0,4,5,3,3,Mobile app,No,Social media,290
GZ000688,24,Male,West,White,Bachelor's,Full-time,19560,YouTube,6.1,5,5,3,2,Mobile app,No,Influencer,168
GZ000689,22,Female,Midwest,White,Some college,Gig/freelance,39745,TikTok,4.6,5,5,3,4,Mobile app,Yes,Friends/word-of-mouth,1122
GZ000690,26,Female,Midwest,Hispanic,Graduate,Gig/freelance,10353,Instagram,4.4,3,4,3,3,Website,No,Influencer,132
GZ000691,28,Female,Midwest,White,Some college,Gig/freelance,33395,Instagram,4.9,4,5,3,3,In-store,No,Social media,351
GZ000692,26,Female,Northeast,Two+/Other,Some college,Student,7833,Reddit,7.7,5,3,1,4,In-store,Yes,Social media,217
GZ000693,28,Male,South,White,Some college,Student,14411,Instagram,7.1,4,4,3,3,Mobile app,No,Search,232
GZ000694,28,Male,Northeast,White,Some college,Full-time,46709,Instagram,8.6,5,2,3,4,Mobile app,No,Search,1220
GZ000695,18,Male,Northeast,White,High school,Gig/freelance,36898,TikTok,4.6,5,5,3,3,Website,No,Friends/word-of-mouth,1023
GZ000696,20,Female,West,White,High school,Full-time,65393,YouTube,7.2,4,3,2,4,Website,No,Search,812
GZ000697,25,Male,Midwest,Black,Some college,Full-time,36499,TikTok,6.6,4,5,2,2,Website,No,Social media,356
GZ000698,24,Female,South,Black,High school,Unemployed,3947,X,6.9,3,5,2,2,Website,No,Friends/word-of-mouth,36
GZ000699,18,Female,West,White,Some college,Unemployed,1999,YouTube,4.3,3,4,2,4,Mobile app,No,Influencer,28
GZ000700,19,Male,South,White,High school,Part-time,15569,Snapchat,3.9,4,4,3,5,Website,Yes,Friends/word-of-mouth,187
GZ000701,23,Male,South,Black,Some college,Part-time,33609,Snapchat,7.1,5,3,2,4,Mobile app,No,Influencer,911
GZ000702,24,Male,Northeast,White,Bachelor's,Full-time,56284,TikTok,7.7,4,5,1,3,Mobile app,No,Search,1558
GZ000703,19,Male,South,Hispanic,High school,Student,4769,TikTok,4.8,4,4,3,5,Website,Yes,Social media,83
GZ000704,19,Male,West,White,High school,Full-time,72834,TikTok,7.2,3,5,3,3,Website,Yes,Influencer,1142
GZ000705,19,Male,South,White,High school,Full-time,49352,TikTok,8.4,5,3,3,3,Website,No,Friends/word-of-mouth,830
GZ000706,24,Female,South,White,Some college,Part-time,24726,TikTok,5.3,3,3,1,3,Website,No,Search,635
GZ000707,18,Female,West,White,Some college,Gig/freelance,31739,Snapchat,3.1,3,5,2,4,In-store,Yes,Social media,360
GZ000708,24,Female,South,Black,Bachelor's,Unemployed,4755,Instagram,3.4,5,3,3,2,Website,Yes,Social media,54
GZ000709,23,Female,Midwest,Hispanic,Graduate,Unemployed,404,YouTube,4.6,5,4,2,4,Website,No,Social media,5
GZ000710,23,Female,Northeast,Asian,Bachelor's,Gig/freelance,38951,Instagram,5.1,3,1,2,2,Mobile app,Yes,Social media,797
GZ000711,25,Female,West,Hispanic,Some college,Full-time,0,TikTok,5.9,3,4,4,3,Website,No,Influencer,0
GZ000712,23,Male,Northeast,White,Some college,Full-time,61202,Instagram,6.0,3,5,1,3,Mobile app,No,Search,1772
GZ000713,26,Male,Midwest,White,Some college,Part-time,18806,TikTok,5.5,3,4,1,3,In-store,Yes,Social media,172
GZ000714,26,Male,West,White,Some college,Full-time,57790,Reddit,7.4,2,4,2,1,Mobile app,No,Social media,911
GZ000715,28,Female,South,Black,Some college,Student,9641,YouTube,4.5,3,4,2,4,In-store,Yes,Social media,142
GZ000716,26,Male,South,White,Bachelor's,Part-time,26454,TikTok,8.5,1,5,2,4,Website,No,Search,243
GZ000717,23,Female,Northeast,Asian,Some college,Gig/freelance,26188,YouTube,7.9,5,3,3,5,In-store,No,Search,650
GZ000718,23,Female,West,Hispanic,Bachelor's,Part-time,20275,Instagram,7.7,5,4,2,5,Mobile app,No,Influencer,348
GZ000719,20,Female,West,Hispanic,High school,Part-time,21278,TikTok,4.7,5,5,3,3,Website,Yes,Social media,449
GZ000720,24,Female,Midwest,Hispanic,Some college,Student,16608,TikTok,5.8,4,3,1,5,In-store,No,Influencer,294
GZ000721,19,Female,South,Hispanic,Some college,Student,11431,TikTok,7.4,3,4,2,3,Mobile app,Yes,Social media,182
GZ000722,28,Male,Midwest,Hispanic,Graduate,Full-time,17111,Snapchat,5.6,5,3,2,3,Mobile app,No,Ads,191
GZ000723,27,Male,South,Hispanic,High school,Student,6715,Snapchat,4.6,3,4,3,3,In-store,No,Friends/word-of-mouth,180
GZ000724,19,Male,Northeast,White,Some college,Student,11421,YouTube,4.5,2,4,2,4,In-store,No,Influencer,123
GZ000725,26,Female,South,Hispanic,High school,Full-time,65809,TikTok,4.6,4,3,2,4,Mobile app,Yes,Influencer,1341
GZ000726,19,Male,South,White,Some college,Part-time,12150,TikTok,3.7,4,4,2,1,Mobile app,Yes,Search,348
GZ000727,25,Male,Midwest,Hispanic,High school,Unemployed,8031,Instagram,11.7,3,4,2,2,Website,No,Search,114
GZ000728,18,Female,South,Hispanic,High school,Full-time,45318,TikTok,2.1,3,3,2,4,Mobile app,Yes,Social media,828
GZ000729,23,Male,Northeast,White,Bachelor's,Part-time,21406,YouTube,4.0,3,4,3,3,Mobile app,Yes,Social media,510
GZ000730,25,Female,Midwest,Hispanic,High school,Full-time,18298,TikTok,7.2,4,3,2,3,Mobile app,Yes,Social media,250
GZ000731,26,Female,South,White,High school,Part-time,27035,TikTok,4.6,4,2,3,4,Social commerce,No,Social media,352
GZ000732,22,Female,South,Hispanic,Bachelor's,Unemployed,3197,YouTube,5.3,5,5,4,4,Social commerce,No,Social media,34
GZ000733,28,Male,Northeast,Hispanic,Graduate,Full-time,27902,TikTok,6.8,4,5,2,4,Website,Yes,Social media,245
GZ000734,26,Female,West,Hispanic,Some college,Gig/freelance,22288,YouTube,8.1,4,2,1,5,Website,No,Friends/word-of-mouth,316
GZ000735,20,Female,Northeast,Hispanic,Some college,Gig/freelance,42178,Snapchat,5.5,2,5,4,4,Social commerce,No,Friends/word-of-mouth,948
GZ000736,25,Female,South,White,High school,Full-time,50802,YouTube,7.8,4,4,3,2,In-store,No,Influencer,502
GZ000737,26,Male,Northeast,White,Bachelor's,Student,5399,Other,2.6,3,3,3,4,Mobile app,No,Social media,131
GZ000738,21,Female,West,Hispanic,Some college,Unemployed,3045,YouTube,4.8,4,4,2,4,Mobile app,No,Ads,52
GZ000739,26,Female,Midwest,White,Bachelor's,Unemployed,6537,Snapchat,7.0,5,3,3,4,In-store,No,Social media,129
GZ000740,27,Female,South,White,Bachelor's,Student,8042,YouTube,9.9,3,5,1,5,Social commerce,Yes,Social media,119
GZ000741,26,Male,South,White,Graduate,Full-time,52591,Snapchat,4.1,2,3,4,4,Mobile app,Yes,Social media,1160
GZ000742,26,Male,Northeast,White,Some college,Full-time,57217,Instagram,3.7,3,5,3,3,Mobile app,No,Social media,1378
GZ000743,24,Male,Northeast,Two+/Other,Bachelor's,Full-time,0,Instagram,6.7,4,5,2,3,In-store,Yes,Social media,0
GZ000744,20,Female,South,White,Some college,Student,14120,TikTok,6.1,4,3,3,5,Mobile app,No,Ads,378
GZ000745,26,Female,Northeast,White,High school,Part-time,11095,Instagram,4.6,4,5,3,2,Mobile app,No,Friends/word-of-mouth,228
GZ000746,22,Male,South,Asian,Graduate,Student,7539,Instagram,3.6,2,5,1,3,In-store,Yes,Search,164
GZ000747,23,Female,South,Two+/Other,Bachelor's,Student,15234,Other,5.0,5,4,2,3,Website,No,Social media,294
GZ000748,21,Male,South,White,Some college,Full-time,69346,YouTube,7.0,5,5,3,2,Website,Yes,Search,712
GZ000749,21,Male,West,Black,Bachelor's,Gig/freelance,31765,TikTok,5.3,4,5,2,4,Mobile app,No,Search,559
GZ000750,19,Female,South,White,High school,Full-time,55767,Instagram,8.3,2,3,2,4,Mobile app,No,Influencer,669
GZ000751,28,Non-binary,West,Black,Some college,Full-time,60483,Snapchat,5.7,5,5,3,4,Website,Yes,Social media,1147
GZ000752,19,Male,South,White,High school,Gig/freelance,42732,Snapchat,7.2,5,4,2,3,Website,No,Social media,1158
GZ000753,18,Female,Midwest,White,Some college,Full-time,71435,YouTube,6.6,4,5,4,4,Social commerce,No,Social media,1296
GZ000754,28,Male,Northeast,White,Some college,Full-time,44035,TikTok,5.2,5,4,2,3,Website,No,Friends/word-of-mouth,558
GZ000755,24,Female,Midwest,Hispanic,High school,Unemployed,2672,Reddit,7.7,3,3,3,4,Website,No,Search,50
GZ000756,22,Male,South,White,Bachelor's,Unemployed,3540,Reddit,3.6,3,5,1,5,Mobile app,No,Friends/word-of-mouth,54
GZ000757,26,Female,Midwest,White,Some college,Gig/freelance,27488,Reddit,4.9,4,4,3,1,Mobile app,Yes,Search,760
GZ000758,22,Female,South,Hispanic,Bachelor's,Full-time,40997,YouTube,5.2,2,4,1,4,Website,No,Social media,705
GZ000759,19,Male,Midwest,White,High school,Full-time,22869,TikTok,6.8,3,4,3,5,Mobile app,No,Social media,570
GZ000760,26,Female,West,Black,Some college,Full-time,50255,X,7.3,4,5,3,5,Mobile app,No,Friends/word-of-mouth,923
GZ000761,19,Female,South,White,Some college,Full-time,12368,TikTok,4.4,4,4,2,4,Mobile app,No,Social media,163
GZ000762,24,Male,South,White,Bachelor's,Unemployed,4153,TikTok,4.1,2,3,1,5,In-store,Yes,Social media,91
GZ000763,28,Female,Midwest,White,Some college,Full-time,44825,YouTube,6.2,3,5,3,3,Mobile app,Yes,Social media,391
GZ000764,28,Female,Northeast,White,Some college,Student,9466,Instagram,2.9,2,4,3,4,Mobile app,No,Social media,239
GZ000765,21,Female,Midwest,White,High school,Full-time,58087,YouTube,8.0,3,3,2,3,Website,Yes,Search,1563
GZ000766,26,Female,Northeast,Hispanic,High school,Student,11910,YouTube,5.6,3,4,1,3,Website,No,Search,235
GZ000767,24,Female,Northeast,Hispanic,Some college,Full-time,84008,TikTok,3.7,5,4,1,4,Mobile app,Yes,Search,1133
GZ000768,23,Male,South,White,Some college,Full-time,32215,YouTube,3.6,4,4,5,3,Website,No,Social media,385
GZ000769,19,Male,Midwest,White,High school,Full-time,47279,Snapchat,6.6,3,5,2,2,Website,Yes,Social media,1104
GZ000770,22,Female,South,Black,Graduate,Unemployed,4387,Snapchat,6.6,3,3,1,4,Mobile app,Yes,Social media,56
GZ000771,25,Male,West,White,High school,Student,9681,TikTok,4.5,2,3,3,3,In-store,No,Social media,183
GZ000772,28,Male,South,Hispanic,Bachelor's,Student,3877,Instagram,5.8,4,5,1,4,Mobile app,Yes,Search,102
GZ000773,18,Male,Northeast,Black,High school,Full-time,19632,TikTok,3.7,4,4,3,3,In-store,No,Social media,476
GZ000774,25,Male,Midwest,White,Bachelor's,Student,9026,YouTube,5.5,4,4,4,2,Mobile app,Yes,Social media,77
GZ000775,27,Male,South,Hispanic,Some college,Student,2617,YouTube,9.0,4,5,1,2,Mobile app,No,Social media,60
GZ000776,28,Male,South,Asian,High school,Part-time,15292,Instagram,10.3,4,2,2,2,In-store,Yes,Search,131
GZ000777,22,Female,West,Hispanic,Bachelor's,Student,6377,TikTok,5.6,5,5,3,2,In-store,No,Social media,96
GZ000778,19,Male,Midwest,Two+/Other,Some college,Gig/freelance,22513,Snapchat,6.9,3,3,1,3,Mobile app,No,Search,363
GZ000779,20,Female,Northeast,White,High school,Unemployed,6038,Snapchat,6.8,4,5,1,4,Social commerce,No,Social media,109
GZ000780,27,Female,South,Hispanic,High school,Unemployed,2058,Instagram,2.6,4,3,2,2,Mobile app,Yes,Friends/word-of-mouth,45
GZ000781,27,Male,West,White,Some college,Part-time,25045,TikTok,3.7,3,5,4,4,Website,Yes,Social media,725
GZ000782,25,Female,West,White,Some college,Full-time,31202,Instagram,1.4,3,5,1,2,Mobile app,Yes,Social media,375
GZ000783,19,Female,West,Two+/Other,Bachelor's,Full-time,33556,Reddit,6.9,4,4,2,3,Mobile app,No,Friends/word-of-mouth,748
GZ000784,19,Female,West,White,High school,Full-time,50798,YouTube,9.9,4,4,5,3,In-store,No,Ads,615
GZ000785,23,Female,South,Two+/Other,High school,Full-time,36818,YouTube,8.1,3,4,3,3,Mobile app,Yes,Search,561
GZ000786,24,Male,South,Hispanic,High school,Part-time,10771,TikTok,6.1,2,5,1,4,Website,No,Social media,272
GZ000787,18,Male,West,Asian,High school,Student,7500,Instagram,5.8,3,4,2,3,In-store,No,Friends/word-of-mouth,73
GZ000788,25,Female,Northeast,Two+/Other,High school,Part-time,3609,TikTok,5.3,3,5,3,3,Mobile app,No,Search,31
GZ000789,23,Female,South,Hispanic,High school,Student,10543,Instagram,8.1,4,4,4,1,Website,No,Friends/word-of-mouth,167
GZ000790,18,Female,South,Two+/Other,Some college,Unemployed,0,TikTok,6.4,3,4,4,4,Mobile app,No,Search,0
GZ000791,19,Female,Midwest,Black,Some college,Full-time,58783,Instagram,6.1,4,5,3,5,In-store,No,Search,994
GZ000792,22,Male,Northeast,Hispanic,Bachelor's,Full-time,53628,Instagram,3.8,2,3,3,3,Mobile app,Yes,Social media,1102
GZ000793,25,Male,West,Hispanic,Bachelor's,Student,15485,Snapchat,7.2,2,5,1,4,Social commerce,Yes,Social media,366
GZ000794,27,Male,South,White,Some college,Student,17837,Instagram,5.7,3,4,2,3,Mobile app,Yes,Social media,387
GZ000795,22,Male,Midwest,White,High school,Part-time,25579,TikTok,6.8,3,5,1,4,Mobile app,Yes,Social media,606
GZ000796,21,Male,West,White,Bachelor's,Gig/freelance,18659,TikTok,8.0,3,3,3,4,Website,No,Friends/word-of-mouth,357
GZ000797,28,Male,Midwest,White,Some college,Full-time,83062,TikTok,2.7,4,5,3,3,Mobile app,No,Social media,1456
GZ000798,23,Male,South,White,High school,Student,4164,YouTube,5.4,2,5,2,3,Mobile app,Yes,Friends/word-of-mouth,46
GZ000799,21,Female,South,Hispanic,Some college,Unemployed,575,YouTube,5.1,3,4,4,4,Website,Yes,Friends/word-of-mouth,16
GZ000800,22,Female,South,Hispanic,Graduate,Part-time,33004,YouTube,4.9,3,5,3,3,Mobile app,No,Search,726
GZ000801,18,Male,Midwest,Hispanic,Some college,Student,11436,Snapchat,3.8,2,3,3,2,Website,No,Influencer,150
GZ000802,21,Female,West,Black,High school,Full-time,6547,TikTok,4.5,4,4,3,2,In-store,No,Social media,148
GZ000803,23,Female,South,Two+/Other,High school,Part-time,7021,Instagram,3.8,2,2,3,4,Social commerce,Yes,Search,137
GZ000804,28,Prefer not to say,West,Black,High school,Full-time,52419,TikTok,7.6,3,4,1,3,Mobile app,No,Search,877
GZ000805,26,Male,Midwest,Hispanic,High school,Student,5476,TikTok,6.8,4,3,3,3,Website,Yes,Search,115
GZ000806,26,Female,South,White,Bachelor's,Student,6059,Instagram,6.6,1,4,3,4,In-store,No,Search,78
GZ000807,23,Female,Midwest,Asian,Some college,Unemployed,7539,YouTube,2.1,4,5,2,2,Website,No,Social media,215
GZ000808,19,Female,Midwest,White,High school,Student,17700,Snapchat,9.9,3,5,3,2,Mobile app,Yes,Search,308
GZ000809,22,Male,South,White,Graduate,Full-time,44773,TikTok,5.2,3,3,4,5,Mobile app,Yes,Social media,906
GZ000810,28,Female,Northeast,White,Some college,Gig/freelance,24239,Instagram,9.5,5,5,2,3,Mobile app,No,Search,253
GZ000811,18,Male,Northeast,Hispanic,High school,Full-time,59056,Reddit,7.5,3,5,2,4,Mobile app,Yes,Social media,1574
GZ000812,27,Male,South,Hispanic,Bachelor's,Student,6725,Snapchat,5.5,5,4,2,5,Website,No,Search,151
GZ000813,25,Male,South,White,High school,Full-time,0,YouTube,10.1,3,5,1,4,Website,Yes,Social media,0
GZ000814,21,Male,South,Black,High school,Student,0,Instagram,7.1,4,4,2,3,Mobile app,No,Search,0
GZ000815,26,Female,South,White,Bachelor's,Unemployed,3867,Instagram,5.5,5,3,3,4,Social commerce,No,Search,53
GZ000816,27,Female,West,White,Some college,Full-time,58667,YouTube,5.2,4,3,4,3,Website,Yes,Friends/word-of-mouth,1080
GZ000817,18,Male,Northeast,White,High school,Student,9064,TikTok,8.1,4,5,1,3,Social commerce,No,Ads,154
GZ000818,19,Female,Northeast,White,Bachelor's,Student,12280,Instagram,4.9,3,4,3,4,Mobile app,No,Social media,301
GZ000819,25,Female,South,Black,High school,Full-time,59195,TikTok,5.2,2,3,2,4,Website,Yes,Influencer,1193
GZ000820,28,Female,West,White,Some college,Part-time,29226,YouTube,4.8,2,3,2,1,Mobile app,No,Social media,512
GZ000821,18,Female,South,White,Some college,Student,9754,Instagram,4.5,5,4,1,5,Social commerce,Yes,Social media,116
GZ000822,25,Female,West,White,High school,Full-time,47214,TikTok,4.6,5,3,1,4,Mobile app,Yes,Search,1323
GZ000823,19,Male,South,Black,Some college,Full-time,41304,Instagram,9.5,4,5,4,3,Mobile app,No,Social media,605
GZ000824,25,Male,Northeast,Two+/Other,Some college,Student,7953,TikTok,8.0,2,5,3,4,Website,Yes,Social media,76
GZ000825,24,Male,Northeast,Hispanic,Some college,Student,2633,Snapchat,6.5,3,5,3,2,Mobile app,No,Search,38
GZ000826,18,Male,South,Hispanic,Some college,Full-time,64150,Reddit,4.9,3,5,3,2,Social commerce,No,Friends/word-of-mouth,779
GZ000827,25,Female,Midwest,Asian,Graduate,Unemployed,3309,TikTok,4.9,3,4,3,4,Mobile app,Yes,Search,52
GZ000828,27,Male,West,White,High school,Gig/freelance,20839,TikTok,5.3,3,5,2,3,Mobile app,Yes,Social media,528
GZ000829,27,Male,Midwest,White,High school,Unemployed,3025,Reddit,9.6,4,4,2,5,Mobile app,No,Friends/word-of-mouth,49
GZ000830,18,Female,West,White,High school,Part-time,7142,Snapchat,6.6,4,4,2,3,Mobile app,No,Friends/word-of-mouth,127
GZ000831,20,Male,South,White,High school,Full-time,40383,Snapchat,7.5,5,4,2,4,In-store,No,Search,1005
GZ000832,20,Female,Midwest,White,Some college,Full-time,51760,Instagram,6.4,3,4,1,4,Social commerce,No,Influencer,979
GZ000833,22,Female,South,White,Bachelor's,Unemployed,2730,TikTok,4.2,4,4,2,4,Social commerce,No,Ads,63
GZ000834,19,Female,West,White,Bachelor's,Gig/freelance,38139,Other,6.2,4,3,3,4,Social commerce,Yes,Social media,701
GZ000835,27,Female,South,White,High school,Student,7507,Instagram,3.8,5,3,2,4,Mobile app,No,Social media,116
GZ000836,26,Female,Midwest,White,Some college,Part-time,5585,Instagram,8.4,2,5,1,3,Website,No,Friends/word-of-mouth,105
GZ000837,26,Male,Midwest,White,Bachelor's,Part-time,29126,Snapchat,4.5,4,5,2,1,Mobile app,Yes,Social media,836
GZ000838,20,Male,South,Black,Some college,Student,9803,YouTube,4.9,4,5,3,4,In-store,No,Social media,103
GZ000839,18,Female,West,Hispanic,Some college,Full-time,58316,TikTok,7.6,4,4,2,1,Social commerce,Yes,Social media,1562
GZ000840,28,Male,Midwest,White,Bachelor's,Part-time,25183,X,4.6,4,4,1,2,Mobile app,No,Friends/word-of-mouth,538
GZ000841,21,Female,South,White,High school,Student,5168,Instagram,5.6,5,3,3,3,Website,Yes,Social media,147
GZ000842,25,Male,West,White,High school,Student,6886,TikTok,0.7,3,5,2,4,Website,No,Social media,93
GZ000843,28,Female,Midwest,White,Bachelor's,Part-time,26377,TikTok,5.4,3,3,3,3,Social commerce,No,Social media,429
GZ000844,18,Female,South,White,Some college,Student,16432,Instagram,7.2,3,4,3,5,Social commerce,No,Search,174
GZ000845,18,Male,Northeast,White,Some college,Full-time,43196,YouTube,4.7,3,4,2,2,Social commerce,Yes,Social media,407
GZ000846,18,Male,West,Black,High school,Full-time,30146,TikTok,7.1,4,2,1,2,In-store,Yes,Search,542
GZ000847,19,Male,Midwest,Black,Some college,Full-time,73796,Instagram,6.0,3,5,4,1,Social commerce,No,Friends/word-of-mouth,752
GZ000848,18,Male,South,Black,Some college,Full-time,30156,Instagram,8.2,5,5,1,2,Social commerce,No,Social media,629
GZ000849,27,Male,South,Hispanic,High school,Part-time,20664,Instagram,4.5,4,4,2,3,Mobile app,No,Social media,414
GZ000850,24,Female,South,Hispanic,High school,Part-time,14534,Other,5.5,4,4,4,5,Social commerce,Yes,Search,407
GZ000851,28,Female,Northeast,Hispanic,Bachelor's,Part-time,20179,TikTok,3.1,2,4,2,4,Website,No,Friends/word-of-mouth,551
GZ000852,26,Female,Northeast,Black,High school,Part-time,10341,Reddit,5.8,5,5,2,4,Mobile app,No,Social media,149
GZ000853,28,Female,Midwest,Hispanic,High school,Part-time,14965,Instagram,5.2,4,4,2,3,Website,Yes,Search,412
GZ000854,20,Female,South,Hispanic,High school,Student,6459,TikTok,7.9,5,4,2,4,Website,No,Social media,61
GZ000855,21,Male,West,Black,High school,Full-time,54516,TikTok,4.8,3,3,1,5,Website,Yes,Social media,1286
GZ000856,27,Female,Midwest,Hispanic,High school,Part-time,19322,X,5.2,5,1,2,3,Mobile app,No,Influencer,394
GZ000857,20,Male,Midwest,White,High school,Full-time,58635,TikTok,4.6,3,5,3,3,In-store,No,Search,922
GZ000858,18,Female,South,White,High school,Full-time,26393,TikTok,6.1,5,4,2,3,In-store,Yes,Search,671
GZ000859,25,Male,Northeast,White,Some college,Student,8155,Instagram,10.0,5,3,3,2,Mobile app,No,Search,128
GZ000860,26,Male,South,White,Some college,Gig/freelance,33312,YouTube,0.5,5,5,1,5,In-store,No,Ads,645
GZ000861,28,Female,South,White,Some college,Full-time,58229,Instagram,5.9,3,4,4,3,Website,No,Search,1316
GZ000862,28,Female,Northeast,White,Graduate,Part-time,6289,TikTok,8.3,5,4,3,3,Social commerce,No,Social media,87
GZ000863,19,Male,West,White,High school,Full-time,48006,Instagram,5.0,5,5,2,5,In-store,Yes,Social media,516
GZ000864,26,Male,South,Two+/Other,Graduate,Full-time,26629,Reddit,7.1,3,4,3,3,Social commerce,Yes,Friends/word-of-mouth,607
GZ000865,27,Female,West,White,Bachelor's,Gig/freelance,36638,Reddit,8.4,4,4,4,5,In-store,No,Ads,447
GZ000866,25,Female,Northeast,White,Bachelor's,Student,16535,Other,5.4,5,3,1,2,Website,Yes,Influencer,210
GZ000867,27,Male,South,White,Graduate,Student,0,Instagram,4.7,2,5,1,4,Mobile app,No,Social media,0
GZ000868,27,Male,Midwest,White,Some college,Gig/freelance,18325,TikTok,7.9,5,5,3,3,Website,Yes,Friends/word-of-mouth,438
GZ000869,22,Female,South,Hispanic,Bachelor's,Student,10068,TikTok,7.0,5,3,1,2,Website,No,Search,149
GZ000870,18,Female,South,Hispanic,High school,Full-time,41927,Reddit,5.9,3,2,1,2,Website,No,Social media,996
GZ000871,23,Male,West,White,High school,Student,12805,YouTube,7.2,2,5,1,4,In-store,No,Friends/word-of-mouth,258
GZ000872,20,Female,West,Hispanic,High school,Student,9320,YouTube,7.9,4,5,2,2,Social commerce,No,Influencer,176
GZ000873,19,Male,South,White,Bachelor's,Part-time,13709,Instagram,5.9,3,5,1,4,Website,Yes,Social media,372
GZ000874,19,Female,West,Hispanic,High school,Student,4867,Instagram,6.6,2,4,2,3,Mobile app,No,Social media,99
GZ000875,25,Male,Midwest,Asian,Some college,Part-time,8372,Instagram,7.0,4,5,1,2,Social commerce,No,Social media,111
GZ000876,23,Female,West,Asian,Some college,Full-time,27962,Instagram,5.1,5,3,3,4,Mobile app,No,Friends/word-of-mouth,806
GZ000877,23,Female,Midwest,White,Bachelor's,Student,6711,Instagram,8.4,3,4,3,4,Website,Yes,Influencer,99
GZ000878,26,Male,Northeast,Hispanic,Some college,Full-time,49252,TikTok,3.9,5,3,2,2,Mobile app,No,Friends/word-of-mouth,896
GZ000879,24,Female,West,Black,Some college,Full-time,39037,TikTok,5.7,4,5,3,4,Mobile app,No,Social media,631
GZ000880,24,Male,West,Black,Bachelor's,Part-time,12727,TikTok,7.5,2,4,3,4,Website,Yes,Search,302
GZ000881,18,Female,West,White,High school,Student,4912,Other,3.9,3,4,2,3,Social commerce,Yes,Search,88
GZ000882,27,Male,West,White,Bachelor's,Gig/freelance,17779,Other,7.7,5,4,1,3,In-store,No,Friends/word-of-mouth,277
GZ000883,22,Male,South,White,Some college,Student,6715,YouTube,6.4,3,4,3,5,Website,Yes,Friends/word-of-mouth,146
GZ000884,19,Male,South,White,Some college,Student,5970,Snapchat,8.7,5,5,3,4,In-store,No,Social media,110
GZ000885,26,Female,South,Hispanic,Graduate,Full-time,54721,TikTok,7.2,3,5,2,5,In-store,No,Social media,476
GZ000886,26,Male,West,White,High school,Student,14540,TikTok,5.7,4,5,1,4,Website,Yes,Social media,316
GZ000887,18,Male,Northeast,White,Bachelor's,Full-time,19772,TikTok,6.5,4,2,3,4,Mobile app,No,Search,230
GZ000888,20,Male,West,Black,High school,Part-time,27065,TikTok,6.5,3,4,2,3,Website,No,Social media,767
GZ000889,18,Female,West,White,Some college,Student,11807,YouTube,10.0,4,4,2,4,In-store,No,Search,281
GZ000890,20,Female,West,Two+/Other,Some college,Full-time,45399,TikTok,6.2,2,5,1,4,In-store,No,Search,731
GZ000891,19,Female,Midwest,Black,High school,Gig/freelance,43861,X,5.7,3,3,3,3,In-store,Yes,Search,420
GZ000892,25,Male,West,Black,High school,Part-time,16620,YouTube,5.6,3,3,2,5,Social commerce,No,Influencer,251
GZ000893,23,Non-binary,West,Black,Bachelor's,Student,10627,TikTok,6.4,5,5,2,4,Social commerce,Yes,Search,232
GZ000894,28,Female,Midwest,White,High school,Part-time,19002,Snapchat,3.7,2,4,1,2,Social commerce,Yes,Friends/word-of-mouth,514
GZ000895,26,Male,South,White,High school,Student,9199,Snapchat,5.2,4,3,2,3,In-store,No,Influencer,219
GZ000896,24,Male,West,Asian,Some college,Student,10858,Instagram,4.0,4,4,3,4,Social commerce,No,Social media,264
GZ000897,23,Female,West,White,Some college,Full-time,42877,TikTok,4.2,4,3,2,2,Website,Yes,Social media,473
GZ000898,18,Female,Midwest,White,Some college,Unemployed,4839,Instagram,7.6,4,4,3,3,Mobile app,Yes,Social media,63
GZ000899,18,Male,Northeast,Hispanic,Bachelor's,Student,6287,Instagram,6.1,3,4,1,2,In-store,Yes,Friends/word-of-mouth,155
GZ000900,24,Male,Midwest,White,Some college,Part-time,12827,YouTube,4.5,3,5,2,3,Mobile app,No,Search,207
GZ000901,18,Female,West,White,Some college,Student,6268,TikTok,5.7,5,4,3,2,Website,Yes,Search,164
GZ000902,18,Male,South,White,High school,Full-time,35105,Reddit,5.5,3,4,2,4,Social commerce,Yes,Friends/word-of-mouth,322
GZ000903,20,Male,West,White,High school,Student,13103,TikTok,6.1,2,4,4,3,In-store,No,Search,277
GZ000904,27,Male,Northeast,Hispanic,Graduate,Part-time,14256,Other,3.0,4,4,3,4,Mobile app,Yes,Social media,269
GZ000905,23,Male,Northeast,White,Some college,Gig/freelance,33633,TikTok,3.8,5,3,1,2,Mobile app,No,Social media,844
GZ000906,25,Male,Midwest,White,Some college,Full-time,47016,Snapchat,3.1,3,5,1,3,Website,No,Influencer,557
GZ000907,22,Male,South,White,Bachelor's,Gig/freelance,20835,TikTok,4.2,5,4,3,2,In-store,No,Social media,259
GZ000908,19,Female,Midwest,Hispanic,Some college,Gig/freelance,41317,YouTube,4.6,4,2,2,5,In-store,No,Social media,768
GZ000909,22,Male,Northeast,White,Some college,Unemployed,5325,Reddit,3.9,3,2,3,3,In-store,No,Friends/word-of-mouth,111
GZ000910,19,Female,Midwest,White,Some college,Student,9007,TikTok,7.5,3,5,2,3,Mobile app,Yes,Friends/word-of-mouth,105
GZ000911,26,Male,Midwest,Black,Bachelor's,Student,8671,TikTok,9.7,3,4,3,4,In-store,No,Search,235
GZ000912,20,Female,West,White,Some college,Part-time,18759,Other,7.7,4,4,2,3,In-store,No,Search,485
GZ000913,22,Male,Midwest,Hispanic,Bachelor's,Full-time,13091,Other,4.9,4,4,3,2,Website,Yes,Ads,143
GZ000914,28,Female,South,White,Some college,Student,5658,YouTube,6.4,5,4,3,4,Social commerce,No,Search,147
GZ000915,24,Female,South,White,Bachelor's,Student,10873,Instagram,5.9,5,5,2,1,Website,No,Influencer,297
GZ000916,23,Female,Midwest,White,High school,Full-time,12082,TikTok,4.8,2,4,3,5,Mobile app,No,Ads,162
GZ000917,23,Male,Northeast,Black,High school,Student,5972,Instagram,8.6,2,4,1,3,Mobile app,Yes,Social media,157
GZ000918,26,Male,Northeast,White,Some college,Full-time,34580,YouTube,10.0,4,3,3,2,Website,No,Friends/word-of-mouth,693
GZ000919,20,Female,South,White,Some college,Student,20759,TikTok,3.1,3,2,2,3,Website,No,Ads,520
GZ000920,25,Male,South,Hispanic,Bachelor's,Part-time,23457,TikTok,8.9,4,4,2,4,Social commerce,No,Search,489
GZ000921,27,Male,South,White,High school,Gig/freelance,38838,Reddit,4.8,4,5,1,3,Website,No,Social media,564
GZ000922,24,Female,Northeast,Black,High school,Full-time,26782,YouTube,5.5,5,5,1,1,Website,No,Social media,609
GZ000923,22,Male,Midwest,Two+/Other,Bachelor's,Full-time,48842,YouTube,6.6,2,5,3,3,In-store,No,Friends/word-of-mouth,1118
GZ000924,19,Female,Northeast,Hispanic,High school,Student,1871,X,9.1,1,3,3,4,In-store,No,Friends/word-of-mouth,43
GZ000925,20,Female,South,White,Some college,Part-time,15322,Instagram,6.6,4,3,3,4,Social commerce,Yes,Search,370
GZ000926,28,Male,West,White,High school,Full-time,51551,TikTok,6.8,3,5,2,4,Website,No,Search,1123
GZ000927,23,Female,Midwest,Two+/Other,High school,Student,3258,Reddit,7.7,4,4,1,4,Social commerce,Yes,Search,56
GZ000928,21,Male,South,White,Bachelor's,Gig/freelance,30599,Other,8.0,4,5,1,5,In-store,No,Social media,466
GZ000929,22,Male,Northeast,White,Some college,Student,10928,TikTok,7.0,3,4,1,1,Mobile app,Yes,Social media,298
GZ000930,24,Male,West,Two+/Other,High school,Full-time,30612,TikTok,8.0,5,5,2,2,Mobile app,Yes,Social media,774
GZ000931,23,Male,South,Two+/Other,Bachelor's,Full-time,26222,Instagram,4.8,4,4,4,4,Website,No,Search,674
GZ000932,25,Male,South,White,High school,Student,6103,TikTok,2.5,3,5,2,4,In-store,Yes,Friends/word-of-mouth,62
GZ000933,20,Non-binary,Northeast,White,Some college,Student,7594,TikTok,9.6,4,2,2,2,Mobile app,No,Influencer,127
GZ000934,25,Female,Midwest,Hispanic,Some college,Unemployed,3429,TikTok,3.9,4,4,2,3,Website,No,Influencer,53
GZ000935,22,Female,Midwest,Black,Bachelor's,Full-time,51631,YouTube,4.9,3,4,2,5,Mobile app,No,Social media,1372
GZ000936,28,Male,Midwest,White,High school,Student,6835,TikTok,5.3,5,2,1,3,Mobile app,Yes,Search,104
GZ000937,19,Female,West,White,High school,Unemployed,6883,Reddit,5.0,2,4,3,4,Mobile app,Yes,Search,192
GZ000938,19,Female,Midwest,White,Bachelor's,Full-time,72143,YouTube,4.5,2,3,2,5,Social commerce,Yes,Social media,1818
GZ000939,23,Female,Northeast,White,Some college,Unemployed,4425,Instagram,6.9,2,3,2,3,Social commerce,No,Social media,116
GZ000940,23,Male,South,White,Some college,Part-time,15208,Snapchat,6.9,4,4,4,4,In-store,Yes,Influencer,160
GZ000941,25,Female,Midwest,Black,Some college,Student,6840,YouTube,7.2,4,4,2,4,Mobile app,Yes,Social media,196
GZ000942,22,Female,South,White,High school,Part-time,20565,YouTube,7.1,3,4,4,3,Social commerce,Yes,Social media,329
GZ000943,28,Female,South,White,Graduate,Gig/freelance,31753,Reddit,5.2,4,4,1,3,Mobile app,No,Social media,317
GZ000944,23,Female,West,Black,High school,Gig/freelance,23648,Snapchat,5.2,4,5,1,5,Mobile app,No,Search,504
GZ000945,19,Male,Northeast,White,Some college,Full-time,34569,Snapchat,8.2,3,4,1,3,Mobile app,No,Social media,910
GZ000946,19,Female,South,White,High school,Student,10428,YouTube,5.0,4,4,3,2,Mobile app,No,Social media,245
GZ000947,28,Male,West,Asian,Some college,Full-time,43304,Instagram,4.9,4,4,2,4,Mobile app,Yes,Influencer,997
GZ000948,19,Male,Midwest,White,High school,Full-time,31186,YouTube,7.9,3,4,1,1,Mobile app,Yes,Social media,871
GZ000949,28,Female,South,Black,Bachelor's,Student,9457,Instagram,6.0,3,2,3,5,Mobile app,No,Search,269
GZ000950,21,Male,Midwest,White,High school,Student,6548,X,5.0,4,5,2,3,Social commerce,Yes,Ads,166
GZ000951,19,Male,Northeast,White,High school,Part-time,11911,Instagram,5.0,5,5,3,3,Social commerce,Yes,Friends/word-of-mouth,293
GZ000952,21,Male,South,Hispanic,Bachelor's,Full-time,41905,TikTok,8.2,2,5,2,3,Social commerce,No,Friends/word-of-mouth,655
GZ000953,24,Female,South,White,High school,Full-time,31138,Instagram,7.2,3,5,1,5,In-store,Yes,Ads,559
GZ000954,22,Female,Northeast,Hispanic,Bachelor's,Full-time,28146,Instagram,6.5,4,4,4,4,In-store,No,Social media,545
GZ000955,26,Non-binary,South,White,High school,Full-time,61763,Instagram,3.7,5,4,1,3,Website,No,Influencer,1131
GZ000956,24,Male,South,Hispanic,Some college,Full-time,34587,YouTube,6.5,4,5,1,2,Social commerce,Yes,Social media,869
GZ000957,22,Male,Northeast,White,Some college,Gig/freelance,47567,X,5.6,3,4,3,3,Mobile app,Yes,Social media,1380
GZ000958,24,Male,Northeast,Black,Bachelor's,Full-time,53843,TikTok,4.2,3,3,1,4,In-store,Yes,Search,679
GZ000959,28,Female,Midwest,Hispanic,High school,Gig/freelance,16397,X,4.8,5,5,3,4,Mobile app,Yes,Influencer,406
GZ000960,22,Male,West,White,Bachelor's,Full-time,63919,Snapchat,7.4,3,3,4,5,Mobile app,No,Social media,1346
GZ000961,19,Female,Northeast,White,High school,Part-time,12195,TikTok,8.5,2,2,3,3,Website,No,Social media,286
GZ000962,22,Male,Midwest,White,Graduate,Full-time,79296,TikTok,3.9,5,4,1,2,Social commerce,Yes,Social media,1487
GZ000963,27,Female,Midwest,Hispanic,Some college,Full-time,46275,Reddit,4.1,4,4,2,4,Social commerce,Yes,Social media,1056
GZ000964,20,Female,Northeast,White,Some college,Student,11197,Snapchat,7.4,3,4,2,3,Mobile app,No,Ads,239
GZ000965,28,Male,Midwest,Hispanic,Some college,Full-time,42585,TikTok,5.2,2,5,3,2,Mobile app,Yes,Friends/word-of-mouth,936
GZ000966,24,Male,West,White,Bachelor's,Part-time,20153,YouTube,7.1,2,4,4,3,Social commerce,Yes,Search,567
GZ000967,24,Male,West,White,Some college,Part-time,16144,TikTok,5.2,3,4,4,4,Website,Yes,Social media,149
GZ000968,21,Female,West,Hispanic,High school,Student,5250,YouTube,7.2,4,3,2,2,Mobile app,No,Ads,76
GZ000969,28,Female,West,White,Bachelor's,Part-time,20751,TikTok,3.3,5,4,2,2,Website,Yes,Social media,451
GZ000970,18,Male,South,White,High school,Full-time,61368,Instagram,7.1,4,5,2,3,In-store,Yes,Social media,1000
GZ000971,21,Female,West,Hispanic,High school,Full-time,19496,Instagram,1.8,2,5,3,3,In-store,No,Social media,345
GZ000972,22,Female,Midwest,Hispanic,High school,Student,15238,Instagram,7.9,3,3,3,4,Social commerce,Yes,Search,262
GZ000973,23,Male,West,White,Graduate,Unemployed,5082,TikTok,5.9,5,3,2,3,Mobile app,Yes,Influencer,124
GZ000974,23,Female,South,White,Graduate,Full-time,33742,YouTube,6.9,3,5,2,5,Mobile app,No,Friends/word-of-mouth,321
GZ000975,19,Male,South,White,Some college,Full-time,33404,Snapchat,6.5,4,3,4,2,Mobile app,No,Social media,591
GZ000976,20,Female,South,Hispanic,High school,Part-time,33099,YouTube,2.6,4,3,3,4,Mobile app,Yes,Friends/word-of-mouth,735
GZ000977,19,Male,Midwest,White,Bachelor's,Unemployed,5689,Reddit,8.7,4,2,1,3,Website,Yes,Friends/word-of-mouth,95
GZ000978,24,Male,West,Hispanic,High school,Full-time,63546,Snapchat,6.7,4,5,2,3,Website,No,Social media,615
GZ000979,21,Male,South,Hispanic,Some college,Gig/freelance,23062,TikTok,7.5,4,4,3,1,Mobile app,Yes,Social media,648
GZ000980,24,Male,Midwest,Asian,Bachelor's,Student,11249,TikTok,4.4,2,5,2,2,Website,No,Social media,182
GZ000981,24,Female,South,White,High school,Full-time,48603,YouTube,6.5,5,4,4,3,Mobile app,Yes,Influencer,1357
GZ000982,25,Male,South,White,Bachelor's,Student,8292,YouTube,3.4,2,4,2,1,Social commerce,No,Influencer,228
GZ000983,24,Male,Midwest,White,Graduate,Student,9442,X,6.3,4,4,1,1,Website,Yes,Influencer,105
GZ000984,25,Male,West,White,Some college,Full-time,62979,TikTok,4.1,4,4,2,2,Website,No,Search,1361
GZ000985,24,Male,Midwest,White,Some college,Full-time,72232,TikTok,16.0,3,3,3,4,Mobile app,No,Social media,1033
GZ000986,25,Male,Northeast,Black,Some college,Full-time,37246,Snapchat,7.2,3,2,1,4,Mobile app,No,Search,470
GZ000987,24,Male,Northeast,White,High school,Full-time,17183,Reddit,8.7,4,5,2,2,In-store,No,Influencer,344
GZ000988,21,Male,South,White,High school,Student,15656,Instagram,5.5,5,4,3,3,Website,No,Friends/word-of-mouth,305
GZ000989,20,Female,Midwest,Hispanic,Some college,Student,15707,Instagram,6.8,4,4,1,4,Mobile app,Yes,Influencer,420
GZ000990,26,Male,Midwest,Two+/Other,High school,Gig/freelance,30684,Snapchat,7.8,3,3,1,5,Mobile app,No,Social media,688
GZ000991,21,Male,South,White,High school,Part-time,32520,Instagram,3.9,5,5,1,5,Social commerce,No,Search,767
GZ000992,24,Female,Northeast,Black,Some college,Part-time,20653,Snapchat,4.7,3,4,1,4,Mobile app,Yes,Friends/word-of-mouth,512
GZ000993,20,Male,West,Black,High school,Full-time,24818,X,7.9,4,3,2,3,Mobile app,No,Search,241
GZ000994,22,Male,Northeast,White,Graduate,Gig/freelance,10648,TikTok,5.6,3,4,2,3,In-store,No,Social media,169
GZ000995,23,Female,West,Hispanic,High school,Full-time,17020,TikTok,4.5,5,4,1,3,Social commerce,Yes,Social media,358
GZ000996,24,Male,West,White,High school,Full-time,42086,X,4.7,3,4,2,3,In-store,No,Social media,1031
GZ000997,23,Male,South,White,High school,Student,7111,Instagram,3.6,5,5,3,2,Mobile app,Yes,Influencer,178
GZ000998,21,Male,Northeast,White,Some college,Student,6655,TikTok,2.1,2,5,3,5,In-store,Yes,Friends/word-of-mouth,176
GZ000999,28,Female,West,White,Some college,Full-time,39979,Instagram,2.6,3,4,4,4,Mobile app,Yes,Influencer,895
GZ001000,23,Male,South,Hispanic,Bachelor's,Student,12474,YouTube,6.1,3,4,2,4,Website,Yes,Social media,140
GZ001001,26,Female,South,Black,Some college,Full-time,31661,TikTok,7.3,4,3,2,4,Mobile app,No,Social media,446
GZ001002,26,Male,Midwest,White,Some college,Student,6102,YouTube,11.0,3,4,2,3,Mobile app,Yes,Search,128
GZ001003,24,Female,South,Hispanic,High school,Student,7051,TikTok,5.9,4,2,2,2,Website,No,Social media,151
GZ001004,27,Male,West,White,Some college,Student,12729,TikTok,3.4,3,5,2,4,Mobile app,No,Search,107
GZ001005,19,Male,Midwest,White,Some college,Full-time,40676,TikTok,5.9,5,3,1,4,In-store,No,Social media,759
GZ001006,28,Male,South,Hispanic,Bachelor's,Student,10133,Instagram,7.4,3,3,2,4,Website,No,Social media,290
GZ001007,27,Male,West,White,Bachelor's,Full-time,71352,Snapchat,8.1,4,4,3,5,Website,Yes,Social media,682
GZ001008,23,Male,South,Black,Some college,Part-time,41030,Instagram,7.9,4,5,4,3,Website,Yes,Ads,656
GZ001009,26,Male,Northeast,White,Some college,Unemployed,5152,Snapchat,7.1,3,3,4,3,In-store,No,Search,105
GZ001010,23,Female,Northeast,Black,Bachelor's,Full-time,52231,TikTok,6.2,3,4,2,4,Website,No,Search,1454
GZ001011,20,Male,South,White,Some college,Student,4202,Instagram,7.5,4,4,3,3,In-store,No,Friends/word-of-mouth,41
GZ001012,26,Male,West,White,Bachelor's,Full-time,48964,Instagram,3.6,5,3,3,3,Mobile app,Yes,Influencer,1261
GZ001013,20,Non-binary,West,Hispanic,Bachelor's,Part-time,18502,Snapchat,2.0,3,4,2,4,Website,No,Search,273
GZ001014,21,Non-binary,Northeast,Hispanic,High school,Part-time,25227,YouTube,10.2,5,2,1,3,Website,Yes,Search,367
GZ001015,23,Male,West,White,High school,Part-time,14826,Snapchat,5.9,4,3,3,3,Mobile app,No,Social media,207
GZ001016,27,Male,West,Black,High school,Student,9812,TikTok,7.1,4,5,2,4,Mobile app,No,Friends/word-of-mouth,262
GZ001017,22,Male,Northeast,White,Some college,Unemployed,5089,X,0.5,5,5,3,2,Website,Yes,Social media,59
GZ001018,23,Female,South,White,High school,Gig/freelance,48212,Snapchat,9.1,2,4,1,3,Website,No,Social media,474
GZ001019,18,Male,West,White,Some college,Unemployed,6814,Reddit,8.3,5,3,2,3,In-store,Yes,Influencer,169
GZ001020,19,Male,South,Hispanic,High school,Full-time,65928,TikTok,2.9,2,4,4,4,In-store,No,Friends/word-of-mouth,1748
GZ001021,18,Male,West,Hispanic,High school,Unemployed,5308,TikTok,5.4,5,3,3,4,Website,Yes,Search,72
GZ001022,18,Male,South,Black,High school,Full-time,33847,YouTube,6.5,3,4,1,3,Website,No,Friends/word-of-mouth,968
GZ001023,27,Female,Northeast,Hispanic,High school,Full-time,55731,Instagram,3.5,3,4,1,3,Mobile app,Yes,Social media,1547
GZ001024,27,Female,West,White,Some college,Part-time,11744,Snapchat,7.0,5,4,2,3,Social commerce,No,Influencer,127
GZ001025,27,Male,South,White,Graduate,Full-time,38102,TikTok,8.1,4,4,3,3,In-store,Yes,Search,441
GZ001026,18,Female,Northeast,White,High school,Student,16202,YouTube,6.6,2,5,3,5,Mobile app,No,Search,263
GZ001027,18,Female,Midwest,Hispanic,High school,Full-time,52167,TikTok,2.9,5,3,2,4,In-store,Yes,Social media,1165
GZ001028,21,Female,Midwest,White,High school,Student,9919,Instagram,3.9,2,5,3,5,Website,Yes,Ads,84
GZ001029,24,Male,Midwest,Hispanic,Bachelor's,Full-time,48722,TikTok,5.8,5,5,3,3,Website,Yes,Search,1027
GZ001030,21,Female,South,Hispanic,High school,Full-time,40226,Reddit,5.5,4,5,3,5,Social commerce,Yes,Social media,1052
GZ001031,23,Female,Midwest,Black,Bachelor's,Gig/freelance,776,TikTok,5.5,2,4,3,4,Website,No,Influencer,14
GZ001032,19,Female,South,White,Bachelor's,Part-time,7758,Instagram,5.5,5,5,2,4,Social commerce,Yes,Social media,77
GZ001033,26,Female,South,White,Some college,Full-time,53665,TikTok,2.4,4,5,1,1,Website,No,Search,659
GZ001034,21,Female,Northeast,Asian,Some college,Student,5271,TikTok,7.6,2,4,3,5,In-store,No,Social media,111
GZ001035,18,Male,Midwest,Hispanic,High school,Gig/freelance,24741,Instagram,7.3,4,3,2,4,Website,No,Social media,524
GZ001036,26,Male,South,White,Bachelor's,Part-time,8057,TikTok,7.0,4,5,1,5,Website,No,Social media,91
GZ001037,27,Female,South,Hispanic,High school,Full-time,28417,Instagram,6.9,4,4,4,5,Website,No,Social media,606
GZ001038,18,Male,Northeast,Asian,Some college,Unemployed,3992,TikTok,5.4,4,5,3,1,In-store,Yes,Influencer,58
GZ001039,22,Female,South,White,Bachelor's,Part-time,25483,YouTube,4.8,4,5,3,5,Mobile app,Yes,Ads,266
GZ001040,27,Female,South,Asian,Bachelor's,Full-time,63249,Reddit,4.0,4,5,2,4,In-store,No,Social media,1258
GZ001041,25,Male,South,White,Graduate,Full-time,28115,YouTube,9.1,4,3,3,4,Website,No,Friends/word-of-mouth,635
GZ001042,27,Male,South,Two+/Other,Some college,Full-time,47796,TikTok,6.0,3,4,1,4,In-store,No,Influencer,659
GZ001043,22,Male,South,White,Bachelor's,Unemployed,1434,Instagram,2.7,4,2,2,3,Mobile app,No,Social media,35
GZ001044,22,Female,Northeast,White,Bachelor's,Unemployed,4101,TikTok,5.9,3,5,3,3,Mobile app,No,Influencer,39
GZ001045,25,Female,South,White,Bachelor's,Part-time,25721,Instagram,1.8,3,5,3,4,Website,Yes,Search,358
GZ001046,19,Female,West,Black,Some college,Student,8728,Snapchat,6.5,3,5,1,3,Website,Yes,Social media,153
GZ001047,20,Female,Midwest,Two+/Other,High school,Gig/freelance,41393,TikTok,6.3,4,4,3,3,Mobile app,No,Friends/word-of-mouth,761
GZ001048,24,Prefer not to say,West,White,Bachelor's,Student,12389,TikTok,4.9,3,2,2,5,Mobile app,No,Social media,262
GZ001049,25,Female,Midwest,White,Some college,Student,9977,Snapchat,4.1,4,3,2,2,Website,Yes,Search,148
GZ001050,19,Male,Midwest,White,Some college,Unemployed,3550,Instagram,7.1,5,4,1,3,Website,No,Social media,41
GZ001051,23,Male,West,White,High school,Full-time,31901,TikTok,5.8,3,4,5,5,Mobile app,Yes,Search,909
GZ001052,22,Male,Midwest,Black,Bachelor's,Full-time,14444,X,2.1,4,2,2,3,Social commerce,No,Search,155
GZ001053,23,Female,Midwest,White,High school,Student,3754,TikTok,8.4,3,4,3,1,Mobile app,No,Search,31
GZ001054,28,Male,Midwest,Two+/Other,Some college,Student,13029,Snapchat,4.1,5,3,1,1,In-store,No,Social media,255
GZ001055,18,Female,Midwest,Asian,Some college,Full-time,70608,TikTok,3.4,5,5,1,3,Mobile app,No,Friends/word-of-mouth,813
GZ001056,28,Male,South,White,Graduate,Full-time,21568,X,8.7,3,2,3,5,Mobile app,No,Influencer,476
GZ001057,22,Male,Midwest,Hispanic,Bachelor's,Student,9276,Snapchat,8.1,4,5,1,3,Website,No,Influencer,204
GZ001058,26,Male,Midwest,Two+/Other,Some college,Part-time,5246,TikTok,5.2,5,4,4,3,In-store,No,Search,98
GZ001059,22,Male,South,Black,High school,Gig/freelance,14571,Other,3.5,3,2,4,3,Mobile app,No,Friends/word-of-mouth,223
GZ001060,21,Male,Northeast,Hispanic,Some college,Gig/freelance,29040,TikTok,4.2,5,5,2,5,Website,No,Influencer,658
GZ001061,26,Male,South,White,Some college,Part-time,13798,Snapchat,5.1,2,5,2,4,Website,No,Social media,285
GZ001062,25,Male,South,White,Bachelor's,Student,1239,YouTube,8.4,4,5,1,3,In-store,No,Friends/word-of-mouth,17
GZ001063,19,Male,Northeast,Black,High school,Student,15961,TikTok,8.6,4,4,1,4,Website,Yes,Search,171
GZ001064,25,Female,South,White,High school,Full-time,41071,Instagram,6.3,2,3,3,4,Social commerce,No,Friends/word-of-mouth,455
GZ001065,26,Non-binary,West,Hispanic,Bachelor's,Part-time,9054,TikTok,7.3,5,4,4,2,Mobile app,No,Social media,183
GZ001066,22,Male,South,Hispanic,High school,Part-time,19037,Instagram,5.6,4,5,2,3,In-store,Yes,Social media,338
GZ001067,28,Male,Northeast,White,High school,Gig/freelance,25053,YouTube,4.3,3,3,2,2,Social commerce,Yes,Influencer,561
GZ001068,25,Female,West,White,Some college,Gig/freelance,30935,Instagram,3.0,4,3,1,3,Mobile app,No,Social media,286
GZ001069,21,Male,Midwest,White,Some college,Full-time,35576,Snapchat,6.6,5,4,1,4,In-store,No,Influencer,1016
GZ001070,18,Female,Midwest,Black,Some college,Gig/freelance,29676,X,7.8,2,4,4,2,Website,Yes,Friends/word-of-mouth,591
GZ001071,25,Male,Midwest,White,Graduate,Student,12821,Instagram,5.0,1,5,3,5,Mobile app,No,Social media,163
GZ001072,20,Female,Northeast,White,Some college,Full-time,17086,YouTube,8.4,4,5,1,4,Website,No,Friends/word-of-mouth,214
GZ001073,26,Female,Midwest,Asian,Bachelor's,Part-time,12384,TikTok,5.2,3,5,3,3,Social commerce,Yes,Influencer,329
GZ001074,23,Female,West,Hispanic,Bachelor's,Gig/freelance,35819,Other,6.2,5,3,5,3,Website,Yes,Social media,360
GZ001075,23,Female,Northeast,Hispanic,High school,Part-time,13533,Snapchat,5.6,3,4,2,2,Mobile app,No,Friends/word-of-mouth,143
GZ001076,19,Female,West,Black,Some college,Student,8669,X,8.5,4,4,2,2,Social commerce,No,Ads,213
GZ001077,25,Male,South,White,Some college,Student,7094,Snapchat,7.0,4,5,3,3,Mobile app,No,Social media,199
GZ001078,19,Female,South,Two+/Other,High school,Student,7347,TikTok,5.9,2,5,3,5,Mobile app,No,Influencer,128
GZ001079,22,Male,Midwest,Black,Some college,Part-time,14007,TikTok,6.2,4,4,3,2,Mobile app,Yes,Social media,144
GZ001080,27,Female,South,White,Some college,Part-time,7804,Instagram,3.6,2,4,2,5,Social commerce,Yes,Friends/word-of-mouth,177
GZ001081,28,Male,West,White,High school,Gig/freelance,31372,TikTok,1.5,2,5,2,3,Mobile app,No,Social media,439
GZ001082,28,Male,South,White,High school,Part-time,26604,Instagram,4.9,3,4,1,4,Social commerce,No,Search,747
GZ001083,28,Female,West,Hispanic,Some college,Full-time,38664,Instagram,5.6,3,4,1,3,Social commerce,Yes,Social media,1048
GZ001084,24,Male,South,Hispanic,Some college,Part-time,25690,YouTube,7.1,3,3,3,4,Mobile app,No,Ads,684
GZ001085,20,Male,Northeast,Hispanic,High school,Student,7011,YouTube,5.7,3,5,2,4,In-store,Yes,Influencer,58
GZ001086,27,Male,South,Two+/Other,Some college,Part-time,13544,TikTok,5.1,4,4,3,3,Website,Yes,Influencer,378
GZ001087,26,Female,South,White,High school,Student,10663,YouTube,0.5,2,4,2,4,Website,No,Influencer,240
GZ001088,28,Female,West,Black,Some college,Full-time,50077,TikTok,7.1,3,4,2,5,Website,No,Friends/word-of-mouth,467
GZ001089,25,Male,West,Hispanic,High school,Student,8543,TikTok,6.4,3,4,2,4,Mobile app,Yes,Social media,199
GZ001090,19,Female,Midwest,Hispanic,High school,Gig/freelance,33916,Instagram,7.6,4,3,3,3,Mobile app,Yes,Ads,932
GZ001091,23,Male,West,White,Bachelor's,Part-time,7575,TikTok,6.1,4,4,3,3,Mobile app,Yes,Social media,117
GZ001092,22,Female,South,Hispanic,Bachelor's,Student,7768,TikTok,8.3,4,3,2,2,Mobile app,Yes,Influencer,174
GZ001093,27,Male,Northeast,Hispanic,High school,Student,12907,TikTok,4.9,3,4,2,5,In-store,Yes,Friends/word-of-mouth,196
GZ001094,22,Female,West,White,Some college,Student,12896,TikTok,5.9,4,2,2,4,Mobile app,No,Search,283
GZ001095,21,Female,South,Black,High school,Part-time,24771,TikTok,6.5,3,2,2,2,Mobile app,No,Friends/word-of-mouth,478
GZ001096,18,Prefer not to say,Midwest,White,High school,Student,13133,Instagram,7.3,5,5,3,3,Website,Yes,Social media,144
GZ001097,27,Male,Midwest,White,Some college,Part-time,14982,Snapchat,6.8,4,3,2,3,Website,No,Search,127
GZ001098,26,Male,Midwest,Black,Some college,Part-time,4187,TikTok,7.0,4,4,2,5,Social commerce,Yes,Social media,101
GZ001099,18,Male,West,White,High school,Part-time,15903,TikTok,6.5,2,4,2,3,Mobile app,Yes,Ads,205
GZ001100,22,Female,West,Hispanic,Some college,Part-time,23151,TikTok,5.6,3,4,3,4,In-store,Yes,Social media,390
GZ001101,23,Female,West,Hispanic,Graduate,Full-time,57109,TikTok,7.8,4,3,3,3,Mobile app,No,Influencer,1539
GZ001102,23,Female,South,White,Bachelor's,Student,6868,Instagram,2.7,4,4,2,4,In-store,Yes,Friends/word-of-mouth,178
GZ001103,28,Male,South,White,Some college,Student,5079,Instagram,4.7,4,3,4,5,Social commerce,No,Friends/word-of-mouth,109
GZ001104,19,Female,Northeast,White,Some college,Full-time,25585,YouTube,9.2,2,5,2,4,Mobile app,Yes,Search,360
GZ001105,21,Male,Midwest,White,Some college,Full-time,31724,Snapchat,4.7,3,4,2,1,Website,No,Search,346
GZ001106,19,Female,West,Hispanic,High school,Student,1316,Reddit,5.8,3,4,4,3,Mobile app,Yes,Friends/word-of-mouth,15
GZ001107,20,Female,South,White,Some college,Part-time,13730,Reddit,8.8,5,5,2,2,Website,No,Social media,385
GZ001108,27,Female,Midwest,Two+/Other,Some college,Student,9193,TikTok,5.7,2,3,4,4,Website,No,Friends/word-of-mouth,197
GZ001109,28,Female,South,White,Bachelor's,Part-time,17207,TikTok,4.3,3,2,1,3,In-store,No,Social media,291
GZ001110,18,Female,South,White,Bachelor's,Gig/freelance,22135,Instagram,8.4,2,3,2,5,In-store,No,Friends/word-of-mouth,620
GZ001111,24,Male,South,Asian,Graduate,Full-time,28972,YouTube,5.4,4,5,1,3,Website,No,Friends/word-of-mouth,563
GZ001112,20,Female,Midwest,White,Some college,Student,6680,YouTube,5.6,5,4,1,3,Mobile app,No,Friends/word-of-mouth,111
GZ001113,20,Male,Midwest,Hispanic,High school,Part-time,13503,Instagram,2.0,4,4,3,3,Mobile app,No,Social media,147
GZ001114,21,Male,South,Hispanic,Some college,Full-time,55333,Other,5.7,4,4,3,4,Website,No,Friends/word-of-mouth,558
GZ001115,20,Male,South,Black,Some college,Unemployed,3998,Instagram,7.4,3,5,2,2,Social commerce,Yes,Search,89
GZ001116,23,Male,Midwest,White,Bachelor's,Gig/freelance,63052,X,5.1,4,2,4,2,In-store,No,Social media,598
GZ001117,28,Female,West,White,High school,Full-time,35718,Other,3.4,3,4,3,3,Mobile app,No,Search,358
GZ001118,24,Female,Midwest,Two+/Other,Bachelor's,Full-time,50275,Instagram,5.0,4,4,2,4,Social commerce,No,Social media,1426
GZ001119,25,Female,South,White,Some college,Gig/freelance,22372,TikTok,4.8,4,4,1,4,In-store,No,Social media,462
GZ001120,23,Male,Midwest,Hispanic,Bachelor's,Full-time,35681,TikTok,5.5,3,5,3,3,Website,Yes,Social media,962
GZ001121,18,Male,Northeast,Hispanic,High school,Unemployed,6812,Instagram,5.0,5,5,2,4,In-store,Yes,Friends/word-of-mouth,80
GZ001122,18,Female,West,Hispanic,Some college,Full-time,60853,Reddit,9.3,4,4,3,4,Mobile app,No,Friends/word-of-mouth,1711
GZ001123,20,Female,South,Black,High school,Part-time,3787,X,6.6,4,2,3,3,Social commerce,No,Social media,87
GZ001124,20,Male,Midwest,Two+/Other,Some college,Full-time,22674,TikTok,2.5,5,5,2,3,Mobile app,Yes,Ads,338
GZ001125,27,Male,South,White,Some college,Part-time,16896,TikTok,6.1,4,4,4,4,Social commerce,No,Social media,459
GZ001126,27,Male,South,Hispanic,Bachelor's,Full-time,32226,Snapchat,5.9,3,4,2,5,Website,No,Search,338
GZ001127,27,Male,South,Hispanic,High school,Part-time,5782,Instagram,8.4,3,5,3,4,In-store,No,Friends/word-of-mouth,155
GZ001128,25,Male,Northeast,White,High school,Unemployed,4208,YouTube,5.7,5,4,3,5,Mobile app,No,Friends/word-of-mouth,93
GZ001129,24,Male,West,Black,Some college,Full-time,6503,TikTok,5.6,5,5,3,5,Website,No,Social media,123
GZ001130,25,Female,Northeast,White,High school,Student,9513,TikTok,9.7,4,4,4,3,Website,No,Influencer,253
GZ001131,22,Female,West,White,Some college,Full-time,55796,TikTok,3.9,2,5,1,4,Website,No,Friends/word-of-mouth,480
GZ001132,25,Male,West,Black,Bachelor's,Student,12534,TikTok,7.6,3,4,1,5,Website,No,Social media,249
GZ001133,26,Male,South,Asian,Graduate,Full-time,39272,Instagram,6.1,4,3,2,4,Social commerce,Yes,Friends/word-of-mouth,742
GZ001134,26,Female,Midwest,White,High school,Student,15118,TikTok,5.0,4,5,5,3,Website,Yes,Social media,174
GZ001135,24,Male,South,Hispanic,High school,Student,10343,Instagram,4.7,5,5,4,3,Mobile app,No,Social media,142
GZ001136,18,Female,West,White,Some college,Gig/freelance,35896,Snapchat,8.7,2,3,2,5,Website,No,Social media,436
GZ001137,25,Male,South,White,High school,Unemployed,2674,TikTok,6.9,5,3,2,4,Social commerce,No,Social media,36
GZ001138,22,Female,West,White,Bachelor's,Full-time,70758,Reddit,7.2,5,5,2,4,Mobile app,Yes,Social media,1627
GZ001139,26,Male,West,Black,Some college,Full-time,41944,TikTok,7.8,1,5,3,3,Mobile app,No,Social media,1192
GZ001140,23,Male,South,White,Bachelor's,Full-time,71800,YouTube,6.7,4,4,3,5,Mobile app,No,Friends/word-of-mouth,1570
GZ001141,27,Female,South,White,High school,Student,14500,TikTok,3.9,4,4,3,4,Mobile app,Yes,Social media,287
GZ001142,21,Female,Northeast,Hispanic,High school,Full-time,46869,Snapchat,2.9,2,5,3,3,Website,Yes,Search,871
GZ001143,28,Male,South,White,Graduate,Gig/freelance,30746,TikTok,9.1,3,5,4,4,Mobile app,No,Friends/word-of-mouth,345
GZ001144,27,Female,South,White,High school,Unemployed,3676,Instagram,6.4,4,3,2,4,Mobile app,No,Ads,88
GZ001145,21,Female,South,White,Some college,Full-time,26517,X,6.2,3,3,2,4,Mobile app,Yes,Search,724
GZ001146,23,Male,South,Black,Some college,Full-time,53249,TikTok,9.6,3,5,2,5,Website,Yes,Search,857
GZ001147,23,Female,Midwest,Hispanic,High school,Part-time,22406,Snapchat,3.9,4,5,2,5,Website,No,Friends/word-of-mouth,241
GZ001148,26,Female,South,Black,Graduate,Part-time,4888,YouTube,1.0,3,5,3,2,In-store,No,Friends/word-of-mouth,111
GZ001149,25,Female,West,White,High school,Part-time,17329,TikTok,2.4,3,4,3,4,In-store,Yes,Search,413
GZ001150,27,Male,Midwest,White,High school,Full-time,58405,TikTok,4.9,4,5,4,5,In-store,No,Friends/word-of-mouth,659
GZ001151,22,Female,South,Black,High school,Gig/freelance,43149,Snapchat,6.2,5,4,2,3,Mobile app,Yes,Friends/word-of-mouth,576
GZ001152,23,Female,Northeast,White,Some college,Student,11937,Reddit,8.8,4,5,3,5,Website,No,Friends/word-of-mouth,184
GZ001153,22,Female,Northeast,White,Bachelor's,Full-time,13323,TikTok,7.7,5,5,1,4,Mobile app,Yes,Social media,200
GZ001154,28,Female,South,White,Bachelor's,Full-time,22070,Snapchat,0.9,4,4,3,4,Website,Yes,Friends/word-of-mouth,310
GZ001155,21,Female,South,White,Some college,Student,7598,Snapchat,11.6,5,4,5,4,Social commerce,Yes,Search,156
GZ001156,24,Female,South,White,High school,Full-time,68437,Instagram,5.2,4,4,2,2,Social commerce,No,Influencer,1783
GZ001157,19,Female,South,Asian,Some college,Gig/freelance,18897,Snapchat,8.5,4,4,5,4,Website,No,Social media,388
GZ001158,27,Female,West,White,Some college,Part-time,26574,TikTok,7.1,4,5,1,4,Mobile app,Yes,Social media,310
GZ001159,22,Male,West,Hispanic,Some college,Unemployed,2878,Instagram,6.0,3,4,2,3,Mobile app,No,Friends/word-of-mouth,32
GZ001160,21,Female,West,White,Some college,Student,11157,X,5.5,3,3,2,5,Website,Yes,Influencer,317
GZ001161,24,Female,South,Hispanic,Graduate,Gig/freelance,15001,Snapchat,3.8,3,3,2,2,Mobile app,No,Influencer,127
GZ001162,23,Male,South,Hispanic,Bachelor's,Student,8215,TikTok,3.4,3,4,2,3,In-store,Yes,Search,228
GZ001163,27,Male,Northeast,Asian,Bachelor's,Student,4416,YouTube,5.7,5,5,3,5,Mobile app,No,Friends/word-of-mouth,79
GZ001164,23,Male,Northeast,White,Some college,Full-time,69274,TikTok,3.2,5,3,1,4,Mobile app,No,Social media,585
GZ001165,23,Female,South,Black,High school,Student,6185,TikTok,9.3,3,5,1,3,In-store,Yes,Social media,83
GZ001166,19,Female,Midwest,White,Some college,Student,2734,TikTok,6.2,3,3,4,3,Website,No,Search,57
GZ001167,18,Female,West,Hispanic,High school,Part-time,4826,TikTok,10.2,2,4,1,3,Mobile app,Yes,Ads,61
GZ001168,22,Female,Midwest,Asian,Bachelor's,Student,8653,Instagram,5.1,3,4,2,4,In-store,Yes,Social media,238
GZ001169,28,Female,West,Hispanic,Some college,Full-time,33342,TikTok,4.8,3,3,3,3,Website,Yes,Search,299
GZ001170,28,Male,Northeast,Hispanic,Some college,Part-time,23254,Snapchat,7.2,3,4,2,3,In-store,Yes,Ads,357
GZ001171,24,Female,South,Black,High school,Full-time,37556,Reddit,5.5,3,5,1,4,In-store,No,Social media,583
GZ001172,24,Male,South,Asian,High school,Part-time,27444,Instagram,7.9,4,4,3,3,In-store,Yes,Social media,629
GZ001173,22,Female,Northeast,White,Bachelor's,Part-time,14878,TikTok,8.9,4,4,3,3,Social commerce,Yes,Search,429
GZ001174,19,Female,South,White,Some college,Gig/freelance,38009,Other,8.2,3,4,2,2,Mobile app,No,Social media,1068
GZ001175,18,Male,South,Hispanic,Bachelor's,Part-time,10284,TikTok,8.7,5,4,3,4,Mobile app,No,Friends/word-of-mouth,175
GZ001176,21,Male,Midwest,Two+/Other,High school,Gig/freelance,8411,Instagram,7.6,4,4,3,3,In-store,No,Social media,181
GZ001177,21,Female,Midwest,White,Some college,Unemployed,2517,TikTok,4.9,5,4,3,3,In-store,No,Search,69
GZ001178,20,Male,Midwest,White,High school,Full-time,20666,X,8.3,3,2,3,4,Website,Yes,Ads,495
GZ001179,20,Female,Midwest,Hispanic,Some college,Student,3975,TikTok,7.4,4,4,4,5,Website,Yes,Search,45
GZ001180,18,Female,Midwest,White,Some college,Full-time,49818,X,4.8,4,3,2,4,Mobile app,No,Friends/word-of-mouth,1369
GZ001181,24,Male,South,White,Graduate,Gig/freelance,22907,Other,5.0,5,4,1,4,Mobile app,No,Ads,405
GZ001182,28,Female,West,White,High school,Part-time,19148,X,5.8,4,5,2,5,Mobile app,Yes,Social media,328
GZ001183,25,Female,Midwest,White,Some college,Full-time,51970,Snapchat,8.2,5,4,4,3,Mobile app,No,Social media,505
GZ001184,22,Male,Northeast,Hispanic,Some college,Full-time,10140,YouTube,6.2,3,3,1,4,In-store,Yes,Friends/word-of-mouth,266
GZ001185,22,Female,South,White,Bachelor's,Student,11308,X,6.0,5,4,1,1,Website,Yes,Friends/word-of-mouth,309
GZ001186,21,Female,South,White,High school,Full-time,19221,TikTok,5.7,2,4,3,3,In-store,Yes,Social media,518
GZ001187,19,Female,Midwest,Hispanic,High school,Part-time,13327,Snapchat,5.3,3,3,2,2,Mobile app,No,Friends/word-of-mouth,164
GZ001188,24,Male,South,White,Some college,Gig/freelance,3862,TikTok,3.7,4,5,5,5,In-store,Yes,Friends/word-of-mouth,40
GZ001189,24,Male,South,White,Graduate,Full-time,54371,Instagram,7.6,3,3,3,4,Mobile app,Yes,Social media,704
GZ001190,18,Female,Midwest,White,High school,Student,2159,Instagram,4.0,3,4,4,2,Mobile app,No,Social media,29
GZ001191,22,Female,West,White,Some college,Student,4139,Other,6.1,3,5,2,3,Website,Yes,Friends/word-of-mouth,63
GZ001192,21,Male,South,Hispanic,High school,Full-time,20688,TikTok,5.2,4,4,3,2,Website,No,Search,392
GZ001193,19,Female,South,White,Some college,Full-time,39566,Instagram,7.5,4,3,3,4,In-store,No,Social media,1142
GZ001194,25,Male,South,White,High school,Full-time,38989,YouTube,5.3,5,3,4,4,Website,Yes,Social media,624
GZ001195,23,Male,Midwest,White,Bachelor's,Unemployed,5461,YouTube,4.0,5,3,2,3,Social commerce,No,Social media,70
GZ001196,24,Female,West,White,Some college,Student,8576,TikTok,8.0,4,4,2,3,Website,Yes,Social media,108
GZ001197,25,Female,South,White,Some college,Part-time,25822,Instagram,4.3,3,4,3,3,Mobile app,No,Friends/word-of-mouth,533
GZ001198,28,Female,South,White,Bachelor's,Gig/freelance,30438,YouTube,6.3,4,4,2,5,Website,Yes,Influencer,690
GZ001199,26,Female,South,White,Bachelor's,Full-time,24130,Reddit,8.5,3,5,1,3,In-store,No,Friends/word-of-mouth,432
GZ001200,24,Female,South,White,Some college,Full-time,29390,X,4.5,4,4,2,5,Website,No,Search,743
GZ001201,27,Male,South,Black,Some college,Full-time,70550,TikTok,5.8,5,2,2,3,Mobile app,No,Friends/word-of-mouth,610
GZ001202,23,Female,West,White,High school,Student,13971,TikTok,5.1,3,5,2,4,Website,Yes,Search,293
GZ001203,28,Male,South,White,Some college,Part-time,24675,YouTube,6.3,4,3,2,4,In-store,Yes,Social media,516
GZ001204,26,Male,South,Hispanic,Some college,Student,12869,Instagram,5.9,4,5,3,3,Website,No,Social media,348
GZ001205,25,Female,West,White,High school,Full-time,50790,YouTube,7.8,3,5,3,4,Website,Yes,Search,639
GZ001206,27,Female,West,Black,Bachelor's,Student,10357,Snapchat,4.8,4,4,3,5,Mobile app,Yes,Social media,166
GZ001207,23,Female,South,White,High school,Gig/freelance,26581,TikTok,8.5,2,5,3,4,In-store,Yes,Ads,494
GZ001208,25,Male,South,White,High school,Part-time,31760,Reddit,9.2,4,4,1,3,Mobile app,No,Social media,611
GZ001209,21,Female,South,Asian,Some college,Full-time,33217,TikTok,6.5,2,4,2,4,Mobile app,Yes,Friends/word-of-mouth,472
GZ001210,28,Male,South,White,Bachelor's,Student,9973,X,4.4,5,2,3,5,In-store,No,Social media,189
GZ001211,24,Male,Midwest,White,Bachelor's,Full-time,9713,Instagram,5.9,5,2,4,2,Website,Yes,Search,113
GZ001212,26,Male,South,Hispanic,Some college,Full-time,14959,Snapchat,5.8,3,5,2,2,Mobile app,No,Friends/word-of-mouth,240
GZ001213,23,Prefer not to say,Midwest,Two+/Other,Some college,Student,16351,TikTok,9.5,2,5,4,5,Mobile app,Yes,Friends/word-of-mouth,457
GZ001214,27,Male,Midwest,White,Graduate,Part-time,22995,Instagram,5.8,4,5,3,3,Website,No,Social media,280
GZ001215,18,Male,South,Hispanic,Some college,Student,8138,TikTok,8.8,4,5,1,5,Social commerce,Yes,Search,91
GZ001216,19,Male,South,White,Some college,Full-time,43480,YouTube,6.2,5,4,2,3,Social commerce,Yes,Search,389
GZ001217,23,Male,South,Hispanic,High school,Full-time,16331,X,6.1,5,4,1,3,In-store,No,Social media,385
GZ001218,26,Male,South,White,Bachelor's,Student,7266,Snapchat,5.3,4,2,2,5,Website,Yes,Friends/word-of-mouth,154
GZ001219,26,Male,West,Hispanic,Some college,Student,3094,YouTube,5.5,3,4,3,4,In-store,Yes,Search,38
GZ001220,22,Female,South,White,Some college,Part-time,15608,TikTok,7.8,3,4,3,2,Social commerce,Yes,Friends/word-of-mouth,261
GZ001221,25,Male,Midwest,Hispanic,Some college,Part-time,23510,Other,4.5,4,4,2,4,Mobile app,No,Social media,289
GZ001222,24,Male,West,White,Graduate,Full-time,50567,Instagram,7.9,4,5,2,3,Website,No,Search,1157
GZ001223,28,Male,Midwest,Hispanic,Some college,Part-time,30871,YouTube,8.9,3,5,3,4,Social commerce,No,Search,345
GZ001224,25,Female,Midwest,Hispanic,Some college,Unemployed,4530,TikTok,4.8,2,5,2,4,In-store,Yes,Social media,109
GZ001225,22,Male,West,Black,Graduate,Full-time,0,Snapchat,8.4,5,3,3,3,Social commerce,Yes,Friends/word-of-mouth,0
GZ001226,28,Male,Northeast,Two+/Other,High school,Student,16900,Instagram,8.1,4,4,1,3,Social commerce,Yes,Social media,308
GZ001227,19,Male,Northeast,White,Some college,Full-time,26110,Instagram,7.7,4,4,2,2,Mobile app,No,Search,656
GZ001228,28,Female,South,Hispanic,High school,Full-time,45063,TikTok,4.7,3,5,1,3,Website,Yes,Social media,874
GZ001229,19,Male,South,White,Some college,Student,9412,Instagram,5.8,5,4,2,4,Mobile app,Yes,Search,154
GZ001230,21,Male,South,Asian,Some college,Student,9975,TikTok,5.8,5,4,4,4,Website,Yes,Influencer,162
GZ001231,27,Male,South,Hispanic,Some college,Full-time,42908,Reddit,10.2,4,5,2,3,Mobile app,No,Search,824
GZ001232,26,Male,West,White,High school,Part-time,18531,Snapchat,6.0,4,4,2,5,Website,Yes,Ads,217
GZ001233,28,Male,South,White,Bachelor's,Full-time,17021,X,5.6,4,5,1,4,Website,Yes,Friends/word-of-mouth,240
GZ001234,26,Male,West,Hispanic,Some college,Part-time,38954,Instagram,3.7,4,4,2,4,In-store,No,Ads,776
GZ001235,25,Female,Midwest,Black,Some college,Student,11638,YouTube,4.1,4,4,2,2,Mobile app,No,Influencer,146
GZ001236,21,Non-binary,South,Black,High school,Full-time,42980,Instagram,4.6,4,3,4,5,Social commerce,No,Influencer,907
GZ001237,18,Female,West,Hispanic,High school,Part-time,32919,Reddit,6.7,4,4,2,4,Mobile app,Yes,Social media,450
GZ001238,19,Male,South,White,Some college,Part-time,9317,TikTok,3.2,3,4,2,5,Website,No,Influencer,201
GZ001239,21,Male,Midwest,Asian,High school,Gig/freelance,36160,TikTok,4.7,4,3,1,3,Social commerce,No,Social media,394
GZ001240,18,Female,Midwest,Hispanic,High school,Full-time,31507,Instagram,2.3,4,5,1,2,Social commerce,No,Influencer,592
GZ001241,23,Female,South,Hispanic,Bachelor's,Student,10629,Instagram,8.8,4,5,3,3,Website,No,Search,254
GZ001242,26,Female,Midwest,Hispanic,Bachelor's,Full-time,50022,Reddit,6.2,5,3,1,5,Mobile app,Yes,Social media,745
GZ001243,28,Male,South,Hispanic,Some college,Full-time,0,TikTok,6.6,5,3,3,2,Mobile app,No,Influencer,0
GZ001244,23,Male,Midwest,Hispanic,High school,Full-time,14941,YouTube,3.8,4,4,1,5,In-store,Yes,Friends/word-of-mouth,227
GZ001245,27,Female,West,Hispanic,Some college,Student,15425,TikTok,8.3,4,5,2,3,Mobile app,No,Friends/word-of-mouth,376
GZ001246,28,Male,West,Black,Bachelor's,Full-time,37234,TikTok,9.0,4,5,4,4,Mobile app,No,Influencer,982
GZ001247,27,Female,Midwest,Black,Some college,Unemployed,7602,X,6.1,3,5,3,4,Website,Yes,Ads,70
GZ001248,23,Male,Northeast,White,High school,Part-time,28612,Snapchat,5.0,4,4,1,3,Mobile app,Yes,Friends/word-of-mouth,396
GZ001249,21,Female,Midwest,White,High school,Gig/freelance,23422,X,7.1,5,4,5,3,In-store,No,Search,667
GZ001250,28,Female,West,Hispanic,Bachelor's,Full-time,36169,Instagram,7.5,5,4,1,3,Website,No,Social media,371
GZ001251,20,Female,Midwest,Hispanic,High school,Full-time,73155,YouTube,7.7,4,3,4,5,Social commerce,No,Friends/word-of-mouth,807
GZ001252,22,Male,West,Hispanic,High school,Student,17517,YouTube,7.3,3,4,2,4,Mobile app,No,Search,151
GZ001253,18,Female,Midwest,Black,Bachelor's,Part-time,15678,YouTube,7.9,3,3,1,2,Social commerce,Yes,Search,217
GZ001254,26,Male,Midwest,White,Some college,Part-time,30459,TikTok,4.6,4,3,2,2,Social commerce,Yes,Friends/word-of-mouth,627
GZ001255,25,Female,South,White,Bachelor's,Gig/freelance,38051,TikTok,7.8,3,4,2,4,Website,No,Friends/word-of-mouth,519
GZ001256,18,Female,South,Black,Some college,Student,13870,TikTok,5.1,4,4,2,4,Mobile app,No,Social media,395
GZ001257,20,Female,South,Asian,Some college,Gig/freelance,27183,YouTube,1.0,1,4,2,2,Mobile app,No,Social media,487
GZ001258,24,Female,South,White,High school,Full-time,29291,Snapchat,5.1,3,2,3,5,Social commerce,Yes,Social media,617
GZ001259,23,Male,West,White,High school,Student,4729,YouTube,4.9,4,3,4,1,Website,Yes,Friends/word-of-mouth,61
GZ001260,26,Female,South,White,Bachelor's,Student,3717,TikTok,6.5,5,5,3,3,Mobile app,Yes,Search,79
GZ001261,20,Non-binary,West,White,Some college,Student,16739,Snapchat,7.7,4,4,2,4,Mobile app,Yes,Search,234
GZ001262,28,Female,South,Hispanic,Some college,Student,9044,TikTok,6.4,4,5,2,3,Social commerce,Yes,Search,252
GZ001263,22,Female,South,White,Some college,Student,4363,Reddit,10.0,3,4,2,4,Social commerce,No,Influencer,110
GZ001264,27,Female,Midwest,White,High school,Gig/freelance,37728,Instagram,4.9,5,4,2,4,Mobile app,No,Search,323
GZ001265,20,Female,West,Hispanic,High school,Full-time,32949,YouTube,2.0,3,3,1,4,Website,No,Ads,557
GZ001266,18,Male,West,Hispanic,Some college,Full-time,29696,TikTok,6.6,5,3,5,3,In-store,Yes,Search,504
GZ001267,18,Male,Midwest,Hispanic,High school,Full-time,81085,TikTok,4.9,3,5,3,4,In-store,No,Search,1596
GZ001268,22,Female,Northeast,White,High school,Full-time,16849,Instagram,3.8,5,3,3,3,In-store,Yes,Social media,422
GZ001269,28,Male,West,White,Some college,Student,9951,Instagram,5.4,4,5,4,2,In-store,Yes,Search,263
GZ001270,18,Male,South,White,Some college,Part-time,13213,TikTok,4.4,3,4,1,5,In-store,Yes,Social media,269
GZ001271,22,Male,South,Asian,High school,Part-time,11920,Instagram,4.6,5,4,5,5,Website,No,Search,272
GZ001272,19,Male,Northeast,White,High school,Gig/freelance,8872,TikTok,9.0,5,4,1,4,Website,Yes,Social media,126
GZ001273,28,Male,Midwest,Hispanic,Some college,Gig/freelance,26697,Reddit,6.2,4,4,1,4,In-store,No,Social media,270
GZ001274,25,Male,Midwest,Hispanic,High school,Part-time,10921,Instagram,5.5,4,3,2,4,In-store,No,Ads,92
GZ001275,26,Male,Midwest,Black,High school,Part-time,22790,Instagram,9.2,3,4,3,2,Mobile app,No,Social media,200
GZ001276,25,Male,South,White,High school,Full-time,41111,Instagram,5.4,4,3,4,3,Website,Yes,Influencer,966
GZ001277,25,Male,West,White,High school,Part-time,15467,Snapchat,3.5,3,4,4,4,Website,No,Friends/word-of-mouth,195
GZ001278,26,Female,Midwest,Black,Bachelor's,Part-time,10964,TikTok,3.3,1,4,2,4,Social commerce,No,Social media,253
GZ001279,18,Male,Northeast,White,High school,Full-time,69040,YouTube,5.8,2,5,1,5,Website,Yes,Social media,707
GZ001280,27,Male,South,Hispanic,Some college,Student,11979,Reddit,2.7,3,4,2,4,Mobile app,No,Friends/word-of-mouth,302
GZ001281,26,Female,West,White,Bachelor's,Part-time,12481,Instagram,3.7,3,5,2,3,Mobile app,Yes,Social media,266
GZ001282,26,Male,South,Two+/Other,High school,Full-time,16311,TikTok,5.2,4,4,1,4,Social commerce,No,Social media,264
GZ001283,22,Male,Northeast,Hispanic,High school,Student,1353,TikTok,8.3,3,4,3,3,Website,No,Search,34
GZ001284,26,Female,South,White,Graduate,Part-time,27212,X,8.6,3,5,2,2,Mobile app,Yes,Search,620
GZ001285,22,Male,Midwest,Black,Some college,Full-time,59183,TikTok,7.3,3,4,3,5,Website,No,Social media,1522
GZ001286,18,Male,South,Hispanic,High school,Full-time,61780,TikTok,6.0,5,4,3,4,Mobile app,No,Social media,1428
GZ001287,27,Male,West,Hispanic,Some college,Full-time,39726,X,4.9,4,5,3,5,Mobile app,No,Search,372
GZ001288,20,Female,Midwest,White,High school,Part-time,24528,Reddit,6.8,5,5,2,3,Mobile app,Yes,Ads,494
GZ001289,19,Female,South,White,Bachelor's,Part-time,26320,Instagram,9.6,4,5,4,4,In-store,Yes,Influencer,517
GZ001290,24,Male,Midwest,Hispanic,High school,Full-time,40680,TikTok,6.3,2,2,2,3,In-store,Yes,Influencer,1035
GZ001291,20,Female,Northeast,White,Some college,Gig/freelance,21809,YouTube,5.1,3,4,2,3,Mobile app,No,Social media,263
GZ001292,27,Female,Northeast,Black,High school,Gig/freelance,14577,Snapchat,5.7,4,4,2,5,In-store,Yes,Social media,189
GZ001293,22,Female,South,White,Some college,Part-time,21451,TikTok,5.5,4,2,3,1,In-store,No,Ads,221
GZ001294,18,Female,Midwest,Hispanic,Bachelor's,Gig/freelance,32542,TikTok,7.1,3,4,3,4,Mobile app,No,Influencer,577
GZ001295,28,Male,West,White,Some college,Part-time,14707,Reddit,4.5,3,4,2,5,Mobile app,No,Social media,124
GZ001296,23,Male,West,Hispanic,Bachelor's,Full-time,36542,Snapchat,6.8,3,2,2,2,In-store,No,Search,775
GZ001297,20,Male,West,White,High school,Part-time,16239,Instagram,7.1,4,3,4,3,Website,No,Search,186
GZ001298,25,Male,West,White,Some college,Full-time,56954,Reddit,6.7,4,5,1,4,Mobile app,No,Search,654
GZ001299,23,Female,South,White,High school,Part-time,6867,YouTube,3.8,3,5,5,2,Website,Yes,Friends/word-of-mouth,71
GZ001300,18,Female,West,Hispanic,High school,Unemployed,2010,X,5.7,4,3,2,4,In-store,Yes,Ads,35
GZ001301,26,Female,South,White,Bachelor's,Part-time,9205,TikTok,4.9,4,3,2,3,Mobile app,Yes,Social media,118
GZ001302,22,Female,South,Black,High school,Full-time,39192,Instagram,5.9,4,5,3,5,Website,Yes,Influencer,355
GZ001303,25,Female,South,White,Some college,Full-time,47958,YouTube,4.7,3,2,3,5,Mobile app,No,Social media,620
GZ001304,27,Female,South,Hispanic,Some college,Gig/freelance,13494,Instagram,8.5,4,5,2,3,Mobile app,No,Search,316
GZ001305,24,Female,Midwest,Hispanic,Some college,Full-time,59180,Instagram,6.4,5,2,3,1,In-store,No,Search,499
GZ001306,25,Female,West,White,Some college,Gig/freelance,43112,YouTube,2.8,3,5,1,4,In-store,Yes,Friends/word-of-mouth,585
GZ001307,20,Male,South,White,Some college,Full-time,49820,YouTube,3.3,3,5,2,5,Social commerce,No,Social media,650
GZ001308,20,Male,Midwest,White,High school,Student,13547,TikTok,8.4,4,2,1,4,Mobile app,No,Social media,185
GZ001309,22,Male,Northeast,Hispanic,High school,Full-time,24703,Instagram,5.6,3,4,2,4,Website,No,Influencer,319
GZ001310,27,Male,Northeast,Two+/Other,Graduate,Full-time,25153,YouTube,5.2,2,4,2,4,Mobile app,Yes,Social media,394
GZ001311,23,Male,Midwest,White,High school,Full-time,51726,YouTube,8.3,3,2,1,3,Social commerce,No,Social media,1258
GZ001312,21,Female,Northeast,Hispanic,Some college,Full-time,41274,Instagram,5.7,4,4,2,3,Website,No,Social media,892
GZ001313,26,Male,West,Hispanic,High school,Full-time,25118,TikTok,3.6,3,4,2,4,Social commerce,No,Search,381
GZ001314,27,Female,Northeast,Hispanic,Some college,Full-time,68933,TikTok,3.7,4,2,3,3,Website,No,Search,1603
GZ001315,27,Female,Northeast,Hispanic,Some college,Student,10210,Snapchat,7.3,2,5,1,4,Mobile app,No,Search,156
GZ001316,21,Female,South,Two+/Other,Bachelor's,Student,11843,Snapchat,10.1,4,4,2,3,Website,Yes,Social media,215
GZ001317,25,Female,Northeast,White,Bachelor's,Full-time,29256,YouTube,7.7,5,5,1,3,Social commerce,Yes,Influencer,609
GZ001318,24,Female,Midwest,Black,High school,Student,15803,Instagram,5.2,3,4,3,4,Mobile app,No,Social media,315
GZ001319,22,Male,Midwest,White,Some college,Student,8368,TikTok,5.5,4,3,2,3,Mobile app,No,Ads,135
GZ001320,22,Male,Northeast,Black,Bachelor's,Unemployed,5834,Instagram,6.1,3,3,3,2,In-store,Yes,Social media,80
GZ001321,19,Male,West,Two+/Other,High school,Part-time,13279,Instagram,2.0,4,4,2,4,Website,Yes,Search,292
GZ001322,21,Male,West,Asian,Some college,Part-time,19366,Instagram,6.0,3,4,1,2,Mobile app,No,Friends/word-of-mouth,321
GZ001323,24,Male,Midwest,White,Some college,Unemployed,5004,TikTok,7.2,3,5,2,4,Mobile app,No,Search,102
GZ001324,27,Female,Midwest,Black,High school,Unemployed,7591,TikTok,9.5,3,4,1,4,Mobile app,No,Influencer,128
GZ001325,27,Male,Northeast,White,Bachelor's,Unemployed,3208,X,8.2,3,2,3,5,Website,Yes,Friends/word-of-mouth,79
GZ001326,20,Male,Northeast,Hispanic,Some college,Student,9820,Instagram,9.9,5,4,4,5,Social commerce,No,Search,274
GZ001327,25,Female,Midwest,White,Bachelor's,Student,11397,Reddit,9.4,2,2,3,5,Website,Yes,Social media,319
GZ001328,18,Female,Northeast,Hispanic,High school,Unemployed,1453,YouTube,8.8,4,4,2,3,Website,Yes,Search,13
GZ001329,25,Male,South,White,Some college,Part-time,387,Snapchat,6.1,4,5,2,3,Mobile app,No,Friends/word-of-mouth,7
GZ001330,21,Male,Northeast,White,High school,Full-time,23178,TikTok,6.7,4,5,3,4,Social commerce,Yes,Friends/word-of-mouth,368
GZ001331,22,Female,South,White,High school,Unemployed,5740,TikTok,2.7,4,4,3,3,Social commerce,No,Search,58
GZ001332,25,Male,West,White,Some college,Gig/freelance,46081,YouTube,6.3,3,3,2,4,In-store,No,Social media,1189
GZ001333,22,Female,South,White,High school,Full-time,24555,Instagram,7.1,4,3,3,5,Website,No,Social media,546
GZ001334,26,Female,West,Black,High school,Full-time,19003,TikTok,5.4,5,4,1,4,Social commerce,No,Social media,383
GZ001335,23,Female,West,Hispanic,Some college,Gig/freelance,43956,YouTube,2.9,4,3,3,4,Website,Yes,Friends/word-of-mouth,1208
GZ001336,28,Female,South,Black,Some college,Full-time,31313,TikTok,9.2,2,5,1,2,Mobile app,Yes,Friends/word-of-mouth,680
GZ001337,25,Male,Midwest,Black,Some college,Student,7494,TikTok,6.8,4,4,2,4,Mobile app,No,Search,206
GZ001338,21,Female,Midwest,White,Some college,Full-time,69577,Other,9.4,3,4,1,2,Mobile app,No,Friends/word-of-mouth,1551
GZ001339,26,Male,South,White,Some college,Full-time,66469,Instagram,7.5,4,3,3,5,Website,Yes,Search,662
GZ001340,22,Female,Midwest,White,High school,Student,12782,TikTok,8.7,2,3,3,3,Mobile app,No,Search,111
GZ001341,23,Male,South,White,Bachelor's,Unemployed,919,TikTok,8.3,4,3,2,2,Mobile app,No,Influencer,24
GZ001342,19,Male,South,Hispanic,High school,Part-time,7806,Reddit,4.6,3,3,1,3,Website,No,Search,152
GZ001343,19,Male,South,Hispanic,High school,Full-time,63177,X,5.0,5,5,3,4,In-store,No,Social media,962
GZ001344,24,Male,West,Hispanic,Bachelor's,Full-time,48008,TikTok,5.1,3,5,4,2,Website,No,Social media,1000
GZ001345,20,Male,Midwest,Hispanic,High school,Full-time,27300,Instagram,4.1,5,4,4,3,In-store,No,Social media,475
GZ001346,28,Male,West,White,Some college,Unemployed,3379,YouTube,9.5,2,3,3,3,In-store,No,Social media,48
GZ001347,27,Male,Midwest,Black,Some college,Part-time,26998,TikTok,6.1,4,5,3,4,Mobile app,No,Search,422
GZ001348,25,Male,West,White,High school,Unemployed,6749,Instagram,6.9,3,3,1,1,Social commerce,No,Social media,143
GZ001349,26,Female,Midwest,Black,Some college,Gig/freelance,25930,TikTok,3.3,3,2,4,4,Mobile app,No,Social media,560
GZ001350,24,Female,Northeast,White,Some college,Part-time,12435,TikTok,7.6,5,4,1,3,In-store,No,Friends/word-of-mouth,345
GZ001351,18,Female,West,White,High school,Full-time,36793,YouTube,5.2,3,3,3,5,Website,No,Social media,916
GZ001352,22,Female,South,White,Some college,Unemployed,6417,TikTok,8.5,3,3,2,4,Website,No,Ads,153
GZ001353,23,Female,South,White,Some college,Full-time,67014,Instagram,4.6,3,3,1,5,Social commerce,No,Search,1665
GZ001354,28,Female,West,White,Some college,Gig/freelance,28272,TikTok,8.7,3,4,3,4,In-store,Yes,Search,245
GZ001355,20,Male,West,White,Some college,Part-time,13711,Instagram,7.9,4,4,2,2,Mobile app,No,Search,394
GZ001356,23,Female,South,Hispanic,Some college,Full-time,62464,X,5.1,3,3,2,4,Website,Yes,Friends/word-of-mouth,1766
GZ001357,21,Male,Northeast,Asian,Some college,Part-time,31145,Instagram,8.8,5,4,2,4,Website,Yes,Friends/word-of-mouth,409
GZ001358,19,Female,Northeast,White,Bachelor's,Part-time,6226,Instagram,8.3,5,3,2,3,Website,Yes,Influencer,161
GZ001359,19,Male,South,White,High school,Student,8058,Instagram,7.0,3,2,2,3,Mobile app,No,Social media,130
GZ001360,22,Female,South,Black,Graduate,Student,13681,Snapchat,4.0,5,3,1,1,Social commerce,Yes,Search,318
GZ001361,18,Female,South,White,Some college,Full-time,43392,YouTube,7.6,3,4,3,4,Mobile app,No,Search,600
GZ001362,18,Female,West,Black,High school,Part-time,14042,TikTok,6.1,2,3,2,3,Social commerce,No,Social media,392
GZ001363,21,Male,Northeast,White,Bachelor's,Part-time,19500,TikTok,6.1,3,4,4,3,In-store,No,Social media,526
GZ001364,20,Female,West,White,Some college,Unemployed,4667,Instagram,6.1,2,5,3,2,In-store,No,Social media,118
GZ001365,24,Male,South,White,Graduate,Gig/freelance,12816,Snapchat,5.9,5,3,3,3,Website,No,Social media,122
GZ001366,18,Female,West,White,High school,Student,9367,TikTok,4.3,3,5,4,4,In-store,Yes,Search,91
GZ001367,21,Male,South,Hispanic,High school,Unemployed,4661,Instagram,3.0,5,4,3,4,Mobile app,No,Friends/word-of-mouth,90
GZ001368,22,Female,West,Black,High school,Part-time,14024,YouTube,2.6,4,4,2,3,Website,No,Friends/word-of-mouth,373
GZ001369,28,Male,West,White,High school,Full-time,27267,Instagram,6.6,3,3,1,2,Website,No,Social media,352
GZ001370,24,Female,Midwest,Asian,Some college,Full-time,31833,YouTube,1.2,3,4,3,3,Website,No,Friends/word-of-mouth,351
GZ001371,27,Female,West,White,Some college,Gig/freelance,14640,Instagram,7.5,5,4,4,3,Website,Yes,Social media,261
GZ001372,21,Female,Northeast,White,High school,Part-time,24890,YouTube,7.0,4,5,3,3,In-store,No,Social media,691
GZ001373,22,Female,South,Black,Graduate,Gig/freelance,14491,Snapchat,5.4,3,3,2,4,Mobile app,Yes,Social media,405
GZ001374,22,Female,Midwest,Black,High school,Part-time,19531,X,8.1,5,4,2,3,Social commerce,No,Social media,541
GZ001375,27,Prefer not to say,South,Hispanic,Some college,Full-time,34927,YouTube,5.5,4,4,2,5,Website,Yes,Influencer,661
GZ001376,28,Female,South,White,Bachelor's,Part-time,12279,Instagram,6.8,3,5,3,3,In-store,Yes,Search,342
GZ001377,28,Female,Northeast,White,Bachelor's,Student,14553,YouTube,2.1,4,5,2,2,Social commerce,No,Social media,418
GZ001378,26,Male,Midwest,White,Bachelor's,Part-time,16940,Snapchat,1.5,2,4,4,3,Social commerce,No,Friends/word-of-mouth,462
GZ001379,23,Female,South,Black,Bachelor's,Gig/freelance,18168,Instagram,5.5,4,5,2,3,Website,No,Search,316
GZ001380,23,Female,West,White,Graduate,Student,5901,Instagram,6.8,4,5,3,5,Social commerce,No,Influencer,79
GZ001381,28,Male,Midwest,Hispanic,Some college,Part-time,20746,TikTok,7.9,4,5,1,3,Website,No,Friends/word-of-mouth,497
GZ001382,21,Male,Northeast,White,Some college,Student,12347,YouTube,5.6,3,4,2,2,Mobile app,Yes,Influencer,170
GZ001383,21,Male,Midwest,White,High school,Full-time,66017,Instagram,6.5,3,4,1,3,Website,Yes,Friends/word-of-mouth,1035
GZ001384,27,Female,South,White,Some college,Gig/freelance,24038,TikTok,7.6,4,5,4,3,Mobile app,No,Friends/word-of-mouth,469
GZ001385,22,Non-binary,West,White,Bachelor's,Full-time,37695,Instagram,5.7,5,4,2,2,In-store,No,Search,990
GZ001386,20,Female,South,Hispanic,Some college,Student,9530,Other,7.2,4,5,2,4,Mobile app,No,Social media,174
GZ001387,24,Non-binary,South,Two+/Other,Some college,Part-time,19353,TikTok,3.7,3,3,1,4,Website,No,Search,192
GZ001388,21,Male,West,Black,High school,Full-time,27408,Instagram,2.7,5,5,1,3,Mobile app,No,Search,559
GZ001389,27,Male,Midwest,Hispanic,Bachelor's,Student,14922,X,4.9,4,4,2,3,Mobile app,No,Social media,148
GZ001390,27,Female,South,White,High school,Part-time,18179,X,7.5,4,4,2,3,In-store,No,Social media,241
GZ001391,21,Female,Midwest,Asian,High school,Student,11165,Instagram,4.6,4,4,3,3,Mobile app,No,Social media,118
GZ001392,23,Male,Midwest,Black,High school,Part-time,21438,TikTok,7.3,4,4,4,2,Social commerce,No,Social media,437
GZ001393,28,Male,Midwest,Black,Some college,Full-time,49634,Instagram,3.9,3,4,1,5,Mobile app,No,Search,668
GZ001394,26,Male,South,White,Some college,Full-time,23022,TikTok,4.8,4,4,3,5,Website,Yes,Social media,487
GZ001395,20,Male,West,White,Bachelor's,Student,8974,Instagram,6.5,5,4,3,2,Website,No,Social media,198
GZ001396,24,Male,South,Hispanic,Some college,Part-time,36474,YouTube,4.7,5,2,2,3,Website,Yes,Social media,665
GZ001397,24,Female,South,White,Graduate,Part-time,30856,Snapchat,5.0,2,5,2,2,Mobile app,No,Social media,258
GZ001398,25,Female,South,White,Bachelor's,Full-time,44967,YouTube,0.8,5,4,3,4,Social commerce,Yes,Search,403
GZ001399,18,Female,South,White,Bachelor's,Full-time,35066,Reddit,7.7,3,4,2,2,Mobile app,Yes,Social media,644
GZ001400,21,Female,South,Hispanic,Some college,Student,17,YouTube,5.8,4,4,2,4,Mobile app,No,Search,0
GZ001401,27,Female,South,White,High school,Gig/freelance,20181,Instagram,4.1,5,5,1,4,Website,Yes,Social media,370
GZ001402,20,Male,Northeast,Hispanic,High school,Student,8682,TikTok,9.7,3,4,1,3,Mobile app,No,Search,176
GZ001403,21,Male,Midwest,Hispanic,High school,Student,7714,Snapchat,4.4,3,4,1,5,Website,No,Social media,139
GZ001404,21,Male,South,White,Some college,Part-time,15993,YouTube,5.0,3,4,3,3,Mobile app,No,Search,312
GZ001405,19,Female,Northeast,White,High school,Student,11520,TikTok,4.1,4,5,2,3,In-store,Yes,Social media,327
GZ001406,19,Male,South,Asian,Some college,Gig/freelance,14295,TikTok,8.2,4,4,1,2,Mobile app,No,Friends/word-of-mouth,307
GZ001407,21,Male,West,White,High school,Full-time,47153,YouTube,8.9,3,4,2,1,Website,Yes,Influencer,586
GZ001408,27,Male,Midwest,White,Bachelor's,Student,8553,TikTok,8.7,5,4,1,4,Website,No,Search,100
GZ001409,18,Male,West,White,High school,Full-time,25324,Snapchat,8.6,3,4,4,3,Social commerce,No,Social media,712
GZ001410,21,Male,South,White,Some college,Full-time,73640,TikTok,4.8,4,5,2,5,Mobile app,No,Social media,2117
GZ001411,18,Male,South,Hispanic,High school,Full-time,56133,YouTube,9.3,4,3,3,3,Website,No,Social media,1003
GZ001412,24,Female,West,White,Graduate,Full-time,27137,TikTok,5.6,5,5,3,3,Website,No,Social media,713
GZ001413,20,Male,Midwest,Black,Bachelor's,Full-time,51776,Instagram,2.9,3,5,3,4,Mobile app,No,Search,1118
GZ001414,26,Female,West,White,Some college,Full-time,15739,Snapchat,5.1,4,4,3,3,Website,Yes,Friends/word-of-mouth,145
GZ001415,24,Female,West,Two+/Other,High school,Full-time,29460,TikTok,6.7,5,4,2,2,Website,Yes,Search,719
GZ001416,26,Female,South,Hispanic,Graduate,Full-time,67091,TikTok,4.7,2,3,1,3,Mobile app,No,Social media,1075
GZ001417,24,Male,West,White,High school,Full-time,48643,TikTok,6.3,3,5,2,2,Website,No,Social media,990
GZ001418,22,Male,South,Hispanic,Some college,Part-time,20196,TikTok,7.1,5,2,2,3,Website,Yes,Social media,542
GZ001419,27,Male,Northeast,White,High school,Gig/freelance,37547,Instagram,6.8,4,4,1,5,Mobile app,No,Social media,724
GZ001420,23,Female,Midwest,Asian,Some college,Student,11475,TikTok,7.3,4,4,1,3,Website,Yes,Social media,235
GZ001421,28,Female,West,Hispanic,High school,Full-time,36971,Instagram,5.6,3,5,1,3,Website,Yes,Influencer,930
GZ001422,28,Male,Midwest,White,Bachelor's,Part-time,25584,YouTube,4.5,5,3,1,4,Social commerce,Yes,Social media,642
GZ001423,24,Female,South,White,Some college,Part-time,4319,Reddit,3.1,2,3,2,3,Website,Yes,Search,92
GZ001424,25,Male,South,Two+/Other,Some college,Full-time,29384,TikTok,5.8,5,5,2,4,Mobile app,No,Ads,267
GZ001425,20,Female,West,Hispanic,High school,Part-time,17214,Reddit,4.9,2,4,2,5,In-store,No,Ads,457
GZ001426,26,Male,West,Hispanic,Some college,Full-time,52352,Other,5.8,2,2,3,4,Website,Yes,Social media,1117
GZ001427,25,Male,Midwest,White,Bachelor's,Part-time,15367,YouTube,1.9,3,4,3,3,In-store,No,Search,302
GZ001428,27,Male,Northeast,White,Bachelor's,Student,1774,YouTube,3.0,4,5,3,3,Website,No,Friends/word-of-mouth,46
GZ001429,20,Female,South,Hispanic,Some college,Part-time,2411,Instagram,7.0,3,5,3,3,Mobile app,Yes,Social media,39
GZ001430,26,Male,South,Hispanic,Some college,Full-time,40713,TikTok,2.7,3,3,2,3,Website,No,Search,422
GZ001431,23,Male,West,Black,Bachelor's,Full-time,32970,X,5.6,3,4,1,3,Mobile app,Yes,Ads,451
GZ001432,20,Male,South,Hispanic,Some college,Gig/freelance,15353,X,4.3,3,5,1,3,Mobile app,No,Influencer,419
GZ001433,19,Male,South,Hispanic,Some college,Student,4637,TikTok,4.2,3,2,3,3,Website,No,Influencer,114
GZ001434,24,Female,Northeast,White,Bachelor's,Student,9541,TikTok,6.2,4,4,2,4,Website,No,Search,176
GZ001435,21,Male,Midwest,Black,Some college,Unemployed,6344,TikTok,6.1,3,5,3,3,Mobile app,No,Search,161
GZ001436,19,Female,Northeast,White,Some college,Student,9542,Instagram,7.1,1,2,5,4,Mobile app,Yes,Social media,252
GZ001437,22,Female,South,Black,Bachelor's,Full-time,66864,Reddit,3.8,4,4,3,3,Mobile app,Yes,Friends/word-of-mouth,1671
GZ001438,25,Male,South,White,Some college,Student,7485,TikTok,4.2,4,4,2,2,Website,Yes,Friends/word-of-mouth,217
GZ001439,21,Male,West,Hispanic,High school,Full-time,50381,YouTube,8.2,3,4,3,4,Website,Yes,Search,1426
GZ001440,28,Female,Northeast,Black,Some college,Student,14475,Snapchat,5.6,2,5,1,4,In-store,No,Influencer,290
GZ001441,26,Female,South,Black,Some college,Part-time,16721,Instagram,6.7,4,5,3,3,Mobile app,No,Social media,372
GZ001442,23,Female,South,White,Bachelor's,Full-time,42490,YouTube,5.0,2,4,2,1,Website,Yes,Influencer,1230
GZ001443,28,Female,South,Hispanic,High school,Full-time,34922,Instagram,6.9,3,3,4,5,Mobile app,Yes,Search,951
GZ001444,22,Male,Midwest,White,High school,Part-time,22799,TikTok,1.0,4,5,1,4,Social commerce,Yes,Social media,418
GZ001445,19,Female,Midwest,White,High school,Student,12654,Instagram,8.3,5,5,2,5,In-store,No,Social media,164
GZ001446,18,Male,Midwest,Black,Some college,Full-time,48639,TikTok,5.1,4,4,2,5,Mobile app,No,Friends/word-of-mouth,574
GZ001447,28,Female,South,Black,High school,Full-time,37663,YouTube,3.5,4,5,1,3,Website,No,Friends/word-of-mouth,423
GZ001448,28,Female,Midwest,White,Bachelor's,Part-time,5852,TikTok,3.9,5,5,3,3,Social commerce,No,Social media,51
GZ001449,26,Male,West,Asian,High school,Gig/freelance,25433,Snapchat,5.5,3,3,2,2,Mobile app,No,Social media,610
GZ001450,19,Female,South,White,Some college,Student,8222,YouTube,5.8,5,3,4,4,Mobile app,No,Social media,159
GZ001451,21,Female,South,Asian,Some college,Student,9955,X,6.3,1,4,2,3,Website,No,Ads,177
GZ001452,18,Male,West,Black,High school,Part-time,18946,YouTube,3.6,5,2,2,3,Mobile app,No,Social media,158
GZ001453,18,Male,South,Asian,Bachelor's,Part-time,30736,YouTube,7.7,3,4,4,2,Mobile app,No,Social media,559
GZ001454,20,Male,Northeast,Black,High school,Full-time,28837,TikTok,5.0,4,3,1,2,Mobile app,No,Social media,249
GZ001455,24,Female,West,Two+/Other,Some college,Full-time,12227,Instagram,4.9,5,4,2,2,Mobile app,No,Social media,277
GZ001456,18,Male,South,Hispanic,Some college,Full-time,20406,YouTube,5.5,4,3,1,4,In-store,No,Ads,589
GZ001457,28,Non-binary,Midwest,White,Some college,Gig/freelance,18586,YouTube,7.3,4,4,2,5,Social commerce,No,Search,499
GZ001458,23,Male,Midwest,White,Some college,Part-time,26764,YouTube,5.9,5,4,3,3,Mobile app,No,Friends/word-of-mouth,330
GZ001459,20,Female,South,Hispanic,Some college,Full-time,17482,TikTok,4.9,2,4,3,5,In-store,No,Ads,378
GZ001460,23,Female,West,White,High school,Part-time,8573,TikTok,5.4,2,4,2,4,Website,Yes,Influencer,119
GZ001461,26,Female,South,Asian,High school,Full-time,49822,TikTok,8.4,4,5,1,5,Mobile app,No,Influencer,976
GZ001462,21,Female,South,White,High school,Part-time,24879,TikTok,8.1,4,4,2,4,Website,Yes,Influencer,445
GZ001463,18,Male,Midwest,Black,Some college,Student,2725,Snapchat,6.7,3,4,2,4,Mobile app,No,Search,37
GZ001464,18,Female,West,White,High school,Gig/freelance,5266,Instagram,6.3,5,3,2,4,Mobile app,No,Influencer,103
GZ001465,27,Female,South,Black,Some college,Student,5814,Instagram,10.6,5,3,2,3,Mobile app,Yes,Friends/word-of-mouth,130
GZ001466,19,Female,South,Asian,Bachelor's,Gig/freelance,33691,TikTok,6.9,3,5,2,2,Website,No,Ads,762
GZ001467,24,Male,West,White,Some college,Full-time,44706,Snapchat,6.4,4,4,2,4,Website,No,Influencer,542
GZ001468,22,Female,South,Hispanic,Some college,Student,5962,TikTok,5.6,2,4,2,3,Mobile app,Yes,Search,52
GZ001469,26,Female,Northeast,White,Bachelor's,Gig/freelance,34651,TikTok,6.7,2,4,2,5,Mobile app,No,Social media,863
GZ001470,18,Female,West,Black,High school,Full-time,44349,Snapchat,0.5,3,4,2,4,Website,No,Ads,979
GZ001471,27,Male,Northeast,Black,Graduate,Gig/freelance,24741,YouTube,8.1,4,3,1,3,Social commerce,Yes,Search,440
GZ001472,25,Female,West,White,Some college,Unemployed,1094,TikTok,3.5,3,4,2,3,Mobile app,No,Ads,23
GZ001473,22,Male,Midwest,White,Some college,Student,5879,TikTok,4.6,4,5,1,3,Website,No,Search,157
GZ001474,20,Female,South,White,High school,Full-time,78985,Instagram,3.2,4,3,2,3,Website,No,Friends/word-of-mouth,1259
GZ001475,28,Female,South,White,Bachelor's,Full-time,35644,YouTube,4.5,5,4,3,2,Website,No,Influencer,628
GZ001476,21,Female,South,Black,High school,Student,5124,TikTok,5.3,4,3,1,4,In-store,No,Social media,98
GZ001477,23,Female,South,White,Bachelor's,Gig/freelance,21527,YouTube,7.8,3,2,3,3,Mobile app,No,Social media,487
GZ001478,22,Female,Northeast,Asian,High school,Full-time,44250,Instagram,8.6,5,4,4,4,Mobile app,Yes,Influencer,822
GZ001479,20,Male,Midwest,Two+/Other,High school,Full-time,58695,YouTube,9.9,3,3,2,3,Mobile app,No,Search,1361
GZ001480,22,Male,Midwest,Asian,Bachelor's,Full-time,53738,YouTube,6.2,4,3,2,3,Social commerce,No,Friends/word-of-mouth,754
GZ001481,19,Female,West,Hispanic,High school,Part-time,12519,Snapchat,5.6,3,5,4,4,Mobile app,No,Search,136
GZ001482,18,Female,West,White,Some college,Student,14149,TikTok,7.6,5,5,1,1,In-store,No,Search,136
GZ001483,21,Male,Midwest,Black,High school,Part-time,24598,TikTok,4.3,4,5,2,4,Mobile app,Yes,Social media,247
GZ001484,19,Female,Midwest,Hispanic,High school,Part-time,14394,TikTok,4.1,3,4,2,5,Website,Yes,Ads,126
GZ001485,22,Female,West,Two+/Other,Bachelor's,Student,8480,TikTok,5.3,3,3,3,5,Website,No,Friends/word-of-mouth,244
GZ001486,27,Female,Midwest,White,Some college,Part-time,22865,TikTok,5.9,5,4,2,3,In-store,No,Ads,551
GZ001487,19,Female,South,White,High school,Student,13352,TikTok,1.9,2,4,3,4,Mobile app,No,Influencer,260
GZ001488,18,Female,Northeast,Two+/Other,High school,Full-time,13297,Snapchat,8.1,3,2,1,3,In-store,No,Social media,183
GZ001489,19,Non-binary,South,Black,Some college,Full-time,43331,Snapchat,6.5,3,5,3,2,Social commerce,Yes,Influencer,1020
GZ001490,23,Prefer not to say,West,White,Bachelor's,Gig/freelance,25635,YouTube,7.6,3,4,1,3,Social commerce,No,Social media,745
GZ001491,21,Non-binary,Northeast,Hispanic,Some college,Part-time,13377,Instagram,2.9,3,3,3,2,Social commerce,No,Ads,212
GZ001492,23,Female,South,White,Bachelor's,Full-time,31117,YouTube,4.7,4,4,2,4,Social commerce,Yes,Search,506
GZ001493,18,Female,South,Hispanic,Some college,Part-time,26540,Instagram,4.6,4,3,1,4,Mobile app,Yes,Social media,691
GZ001494,21,Female,South,White,Some college,Student,11165,YouTube,5.6,2,3,2,5,Mobile app,No,Friends/word-of-mouth,182
GZ001495,22,Female,West,White,Graduate,Full-time,81815,TikTok,5.9,3,5,3,4,Website,Yes,Influencer,2180
GZ001496,22,Female,Northeast,White,High school,Part-time,13384,Reddit,7.7,3,3,1,3,Mobile app,Yes,Ads,159
GZ001497,24,Female,Northeast,White,Some college,Full-time,44591,Instagram,6.2,3,4,1,3,Social commerce,No,Social media,1220
GZ001498,26,Female,West,White,Bachelor's,Gig/freelance,29623,TikTok,4.5,5,4,2,4,Website,No,Friends/word-of-mouth,330
GZ001499,23,Female,Northeast,White,Some college,Student,12629,Instagram,10.4,3,4,2,5,Mobile app,No,Social media,298
GZ001500,27,Female,Midwest,White,Some college,Gig/freelance,41893,TikTok,5.5,2,3,3,5,Social commerce,Yes,Social media,626
GZ001501,23,Male,Northeast,Hispanic,Bachelor's,Student,9379,Other,4.2,5,5,2,3,Mobile app,No,Social media,236
GZ001502,20,Female,South,Hispanic,Bachelor's,Gig/freelance,13191,YouTube,2.2,5,3,1,4,Website,Yes,Friends/word-of-mouth,156
GZ001503,20,Male,West,Hispanic,Bachelor's,Part-time,12241,Reddit,6.2,4,3,5,3,Website,No,Social media,263
GZ001504,21,Female,South,White,High school,Full-time,44697,X,7.4,3,4,2,4,In-store,No,Friends/word-of-mouth,844
GZ001505,24,Male,South,White,Some college,Gig/freelance,39136,YouTube,3.7,3,3,2,3,Website,Yes,Ads,560
GZ001506,20,Female,Midwest,Black,Some college,Gig/freelance,9077,Snapchat,7.2,3,5,4,4,Mobile app,No,Friends/word-of-mouth,167
GZ001507,28,Male,South,Black,High school,Gig/freelance,12310,Reddit,6.2,4,4,3,3,Mobile app,Yes,Social media,348
GZ001508,23,Female,West,Two+/Other,Bachelor's,Unemployed,5362,TikTok,2.5,4,4,3,2,Website,Yes,Influencer,129
GZ001509,27,Female,Midwest,Asian,Some college,Student,3760,TikTok,7.3,4,4,3,2,In-store,Yes,Friends/word-of-mouth,35
GZ001510,25,Male,South,Hispanic,Bachelor's,Part-time,8887,Instagram,5.5,4,4,3,4,Mobile app,Yes,Search,255
GZ001511,21,Female,West,Black,High school,Gig/freelance,39297,YouTube,3.7,3,5,3,2,In-store,Yes,Ads,917
GZ001512,20,Female,Midwest,White,Some college,Full-time,37817,Snapchat,7.9,4,5,3,3,Website,No,Social media,514
GZ001513,26,Male,Northeast,Black,Graduate,Student,7793,Instagram,7.9,4,5,2,4,Mobile app,No,Social media,220
GZ001514,21,Female,South,Asian,Some college,Gig/freelance,42009,Snapchat,3.7,2,2,3,5,Mobile app,No,Social media,783
GZ001515,20,Male,Northeast,Black,High school,Student,4694,YouTube,6.6,2,4,3,2,Mobile app,Yes,Social media,92
GZ001516,28,Male,Northeast,White,Graduate,Part-time,7761,Instagram,6.4,3,4,1,1,Website,Yes,Social media,104
GZ001517,23,Female,Midwest,White,Bachelor's,Student,15598,YouTube,5.9,5,5,3,3,In-store,No,Search,453
GZ001518,18,Female,West,White,High school,Unemployed,4419,Snapchat,5.0,5,3,2,4,Mobile app,No,Social media,64
GZ001519,23,Female,Midwest,White,High school,Full-time,54846,TikTok,5.7,4,3,3,4,Website,No,Search,1190
GZ001520,23,Male,Midwest,Black,High school,Full-time,36120,Instagram,7.9,4,5,1,2,In-store,No,Social media,739
GZ001521,27,Female,South,Hispanic,Graduate,Student,8568,YouTube,6.8,5,3,2,2,Website,Yes,Social media,198
GZ001522,25,Female,Northeast,White,High school,Gig/freelance,17765,Instagram,2.1,3,3,2,2,Social commerce,No,Search,175
GZ001523,20,Female,Northeast,Hispanic,Some college,Student,10288,TikTok,1.7,3,5,3,3,Mobile app,No,Social media,192
GZ001524,19,Male,West,White,Some college,Student,12367,Snapchat,2.3,2,4,2,5,Website,Yes,Ads,162
GZ001525,24,Male,Midwest,Hispanic,Some college,Full-time,45704,TikTok,3.3,3,5,1,4,Website,No,Social media,497
GZ001526,18,Male,West,White,Some college,Part-time,26593,TikTok,4.5,3,5,2,4,Mobile app,No,Social media,512
GZ001527,21,Male,Midwest,Hispanic,High school,Gig/freelance,33750,Reddit,5.1,5,4,2,5,Website,Yes,Social media,599
GZ001528,19,Male,Midwest,Hispanic,High school,Part-time,9507,YouTube,5.9,5,4,3,3,In-store,Yes,Friends/word-of-mouth,169
GZ001529,18,Female,South,Hispanic,High school,Part-time,16827,Instagram,5.9,4,5,2,4,Mobile app,No,Search,273
GZ001530,28,Male,South,Hispanic,Some college,Part-time,14368,Instagram,5.9,4,3,2,4,In-store,No,Social media,213
GZ001531,18,Male,South,White,Some college,Part-time,24102,TikTok,8.3,3,5,3,4,Website,No,Search,215
GZ001532,18,Female,Northeast,Hispanic,Some college,Part-time,21738,TikTok,2.6,1,3,4,3,Mobile app,Yes,Influencer,449
GZ001533,28,Male,West,White,Bachelor's,Student,9515,Reddit,6.7,3,5,3,4,Mobile app,No,Search,259
GZ001534,20,Male,Northeast,White,Some college,Part-time,26210,TikTok,6.7,4,5,1,5,Social commerce,No,Social media,486
GZ001535,26,Female,West,Hispanic,Some college,Student,1443,TikTok,3.5,4,3,5,3,Social commerce,No,Social media,20
GZ001536,18,Female,South,Hispanic,Some college,Part-time,13114,YouTube,7.1,3,4,3,4,Mobile app,Yes,Influencer,193
GZ001537,19,Female,Northeast,Asian,High school,Gig/freelance,19936,Reddit,6.7,4,4,4,4,Website,No,Social media,274
GZ001538,19,Male,West,White,High school,Full-time,46757,YouTube,5.9,3,2,1,5,Website,Yes,Search,816
GZ001539,25,Female,South,Black,Bachelor's,Full-time,52448,TikTok,1.2,3,4,2,4,In-store,No,Friends/word-of-mouth,495
GZ001540,24,Male,South,White,High school,Part-time,17989,TikTok,7.9,4,3,3,4,Mobile app,Yes,Social media,238
GZ001541,23,Female,South,Hispanic,Some college,Unemployed,1633,X,6.5,3,5,1,3,Mobile app,Yes,Social media,45
GZ001542,20,Male,South,Black,High school,Student,10647,YouTube,6.8,5,4,3,2,Mobile app,Yes,Ads,189
GZ001543,18,Female,South,Hispanic,Some college,Student,9518,Snapchat,0.5,2,5,4,4,Mobile app,No,Friends/word-of-mouth,88
GZ001544,24,Male,West,Black,High school,Part-time,6103,Instagram,4.9,3,3,2,2,Mobile app,No,Ads,52
GZ001545,20,Female,South,Black,High school,Full-time,36416,Snapchat,3.1,4,3,4,5,Mobile app,No,Search,1046
GZ001546,24,Female,South,White,High school,Unemployed,4673,Other,8.6,4,3,3,1,Mobile app,No,Social media,114
GZ001547,25,Female,South,Two+/Other,Graduate,Part-time,31390,Instagram,3.8,3,5,1,2,Mobile app,Yes,Search,434
GZ001548,27,Female,West,Asian,High school,Student,4589,TikTok,9.0,4,5,1,4,Mobile app,Yes,Friends/word-of-mouth,69
GZ001549,23,Female,Northeast,White,Some college,Gig/freelance,35244,TikTok,7.9,4,5,3,3,Social commerce,Yes,Search,848
GZ001550,18,Male,West,White,Some college,Student,4640,YouTube,6.4,2,2,1,4,Mobile app,Yes,Search,100
GZ001551,21,Male,South,White,High school,Full-time,17985,TikTok,8.3,3,3,3,3,Social commerce,Yes,Search,397
GZ001552,27,Male,West,Black,Graduate,Full-time,19100,TikTok,4.1,4,3,3,3,In-store,Yes,Social media,307
GZ001553,23,Male,Northeast,Asian,Some college,Full-time,53434,YouTube,4.5,4,5,3,4,In-store,Yes,Social media,1377
GZ001554,24,Female,Midwest,Black,High school,Unemployed,4233,YouTube,7.8,4,5,2,3,Mobile app,No,Search,97
GZ001555,23,Male,Northeast,White,Graduate,Gig/freelance,22318,Instagram,4.1,3,5,3,3,Social commerce,Yes,Friends/word-of-mouth,523
GZ001556,19,Male,Northeast,White,Some college,Part-time,21708,X,3.3,2,4,4,3,Mobile app,Yes,Search,269
GZ001557,27,Female,Midwest,Hispanic,High school,Gig/freelance,26477,TikTok,5.4,4,3,2,3,Mobile app,No,Search,388
GZ001558,26,Male,Northeast,White,High school,Full-time,44088,Instagram,4.2,4,4,3,4,Mobile app,Yes,Ads,700
GZ001559,28,Female,South,White,Some college,Full-time,36263,YouTube,9.7,5,4,4,4,Mobile app,Yes,Social media,532
GZ001560,27,Male,Northeast,White,Bachelor's,Full-time,22579,YouTube,7.6,3,5,3,3,Mobile app,No,Friends/word-of-mouth,282
GZ001561,21,Male,Northeast,White,High school,Gig/freelance,45788,YouTube,4.8,4,4,2,2,In-store,No,Social media,1024
GZ001562,20,Male,Northeast,White,Some college,Full-time,68468,YouTube,4.0,3,4,2,5,Website,No,Social media,1497
GZ001563,20,Female,West,Hispanic,Some college,Full-time,72053,Snapchat,6.7,4,4,1,2,Social commerce,No,Social media,1425
GZ001564,28,Male,Midwest,White,High school,Full-time,31806,Snapchat,8.4,5,4,1,5,Website,No,Search,671
GZ001565,24,Female,South,White,Bachelor's,Part-time,12476,Other,6.6,5,4,3,3,Mobile app,Yes,Search,356
GZ001566,22,Male,West,Hispanic,Bachelor's,Part-time,14642,X,4.1,3,4,3,4,Website,No,Social media,142
GZ001567,28,Female,South,Two+/Other,Some college,Full-time,62300,Instagram,3.1,3,4,2,4,Mobile app,No,Social media,1393
GZ001568,24,Male,West,Hispanic,High school,Gig/freelance,25997,YouTube,5.2,3,3,3,3,Social commerce,Yes,Social media,655
GZ001569,28,Male,Midwest,Hispanic,High school,Unemployed,3022,Instagram,6.6,4,5,3,4,In-store,No,Social media,52
GZ001570,28,Female,South,Hispanic,Bachelor's,Full-time,48876,YouTube,5.1,2,5,2,3,Mobile app,No,Search,722
GZ001571,18,Female,South,Hispanic,Some college,Unemployed,2674,TikTok,8.0,4,4,2,5,Website,No,Search,52
GZ001572,21,Male,South,Hispanic,Bachelor's,Gig/freelance,10141,Instagram,7.1,2,4,1,4,In-store,No,Social media,245
GZ001573,26,Female,Midwest,White,High school,Gig/freelance,27512,Reddit,6.5,2,5,3,3,Social commerce,No,Search,725
GZ001574,26,Female,Midwest,Hispanic,Bachelor's,Full-time,32246,YouTube,7.0,5,4,2,4,Website,No,Search,713
GZ001575,19,Female,Midwest,White,High school,Gig/freelance,25839,TikTok,3.2,3,5,3,5,In-store,Yes,Social media,561
GZ001576,21,Female,South,White,High school,Student,0,Instagram,5.0,5,4,2,4,Website,Yes,Social media,0
GZ001577,24,Male,Midwest,White,Bachelor's,Full-time,25139,Instagram,3.9,3,5,1,4,Mobile app,No,Social media,488
GZ001578,26,Male,Midwest,White,High school,Student,8817,Snapchat,6.8,2,5,3,2,Mobile app,Yes,Social media,139
GZ001579,19,Female,South,White,High school,Full-time,13340,TikTok,3.9,3,5,1,5,In-store,Yes,Social media,163
GZ001580,24,Female,South,Hispanic,Some college,Gig/freelance,8656,YouTube,6.2,5,4,2,4,Social commerce,No,Social media,96
GZ001581,21,Female,West,White,Some college,Student,9157,YouTube,5.7,2,5,2,3,In-store,No,Social media,147
GZ001582,20,Female,South,White,High school,Part-time,23682,YouTube,7.2,5,3,4,4,Social commerce,Yes,Search,211
GZ001583,23,Male,South,White,Some college,Full-time,25146,TikTok,3.6,4,4,4,5,In-store,No,Search,544
GZ001584,22,Female,South,White,High school,Gig/freelance,22933,Snapchat,6.9,4,5,3,4,Website,No,Influencer,609
GZ001585,24,Male,South,Hispanic,Some college,Full-time,37482,Snapchat,3.9,3,5,2,5,Mobile app,Yes,Influencer,813
GZ001586,21,Male,South,White,High school,Gig/freelance,7720,Instagram,4.1,3,3,4,4,Website,Yes,Social media,222
GZ001587,27,Male,South,White,Some college,Student,13794,TikTok,5.7,4,4,2,1,Mobile app,Yes,Influencer,380
GZ001588,18,Male,Midwest,White,Some college,Full-time,38542,YouTube,8.4,5,4,1,5,Website,Yes,Search,797
GZ001589,27,Female,West,White,High school,Student,8302,Instagram,4.3,4,4,1,2,Website,Yes,Friends/word-of-mouth,91
GZ001590,18,Female,West,White,High school,Unemployed,4671,Instagram,2.4,4,3,2,5,In-store,No,Friends/word-of-mouth,58
GZ001591,26,Female,Midwest,White,High school,Unemployed,1192,Instagram,4.1,3,5,1,4,Social commerce,No,Social media,18
GZ001592,21,Male,West,Hispanic,Some college,Full-time,59386,Instagram,5.2,5,3,4,5,Website,Yes,Search,706
GZ001593,22,Male,South,Asian,Bachelor's,Full-time,61856,Snapchat,9.7,4,5,2,4,Website,No,Friends/word-of-mouth,1049
GZ001594,18,Female,South,Hispanic,Some college,Full-time,44656,X,6.8,5,5,1,4,Website,Yes,Influencer,1297
GZ001595,25,Female,South,White,Some college,Student,10871,YouTube,4.5,3,3,3,5,Mobile app,No,Search,316
GZ001596,19,Female,West,White,Some college,Full-time,35837,TikTok,5.7,4,3,3,2,Mobile app,No,Social media,860
GZ001597,25,Male,West,Black,Bachelor's,Full-time,58316,TikTok,9.1,5,4,4,3,Mobile app,No,Friends/word-of-mouth,1230
GZ001598,25,Male,West,White,Some college,Part-time,11334,TikTok,5.5,4,3,1,3,In-store,No,Friends/word-of-mouth,295
GZ001599,27,Male,West,Asian,Bachelor's,Unemployed,3941,YouTube,5.5,4,4,1,3,Mobile app,No,Friends/word-of-mouth,111
GZ001600,25,Male,Northeast,Hispanic,Bachelor's,Full-time,42515,YouTube,5.2,3,4,4,3,Social commerce,Yes,Social media,1106
GZ001601,21,Female,South,White,High school,Student,8843,Other,7.4,3,3,1,4,Mobile app,No,Social media,193
GZ001602,26,Male,West,White,Some college,Full-time,62206,Instagram,4.9,3,5,1,4,In-store,No,Search,1149
GZ001603,27,Male,West,Asian,Some college,Student,17862,TikTok,7.7,4,3,2,5,In-store,Yes,Social media,288
GZ001604,21,Female,Midwest,Two+/Other,Some college,Student,8555,YouTube,8.1,4,5,1,3,Mobile app,Yes,Social media,149
GZ001605,19,Male,Midwest,Black,High school,Gig/freelance,31503,Instagram,7.2,3,3,3,3,Website,No,Friends/word-of-mouth,367
GZ001606,27,Female,Midwest,White,Some college,Student,5750,TikTok,5.6,4,4,1,1,Website,No,Social media,79
GZ001607,19,Male,South,Black,Some college,Full-time,61503,Instagram,3.2,3,4,4,5,Mobile app,Yes,Friends/word-of-mouth,1492
GZ001608,24,Male,West,White,Some college,Part-time,13808,TikTok,5.6,2,4,3,2,Mobile app,Yes,Social media,299
GZ001609,20,Male,Midwest,White,Some college,Full-time,101442,TikTok,4.7,3,4,3,4,In-store,No,Social media,1512
GZ001610,19,Male,West,Hispanic,High school,Full-time,10423,Instagram,4.4,5,4,2,4,Website,No,Search,198
GZ001611,26,Female,Northeast,Two+/Other,Some college,Unemployed,7865,Snapchat,5.5,4,4,1,4,Social commerce,Yes,Social media,126
GZ001612,19,Male,South,White,High school,Part-time,26028,Reddit,7.0,3,3,2,3,Mobile app,Yes,Social media,346
GZ001613,25,Male,West,White,Bachelor's,Gig/freelance,12869,TikTok,4.8,4,4,1,4,Mobile app,Yes,Social media,135
GZ001614,25,Male,West,White,High school,Full-time,85837,Instagram,3.3,4,5,4,5,Website,No,Social media,1665
GZ001615,18,Male,West,White,High school,Gig/freelance,15137,Snapchat,4.1,4,4,3,4,In-store,No,Friends/word-of-mouth,324
GZ001616,19,Female,Northeast,White,High school,Gig/freelance,22322,Other,9.4,5,5,1,3,Mobile app,No,Friends/word-of-mouth,186
GZ001617,26,Male,South,Black,High school,Student,3748,Snapchat,7.1,4,5,4,2,Mobile app,Yes,Search,34
GZ001618,23,Male,West,White,Bachelor's,Full-time,39232,Instagram,4.1,4,4,2,5,Mobile app,No,Social media,479
GZ001619,19,Female,West,Hispanic,Some college,Gig/freelance,25383,Reddit,8.6,5,2,4,3,Mobile app,No,Search,608
GZ001620,28,Female,Northeast,White,Bachelor's,Gig/freelance,35711,YouTube,5.5,4,4,4,3,Mobile app,No,Friends/word-of-mouth,843
GZ001621,20,Male,West,White,High school,Full-time,88084,TikTok,10.6,4,5,3,5,Mobile app,No,Search,1500
GZ001622,18,Male,Northeast,White,High school,Unemployed,3076,TikTok,6.5,4,5,1,4,Mobile app,No,Friends/word-of-mouth,89
GZ001623,28,Male,Northeast,White,High school,Gig/freelance,0,X,7.1,3,3,2,5,In-store,No,Search,0
GZ001624,18,Female,South,Hispanic,High school,Full-time,54256,Reddit,7.7,2,5,5,5,Mobile app,Yes,Friends/word-of-mouth,1194
GZ001625,24,Prefer not to say,Northeast,Hispanic,Bachelor's,Part-time,13542,Instagram,9.0,4,4,2,2,Website,No,Search,263
GZ001626,28,Female,Northeast,Asian,Some college,Full-time,76368,YouTube,5.1,5,4,2,5,Social commerce,No,Social media,2117
GZ001627,24,Male,South,White,High school,Part-time,17719,TikTok,8.8,4,3,2,5,Mobile app,Yes,Social media,195
GZ001628,24,Female,West,Hispanic,High school,Gig/freelance,17118,YouTube,4.8,4,3,1,3,Mobile app,Yes,Social media,162
GZ001629,22,Male,South,Asian,High school,Gig/freelance,14148,Instagram,5.3,3,5,3,4,Mobile app,Yes,Search,280
GZ001630,19,Male,Midwest,White,Some college,Full-time,53772,Instagram,6.0,3,5,1,4,Mobile app,No,Social media,1181
GZ001631,24,Male,South,Black,Bachelor's,Student,7885,Instagram,7.8,2,1,1,3,Mobile app,No,Ads,203
GZ001632,27,Male,Midwest,Asian,High school,Part-time,29888,Instagram,5.3,3,5,3,4,Social commerce,No,Social media,554
GZ001633,19,Female,West,Black,Some college,Part-time,16294,X,9.3,5,3,2,3,Mobile app,No,Social media,192
GZ001634,27,Male,West,Hispanic,High school,Student,14729,Reddit,8.7,3,4,2,5,Mobile app,No,Influencer,233
GZ001635,22,Male,South,Hispanic,Bachelor's,Student,3410,TikTok,6.1,4,4,2,4,Mobile app,Yes,Influencer,83
GZ001636,23,Female,Midwest,White,Some college,Full-time,9140,TikTok,4.1,4,5,1,4,Mobile app,Yes,Social media,130
GZ001637,19,Male,West,Hispanic,Some college,Part-time,24716,TikTok,8.0,5,3,4,2,Mobile app,Yes,Friends/word-of-mouth,648
GZ001638,24,Male,Midwest,Two+/Other,Bachelor's,Gig/freelance,20566,TikTok,1.8,2,4,3,4,In-store,No,Friends/word-of-mouth,222
GZ001639,20,Male,South,White,High school,Full-time,37018,Instagram,7.5,3,2,1,5,Mobile app,No,Search,635
GZ001640,21,Male,South,Black,Some college,Part-time,9801,Instagram,4.4,3,4,3,3,In-store,Yes,Search,227
GZ001641,25,Female,West,White,Bachelor's,Unemployed,2046,TikTok,8.5,3,3,2,3,Mobile app,Yes,Influencer,32
GZ001642,18,Male,Northeast,White,Bachelor's,Gig/freelance,33437,Other,3.2,3,5,3,3,In-store,No,Search,740
GZ001643,22,Female,South,Hispanic,Bachelor's,Student,8923,Snapchat,4.7,2,4,3,2,Social commerce,No,Search,257
GZ001644,24,Female,Midwest,Black,High school,Full-time,21962,TikTok,6.9,3,4,4,2,Mobile app,Yes,Friends/word-of-mouth,202
GZ001645,19,Female,South,Hispanic,Some college,Student,12201,YouTube,7.2,4,4,1,4,Website,Yes,Ads,109
GZ001646,21,Female,Midwest,Black,Some college,Student,13758,Instagram,4.7,3,4,1,2,Website,No,Influencer,287
GZ001647,21,Female,South,White,Some college,Part-time,17118,YouTube,5.3,3,5,1,2,Mobile app,No,Search,482
GZ001648,25,Male,West,Asian,Some college,Full-time,60960,Instagram,7.9,4,3,5,3,Mobile app,No,Search,1130
GZ001649,28,Female,South,Hispanic,High school,Part-time,9885,TikTok,8.0,4,4,3,3,Mobile app,Yes,Search,178
GZ001650,27,Female,South,Black,Bachelor's,Part-time,22675,Instagram,5.3,2,4,4,4,Mobile app,No,Social media,295
GZ001651,20,Female,South,White,High school,Unemployed,4291,X,4.8,4,4,1,3,Mobile app,No,Influencer,68
GZ001652,18,Male,South,White,Some college,Student,5794,YouTube,3.3,4,5,3,3,Website,Yes,Social media,48
GZ001653,18,Female,West,Asian,High school,Full-time,80802,YouTube,6.5,3,3,1,4,Mobile app,Yes,Social media,1556
GZ001654,24,Female,Northeast,White,Bachelor's,Full-time,46399,Snapchat,7.6,5,5,3,4,In-store,No,Social media,1175
GZ001655,19,Male,West,White,Bachelor's,Part-time,13214,Snapchat,6.3,4,4,2,5,Mobile app,No,Friends/word-of-mouth,325
GZ001656,20,Female,Northeast,Black,Some college,Part-time,18158,Reddit,4.2,4,4,2,4,Mobile app,Yes,Social media,317
GZ001657,27,Male,West,Hispanic,Bachelor's,Full-time,25562,TikTok,9.6,4,5,2,2,Mobile app,Yes,Social media,445
GZ001658,27,Female,South,Black,High school,Unemployed,1917,TikTok,1.8,3,4,3,3,In-store,Yes,Social media,43
GZ001659,27,Female,South,Hispanic,Some college,Gig/freelance,20741,Snapchat,7.8,3,2,2,5,Mobile app,No,Influencer,577
GZ001660,20,Female,West,Asian,Some college,Unemployed,3312,Other,6.4,4,1,4,5,In-store,No,Ads,78
GZ001661,24,Male,South,White,High school,Part-time,11486,Instagram,6.9,3,3,2,3,Website,No,Search,215
GZ001662,24,Female,Northeast,Hispanic,Some college,Gig/freelance,40638,X,4.4,3,3,3,3,Mobile app,Yes,Friends/word-of-mouth,1109
GZ001663,20,Male,Midwest,Black,High school,Student,5898,YouTube,5.7,4,4,3,2,Mobile app,No,Social media,170
GZ001664,24,Female,West,Hispanic,Some college,Part-time,10448,TikTok,6.6,4,5,3,5,Social commerce,No,Friends/word-of-mouth,243
GZ001665,23,Male,West,White,Some college,Full-time,19589,Reddit,5.8,4,4,3,2,Mobile app,No,Social media,532
GZ001666,22,Female,West,White,High school,Full-time,17770,Snapchat,2.4,4,3,4,5,Website,Yes,Influencer,496
GZ001667,26,Female,West,Hispanic,Graduate,Full-time,61418,Instagram,9.4,4,4,3,3,In-store,Yes,Search,1241
GZ001668,25,Female,South,Hispanic,Bachelor's,Gig/freelance,29020,YouTube,7.3,5,4,1,3,Website,Yes,Friends/word-of-mouth,419
GZ001669,23,Male,South,Hispanic,High school,Student,11795,Instagram,6.1,5,5,2,2,Website,Yes,Friends/word-of-mouth,278
GZ001670,25,Female,South,Black,Some college,Unemployed,5833,YouTube,6.2,4,5,4,3,Mobile app,No,Friends/word-of-mouth,68
GZ001671,26,Male,South,Black,Some college,Student,7650,Instagram,9.4,5,2,1,3,Website,No,Social media,117
GZ001672,24,Male,Midwest,White,Some college,Full-time,69825,Instagram,4.5,3,4,2,3,In-store,No,Search,1161
GZ001673,20,Prefer not to say,South,Hispanic,High school,Part-time,12922,YouTube,4.1,3,5,2,3,In-store,No,Search,335
GZ001674,26,Female,South,Hispanic,High school,Full-time,21290,TikTok,7.7,3,4,4,5,Mobile app,Yes,Social media,369
GZ001675,25,Male,Northeast,White,High school,Gig/freelance,30371,TikTok,6.9,3,2,1,4,In-store,No,Social media,647
GZ001676,28,Male,Northeast,White,High school,Full-time,44731,TikTok,4.0,3,5,1,4,In-store,Yes,Friends/word-of-mouth,1178
GZ001677,19,Male,West,Hispanic,Some college,Full-time,44701,YouTube,8.2,5,4,3,5,Website,Yes,Social media,499
GZ001678,22,Non-binary,West,Black,Bachelor's,Part-time,26224,Instagram,6.6,5,4,3,2,Website,No,Search,588
GZ001679,28,Male,Midwest,White,Graduate,Gig/freelance,27242,Instagram,4.2,3,3,3,4,Website,No,Ads,610
GZ001680,23,Male,South,White,Bachelor's,Part-time,20535,Instagram,7.0,3,5,3,4,In-store,Yes,Social media,406
GZ001681,28,Male,West,White,Graduate,Full-time,67696,TikTok,6.7,4,2,2,5,Website,No,Influencer,1842
GZ001682,18,Female,South,Black,Some college,Student,10080,Snapchat,5.8,4,2,3,2,In-store,No,Search,195
GZ001683,18,Male,West,Hispanic,High school,Full-time,51341,YouTube,6.8,4,3,3,3,In-store,No,Search,596
GZ001684,26,Female,Northeast,White,Bachelor's,Student,3258,YouTube,7.3,3,4,2,3,Social commerce,No,Social media,72
GZ001685,21,Male,Midwest,Asian,Some college,Student,24062,TikTok,7.8,3,3,2,4,Social commerce,No,Influencer,409
GZ001686,23,Male,Northeast,White,High school,Full-time,11933,YouTube,6.2,5,3,2,4,Mobile app,No,Friends/word-of-mouth,345
GZ001687,22,Female,Midwest,White,Graduate,Part-time,13631,Instagram,5.5,3,4,2,4,Mobile app,No,Friends/word-of-mouth,344
GZ001688,22,Female,West,White,Bachelor's,Full-time,31235,Snapchat,6.5,3,4,3,1,Mobile app,No,Influencer,349
GZ001689,28,Female,Midwest,Hispanic,Graduate,Full-time,81841,TikTok,8.4,4,4,1,5,In-store,Yes,Social media,1318
GZ001690,19,Male,Midwest,Black,Some college,Student,6567,YouTube,7.3,4,4,3,4,Website,Yes,Social media,76
GZ001691,26,Female,West,White,Bachelor's,Full-time,50351,X,5.3,2,3,2,4,Social commerce,Yes,Social media,1368
GZ001692,27,Male,South,Black,High school,Full-time,31363,Snapchat,6.1,3,5,2,4,Website,Yes,Influencer,281
GZ001693,25,Male,West,Hispanic,Some college,Student,4787,Reddit,9.3,4,5,2,3,Website,No,Influencer,80
GZ001694,22,Male,South,Black,Bachelor's,Student,11309,TikTok,7.5,5,5,3,4,Social commerce,Yes,Search,142
GZ001695,19,Female,West,Asian,Bachelor's,Gig/freelance,17588,Instagram,6.3,3,3,4,3,In-store,No,Friends/word-of-mouth,312
GZ001696,25,Male,South,Black,Bachelor's,Gig/freelance,28428,TikTok,8.3,4,3,4,3,Mobile app,No,Influencer,706
GZ001697,23,Female,West,White,Bachelor's,Part-time,23076,Instagram,4.9,4,4,3,4,Website,Yes,Social media,203
GZ001698,19,Male,South,White,Some college,Part-time,33444,YouTube,6.7,5,3,2,3,Social commerce,No,Social media,461
GZ001699,21,Female,South,Asian,Some college,Student,3888,YouTube,9.8,3,3,3,2,In-store,No,Ads,100
GZ001700,28,Female,West,Hispanic,High school,Gig/freelance,24212,Other,7.3,5,4,1,3,Mobile app,Yes,Social media,349
GZ001701,20,Female,South,Hispanic,Some college,Part-time,17097,X,9.2,5,3,3,5,Mobile app,Yes,Search,252
GZ001702,19,Male,Northeast,Asian,Some college,Unemployed,4001,TikTok,5.8,5,4,3,3,In-store,No,Search,56
GZ001703,25,Female,West,Black,Some college,Student,19403,Reddit,5.0,5,5,1,3,In-store,Yes,Social media,437
GZ001704,20,Male,South,Hispanic,Some college,Full-time,38724,Reddit,8.3,4,4,2,4,In-store,No,Search,1037
GZ001705,28,Male,South,Black,High school,Gig/freelance,0,YouTube,2.3,4,3,3,5,Mobile app,Yes,Friends/word-of-mouth,0
GZ001706,27,Male,Northeast,White,Graduate,Full-time,38249,TikTok,6.4,3,4,3,3,In-store,No,Friends/word-of-mouth,1093
GZ001707,28,Female,Midwest,Hispanic,Some college,Unemployed,3786,TikTok,8.1,1,3,3,2,Social commerce,No,Friends/word-of-mouth,43
GZ001708,28,Female,West,Two+/Other,Bachelor's,Part-time,16047,Instagram,7.1,4,5,4,4,Website,No,Social media,425
GZ001709,20,Female,South,White,High school,Student,6089,TikTok,1.8,4,5,2,3,Website,Yes,Social media,95
GZ001710,20,Female,Midwest,White,Bachelor's,Student,3648,TikTok,3.3,5,4,1,4,Mobile app,Yes,Social media,43
GZ001711,21,Male,Northeast,Black,Some college,Full-time,82814,TikTok,5.8,5,3,3,4,Mobile app,Yes,Search,1861
GZ001712,23,Female,West,Hispanic,Bachelor's,Student,10289,Instagram,6.9,3,3,4,3,Mobile app,No,Social media,139
GZ001713,27,Female,South,White,Some college,Full-time,38366,YouTube,7.0,5,5,4,3,Mobile app,Yes,Ads,431
GZ001714,26,Female,South,White,Some college,Part-time,35233,TikTok,6.0,4,2,3,4,Mobile app,Yes,Influencer,653
GZ001715,25,Male,South,White,Some college,Full-time,25582,Reddit,7.5,2,2,4,4,In-store,No,Ads,307
GZ001716,27,Female,Midwest,White,High school,Gig/freelance,33048,TikTok,6.9,3,5,2,3,Mobile app,No,Social media,634
GZ001717,25,Male,Northeast,Black,Some college,Gig/freelance,11385,Instagram,5.7,2,5,4,4,Social commerce,No,Friends/word-of-mouth,316
GZ001718,22,Female,Northeast,Hispanic,Some college,Full-time,56189,Instagram,7.1,4,4,1,2,Social commerce,Yes,Influencer,472
GZ001719,22,Non-binary,Midwest,Hispanic,High school,Gig/freelance,12726,YouTube,4.7,3,2,1,4,Mobile app,No,Search,203
GZ001720,23,Male,South,White,Bachelor's,Gig/freelance,31504,TikTok,7.3,3,5,1,3,Social commerce,Yes,Search,667
GZ001721,18,Female,Northeast,White,High school,Full-time,78916,YouTube,4.3,3,3,2,3,Website,No,Social media,1461
GZ001722,26,Female,South,White,Bachelor's,Unemployed,4168,Instagram,7.0,3,4,2,5,Social commerce,No,Ads,85
GZ001723,25,Female,South,Black,Bachelor's,Full-time,560,TikTok,6.9,4,4,1,2,In-store,Yes,Friends/word-of-mouth,4
GZ001724,26,Female,Midwest,Asian,Bachelor's,Gig/freelance,26418,Instagram,5.4,2,5,2,5,Mobile app,No,Ads,513
GZ001725,23,Female,South,White,Bachelor's,Student,10945,TikTok,7.3,3,3,3,4,In-store,Yes,Social media,241
GZ001726,26,Male,Midwest,Two+/Other,Some college,Unemployed,5621,X,9.1,4,5,3,3,Website,No,Friends/word-of-mouth,116
GZ001727,28,Male,Northeast,White,Some college,Full-time,69850,Instagram,4.0,3,5,2,3,In-store,No,Social media,643
GZ001728,24,Female,Midwest,White,Some college,Part-time,30349,TikTok,7.9,4,3,4,4,In-store,Yes,Social media,319
GZ001729,22,Male,Midwest,Black,High school,Gig/freelance,24468,Snapchat,8.2,3,4,1,5,In-store,Yes,Influencer,554
GZ001730,19,Female,West,White,High school,Student,6329,YouTube,5.6,5,3,2,1,In-store,No,Social media,71
GZ001731,26,Non-binary,South,Asian,High school,Student,4470,Instagram,7.6,4,4,2,1,Social commerce,Yes,Friends/word-of-mouth,66
GZ001732,27,Female,Midwest,White,Some college,Student,6813,Other,5.5,5,5,3,3,In-store,No,Social media,119
GZ001733,25,Male,West,Black,Some college,Student,10929,Instagram,8.5,4,2,2,4,In-store,Yes,Influencer,191
GZ001734,27,Male,Northeast,White,Bachelor's,Full-time,16510,TikTok,0.5,4,2,3,4,Mobile app,No,Search,156
GZ001735,27,Female,South,White,Some college,Full-time,24482,Snapchat,8.9,3,3,3,4,Social commerce,No,Friends/word-of-mouth,434
GZ001736,26,Female,South,White,Some college,Full-time,52627,Reddit,3.8,5,5,2,2,Social commerce,No,Friends/word-of-mouth,901
GZ001737,23,Female,South,Asian,Some college,Full-time,29781,TikTok,6.2,4,4,1,4,Website,Yes,Social media,422
GZ001738,19,Male,Midwest,Hispanic,High school,Gig/freelance,30328,TikTok,4.4,3,5,2,3,Social commerce,No,Influencer,579
GZ001739,18,Male,Midwest,Hispanic,High school,Part-time,11404,YouTube,9.0,2,4,2,4,Website,No,Social media,268
GZ001740,20,Male,Northeast,White,Some college,Part-time,20331,YouTube,5.5,4,3,2,3,Website,Yes,Social media,589
GZ001741,22,Male,South,White,Bachelor's,Full-time,27411,TikTok,4.9,5,2,1,2,In-store,Yes,Friends/word-of-mouth,781
GZ001742,26,Male,West,White,High school,Gig/freelance,3746,X,8.2,3,3,1,3,Mobile app,No,Search,84
GZ001743,23,Female,South,Black,High school,Full-time,60067,TikTok,7.5,3,3,3,4,In-store,No,Social media,795
GZ001744,18,Male,South,White,Some college,Full-time,28847,Snapchat,5.3,3,2,1,4,In-store,No,Friends/word-of-mouth,738
GZ001745,20,Male,South,White,Some college,Gig/freelance,23091,Reddit,4.0,5,3,3,3,Social commerce,No,Friends/word-of-mouth,352
GZ001746,28,Female,West,Hispanic,Bachelor's,Full-time,28937,TikTok,3.7,2,3,2,3,Website,No,Influencer,357
GZ001747,28,Male,West,Hispanic,Some college,Gig/freelance,32370,Instagram,8.6,3,4,3,3,Mobile app,Yes,Social media,489
GZ001748,22,Female,South,White,Bachelor's,Part-time,20698,TikTok,6.8,3,4,2,5,In-store,Yes,Friends/word-of-mouth,196
GZ001749,26,Female,Midwest,White,Some college,Student,11195,YouTube,6.3,4,4,3,5,Mobile app,No,Friends/word-of-mouth,185
GZ001750,25,Male,Midwest,White,High school,Full-time,31613,Instagram,7.0,4,2,2,4,In-store,No,Influencer,791
GZ001751,28,Female,South,Hispanic,Some college,Part-time,17597,Snapchat,2.1,3,3,3,4,In-store,No,Search,149
GZ001752,27,Female,South,White,Bachelor's,Part-time,21377,Instagram,5.4,4,5,4,3,Social commerce,No,Influencer,178
GZ001753,24,Female,Midwest,Hispanic,Some college,Student,15258,Instagram,5.4,4,4,3,5,Mobile app,Yes,Friends/word-of-mouth,183
GZ001754,22,Male,Midwest,White,Some college,Gig/freelance,29586,TikTok,8.0,5,5,2,3,In-store,Yes,Influencer,367
GZ001755,24,Male,Midwest,Asian,Some college,Full-time,23036,TikTok,3.1,5,4,1,2,Website,No,Friends/word-of-mouth,501
GZ001756,21,Female,South,Asian,High school,Student,10084,Instagram,8.1,4,4,2,5,Website,No,Social media,117
GZ001757,21,Female,West,White,High school,Full-time,38881,Reddit,9.6,5,5,3,3,In-store,Yes,Social media,646
GZ001758,24,Female,Northeast,White,Bachelor's,Gig/freelance,2614,Snapchat,2.6,3,3,2,5,Mobile app,No,Social media,56
GZ001759,24,Male,West,White,High school,Unemployed,678,Instagram,6.0,4,3,1,4,In-store,No,Friends/word-of-mouth,9
GZ001760,24,Female,West,Black,High school,Full-time,40743,Other,7.0,5,3,2,2,Mobile app,Yes,Social media,483
GZ001761,22,Male,Northeast,Hispanic,Bachelor's,Full-time,42336,TikTok,7.7,2,4,3,4,Social commerce,No,Social media,1135
GZ001762,22,Male,South,Hispanic,Bachelor's,Student,7806,Other,1.7,3,5,4,3,Mobile app,Yes,Social media,100
GZ001763,18,Female,Midwest,White,Some college,Gig/freelance,36344,TikTok,6.7,3,4,2,5,Social commerce,No,Friends/word-of-mouth,979
GZ001764,24,Male,Northeast,White,Some college,Student,5212,TikTok,5.6,4,5,5,3,Mobile app,Yes,Influencer,146
GZ001765,24,Male,South,Hispanic,Graduate,Part-time,6771,Snapchat,5.4,5,5,4,3,Website,No,Social media,187
GZ001766,28,Male,Midwest,Hispanic,Some college,Student,5655,Instagram,10.1,4,3,2,1,Website,No,Social media,103
GZ001767,23,Female,West,Black,Some college,Full-time,30475,Reddit,5.6,3,5,3,5,Website,No,Search,711
GZ001768,23,Male,Northeast,Black,Some college,Unemployed,3895,YouTube,6.9,4,4,4,3,In-store,No,Friends/word-of-mouth,52
GZ001769,18,Male,Northeast,Hispanic,Some college,Gig/freelance,16667,TikTok,5.8,3,4,1,3,In-store,No,Friends/word-of-mouth,161
GZ001770,20,Male,Northeast,Hispanic,High school,Gig/freelance,941,TikTok,6.5,4,4,1,4,Mobile app,No,Ads,18
GZ001771,21,Prefer not to say,South,Asian,High school,Gig/freelance,0,Instagram,7.1,4,5,1,3,In-store,No,Search,0
GZ001772,22,Female,Midwest,Black,High school,Unemployed,4221,Instagram,7.8,5,4,2,2,Website,No,Search,103
GZ001773,21,Male,Northeast,Black,Some college,Full-time,20661,Instagram,4.4,4,4,1,4,Website,No,Influencer,390
GZ001774,22,Male,Midwest,Two+/Other,Some college,Gig/freelance,2537,TikTok,6.3,4,4,2,2,In-store,Yes,Social media,24
GZ001775,26,Female,West,White,Some college,Full-time,53811,TikTok,6.4,5,3,2,3,Website,Yes,Social media,1255
GZ001776,19,Female,South,Hispanic,High school,Part-time,30515,Instagram,2.7,2,3,1,3,Mobile app,Yes,Social media,563
GZ001777,21,Female,Northeast,Hispanic,High school,Part-time,17234,TikTok,4.1,4,5,4,2,In-store,No,Social media,309
GZ001778,19,Male,South,White,High school,Full-time,47073,Instagram,7.8,3,5,3,2,Website,No,Search,944
GZ001779,21,Female,South,Hispanic,Some college,Part-time,20243,TikTok,5.1,3,3,2,4,Mobile app,No,Social media,501
GZ001780,25,Male,Northeast,White,High school,Part-time,0,Reddit,11.2,4,3,4,4,Mobile app,Yes,Influencer,0
GZ001781,18,Female,Northeast,White,Some college,Full-time,58795,YouTube,7.9,5,5,3,4,Mobile app,No,Ads,629
GZ001782,21,Female,Northeast,White,Some college,Part-time,28043,TikTok,6.9,3,4,3,3,Social commerce,Yes,Ads,333
GZ001783,18,Male,West,Hispanic,Some college,Part-time,32878,Snapchat,9.0,4,2,1,5,Website,No,Friends/word-of-mouth,483
GZ001784,28,Female,South,Hispanic,High school,Student,7227,Instagram,7.5,3,5,2,3,Mobile app,No,Friends/word-of-mouth,173
GZ001785,25,Male,West,Hispanic,High school,Student,4402,Instagram,6.4,2,4,3,4,In-store,No,Social media,91
GZ001786,20,Female,South,White,Some college,Student,14502,TikTok,3.2,4,5,2,3,In-store,No,Search,139
GZ001787,20,Male,Northeast,Hispanic,Some college,Student,11020,Instagram,7.3,3,4,2,3,Website,No,Search,280
GZ001788,19,Female,West,White,Some college,Student,12542,Reddit,8.8,5,3,2,4,In-store,No,Influencer,116
GZ001789,23,Prefer not to say,West,White,Bachelor's,Full-time,29770,TikTok,4.8,5,4,3,4,In-store,No,Social media,376
GZ001790,26,Male,South,White,High school,Part-time,20199,YouTube,2.3,3,3,2,4,Website,No,Search,541
GZ001791,24,Female,West,Black,Some college,Part-time,9467,TikTok,3.9,2,4,4,2,In-store,No,Search,147
GZ001792,27,Female,Northeast,White,High school,Full-time,41900,Instagram,9.5,2,3,1,4,Mobile app,Yes,Social media,646
GZ001793,21,Female,Midwest,Hispanic,Some college,Gig/freelance,21929,Instagram,6.2,3,4,2,4,Website,No,Ads,269
GZ001794,21,Male,South,Black,High school,Full-time,86293,TikTok,8.9,4,4,3,3,Mobile app,Yes,Influencer,1040
GZ001795,23,Male,South,White,Some college,Unemployed,4987,TikTok,6.0,3,4,1,4,Mobile app,Yes,Social media,44
GZ001796,20,Female,West,Black,High school,Full-time,1327,Instagram,5.0,2,3,2,4,Website,No,Social media,34
GZ001797,28,Female,South,White,Bachelor's,Student,8993,Instagram,10.3,5,3,2,3,Mobile app,Yes,Search,211
GZ001798,20,Male,Northeast,White,Some college,Full-time,48958,Reddit,5.3,4,2,4,3,Mobile app,Yes,Social media,791
GZ001799,23,Male,Midwest,White,High school,Gig/freelance,20454,YouTube,5.5,5,5,2,3,Social commerce,No,Friends/word-of-mouth,492
GZ001800,23,Male,South,Hispanic,Bachelor's,Gig/freelance,13097,Reddit,6.9,2,4,3,1,Mobile app,Yes,Friends/word-of-mouth,186
GZ001801,18,Female,Midwest,Asian,Some college,Full-time,54483,Reddit,5.4,5,3,3,4,In-store,Yes,Social media,842
GZ001802,23,Male,South,Hispanic,High school,Full-time,23829,TikTok,7.6,4,5,1,4,In-store,No,Ads,637
GZ001803,23,Prefer not to say,South,Hispanic,Some college,Student,11330,Reddit,6.9,3,4,2,4,Mobile app,Yes,Social media,147
GZ001804,20,Female,West,White,Bachelor's,Full-time,22232,X,7.0,4,4,2,4,Mobile app,Yes,Social media,580
GZ001805,19,Female,South,Asian,Bachelor's,Full-time,31909,Instagram,4.8,3,4,4,4,Website,No,Friends/word-of-mouth,429
GZ001806,18,Female,West,White,High school,Unemployed,5721,YouTube,2.7,4,3,3,3,Mobile app,No,Search,156
GZ001807,18,Male,Northeast,White,High school,Student,10981,Instagram,4.3,5,3,3,2,In-store,Yes,Search,143
GZ001808,23,Female,Northeast,Two+/Other,Bachelor's,Full-time,42593,TikTok,4.5,2,5,3,4,Mobile app,No,Search,614
GZ001809,18,Male,South,White,Some college,Part-time,17757,TikTok,6.6,5,4,2,5,Mobile app,Yes,Influencer,352
GZ001810,28,Male,Midwest,White,Some college,Full-time,43711,TikTok,4.4,4,3,3,4,In-store,Yes,Social media,546
GZ001811,20,Male,South,White,High school,Gig/freelance,16738,Instagram,3.1,4,5,2,3,Mobile app,Yes,Social media,148
GZ001812,25,Male,West,White,Graduate,Full-time,13334,YouTube,3.7,5,4,4,4,Mobile app,No,Friends/word-of-mouth,194
GZ001813,25,Female,South,Black,Some college,Part-time,22610,TikTok,6.8,4,3,1,4,Website,Yes,Search,391
GZ001814,23,Male,West,White,Some college,Full-time,70918,TikTok,7.4,3,5,3,3,Website,Yes,Search,609
GZ001815,27,Female,South,Asian,Bachelor's,Unemployed,5087,TikTok,5.0,3,3,2,4,In-store,No,Social media,125
GZ001816,19,Male,Northeast,White,High school,Full-time,46803,X,5.2,5,3,3,3,In-store,No,Friends/word-of-mouth,662
GZ001817,20,Male,Northeast,Hispanic,Some college,Student,4105,Snapchat,7.2,2,4,1,4,Social commerce,Yes,Social media,49
GZ001818,20,Male,South,Hispanic,High school,Part-time,25105,TikTok,6.3,4,4,3,3,In-store,No,Social media,536
GZ001819,19,Male,Midwest,Hispanic,Some college,Gig/freelance,31632,Snapchat,8.4,2,3,2,4,Social commerce,Yes,Social media,841
GZ001820,21,Female,South,Hispanic,High school,Full-time,56366,Snapchat,5.7,4,2,2,4,Mobile app,No,Friends/word-of-mouth,999
GZ001821,21,Male,Midwest,Hispanic,High school,Gig/freelance,38096,Snapchat,4.3,4,4,1,4,Website,No,Friends/word-of-mouth,655
GZ001822,26,Male,South,Hispanic,Some college,Unemployed,6854,Reddit,8.2,2,3,2,4,In-store,No,Search,128
GZ001823,21,Male,South,Black,Some college,Full-time,20931,Instagram,5.4,3,4,2,3,In-store,Yes,Social media,243
GZ001824,27,Female,Midwest,White,High school,Full-time,17638,TikTok,4.4,4,3,1,4,In-store,Yes,Social media,260
GZ001825,26,Female,West,White,Some college,Unemployed,4266,Reddit,7.8,4,3,1,3,Website,Yes,Social media,75
GZ001826,27,Male,West,Hispanic,Bachelor's,Part-time,10527,Snapchat,8.9,2,4,2,3,Website,Yes,Social media,305
GZ001827,19,Female,West,White,Bachelor's,Gig/freelance,13180,TikTok,6.4,3,3,3,2,Mobile app,Yes,Search,216
GZ001828,28,Male,South,White,Bachelor's,Gig/freelance,40275,YouTube,4.0,4,3,2,3,Mobile app,Yes,Friends/word-of-mouth,377
GZ001829,24,Male,South,Two+/Other,Some college,Full-time,22928,Instagram,9.1,5,5,2,1,Website,No,Ads,313
GZ001830,28,Male,West,White,Some college,Full-time,41790,Instagram,6.8,5,3,2,3,Mobile app,No,Friends/word-of-mouth,1157
GZ001831,21,Female,Midwest,White,Some college,Part-time,4785,YouTube,6.4,3,4,2,4,Mobile app,Yes,Social media,123
GZ001832,28,Male,South,Hispanic,Graduate,Student,9255,TikTok,5.2,5,4,2,3,Mobile app,Yes,Social media,197
GZ001833,24,Female,South,White,Bachelor's,Part-time,27580,Instagram,8.3,3,2,1,4,In-store,No,Ads,536
GZ001834,18,Female,West,White,High school,Student,13913,TikTok,3.8,1,3,2,5,In-store,No,Friends/word-of-mouth,301
GZ001835,22,Male,Midwest,White,Bachelor's,Student,13232,TikTok,3.6,5,4,2,3,Website,Yes,Social media,375
GZ001836,19,Female,Midwest,White,High school,Gig/freelance,25083,Instagram,9.8,4,4,4,2,In-store,No,Influencer,438
GZ001837,28,Female,West,White,High school,Full-time,63007,Instagram,4.3,4,3,2,4,Social commerce,No,Social media,1575
GZ001838,21,Female,West,Black,Bachelor's,Part-time,21483,Instagram,7.9,4,4,4,4,Mobile app,No,Social media,571
GZ001839,20,Male,West,White,Some college,Full-time,33703,TikTok,8.8,4,4,4,4,In-store,No,Search,428
GZ001840,24,Male,South,White,Some college,Full-time,49214,Instagram,6.4,4,5,2,3,Mobile app,No,Social media,806
GZ001841,22,Female,South,Hispanic,Graduate,Full-time,58739,TikTok,4.2,3,5,2,4,Mobile app,Yes,Social media,1370
GZ001842,19,Female,South,White,Some college,Gig/freelance,10465,TikTok,7.3,3,5,5,3,Website,No,Social media,138
GZ001843,26,Male,Northeast,White,Bachelor's,Part-time,9410,Snapchat,8.8,4,4,3,3,In-store,Yes,Friends/word-of-mouth,140
GZ001844,27,Female,South,White,Graduate,Full-time,39285,YouTube,6.7,3,3,3,4,Website,Yes,Ads,615
GZ001845,26,Male,Midwest,White,High school,Student,4051,Instagram,4.5,3,4,2,2,Mobile app,Yes,Ads,115
GZ001846,24,Male,West,White,Some college,Student,3994,YouTube,6.6,4,3,2,4,Website,No,Search,91
GZ001847,22,Male,West,White,Bachelor's,Part-time,14593,TikTok,3.2,5,5,1,4,Social commerce,Yes,Friends/word-of-mouth,280
GZ001848,23,Male,Northeast,Black,Bachelor's,Full-time,60748,TikTok,4.1,3,5,4,3,In-store,Yes,Social media,1071
GZ001849,23,Male,Midwest,Two+/Other,High school,Full-time,60392,Instagram,5.5,3,4,3,3,Mobile app,Yes,Friends/word-of-mouth,1363
GZ001850,19,Male,South,Black,Some college,Full-time,48068,Snapchat,6.1,2,5,2,2,Social commerce,No,Search,1294
GZ001851,18,Female,Midwest,White,High school,Part-time,19460,YouTube,3.6,2,5,2,2,Mobile app,No,Friends/word-of-mouth,255
GZ001852,20,Female,West,Hispanic,High school,Full-time,81453,Snapchat,6.5,2,4,1,5,Social commerce,Yes,Social media,1937
GZ001853,22,Male,South,Hispanic,Some college,Student,6815,Reddit,7.0,5,5,2,3,Mobile app,No,Friends/word-of-mouth,91
GZ001854,19,Female,Midwest,White,High school,Gig/freelance,28820,TikTok,5.6,2,5,2,2,Social commerce,Yes,Search,706
GZ001855,19,Male,Midwest,Asian,Bachelor's,Full-time,30868,Reddit,1.7,4,3,1,4,Mobile app,No,Search,732
GZ001856,27,Male,South,Black,High school,Full-time,17667,YouTube,6.2,3,4,1,2,Website,Yes,Social media,401
GZ001857,22,Male,Northeast,White,Graduate,Gig/freelance,39863,Instagram,9.6,4,5,2,4,In-store,No,Social media,554
GZ001858,24,Female,Midwest,Two+/Other,Some college,Student,7763,Instagram,6.9,5,3,3,5,In-store,No,Social media,225
GZ001859,23,Male,West,White,Bachelor's,Student,11814,Instagram,6.0,4,5,2,3,Website,Yes,Social media,180
GZ001860,26,Male,South,White,High school,Gig/freelance,23120,TikTok,5.3,5,5,1,5,In-store,No,Social media,616
GZ001861,26,Female,South,White,Bachelor's,Student,14048,TikTok,7.2,5,5,1,4,Website,Yes,Friends/word-of-mouth,169
GZ001862,21,Male,West,White,Bachelor's,Student,4961,TikTok,6.4,5,4,4,5,Mobile app,No,Social media,80
GZ001863,27,Male,Midwest,Two+/Other,Bachelor's,Part-time,27427,TikTok,7.4,3,3,2,4,Website,Yes,Social media,241
GZ001864,22,Non-binary,West,Hispanic,High school,Unemployed,5609,TikTok,3.8,2,3,1,3,Website,Yes,Friends/word-of-mouth,58
GZ001865,27,Male,Midwest,White,Some college,Student,1731,TikTok,6.2,4,4,1,1,Mobile app,Yes,Search,30
GZ001866,22,Female,South,Black,High school,Full-time,32231,Other,5.1,4,5,2,3,Mobile app,No,Friends/word-of-mouth,821
GZ001867,19,Female,Midwest,Black,High school,Student,13134,TikTok,6.7,2,5,2,3,Mobile app,Yes,Social media,292
GZ001868,26,Male,Midwest,Asian,Bachelor's,Full-time,72945,Other,2.1,4,5,3,4,Website,No,Friends/word-of-mouth,1480
GZ001869,18,Female,Midwest,Asian,Some college,Part-time,23795,Instagram,5.2,1,4,5,5,Mobile app,No,Friends/word-of-mouth,204
GZ001870,26,Female,Midwest,Asian,Bachelor's,Full-time,34505,TikTok,7.1,5,4,1,2,Mobile app,No,Search,885
GZ001871,18,Female,Northeast,Hispanic,Some college,Student,5078,TikTok,7.4,4,4,2,5,Website,Yes,Ads,76
GZ001872,20,Female,South,White,Bachelor's,Part-time,22589,TikTok,5.9,3,3,3,3,In-store,No,Social media,447
GZ001873,24,Male,Midwest,Asian,Some college,Student,7274,Instagram,1.7,4,5,2,3,Mobile app,Yes,Search,185
GZ001874,28,Female,Northeast,White,High school,Student,7446,TikTok,7.3,4,4,1,2,Mobile app,No,Social media,70
GZ001875,22,Male,West,White,Bachelor's,Full-time,37763,Snapchat,9.2,4,4,3,4,Website,Yes,Social media,563
GZ001876,19,Female,South,White,Some college,Full-time,58665,Instagram,4.3,4,5,2,3,Mobile app,No,Social media,1655
GZ001877,20,Male,Northeast,White,High school,Part-time,32632,Instagram,5.1,5,3,1,5,Social commerce,Yes,Friends/word-of-mouth,337
GZ001878,27,Female,South,Hispanic,Bachelor's,Student,13158,Instagram,7.6,2,4,1,2,In-store,No,Friends/word-of-mouth,209
GZ001879,25,Male,South,Asian,High school,Unemployed,4017,YouTube,7.7,4,4,4,4,Mobile app,Yes,Influencer,108
GZ001880,19,Female,South,White,Some college,Part-time,10716,Other,8.2,5,5,4,2,Mobile app,No,Social media,116
GZ001881,22,Male,West,Hispanic,Some college,Student,11703,Instagram,8.0,3,4,1,4,Mobile app,No,Friends/word-of-mouth,264
GZ001882,20,Female,West,White,Some college,Unemployed,6997,TikTok,2.9,4,1,1,4,In-store,Yes,Search,158
GZ001883,19,Female,West,Hispanic,High school,Student,13064,Other,5.0,3,3,3,4,Website,No,Search,175
GZ001884,27,Female,Northeast,White,Some college,Full-time,45926,Other,7.3,5,3,4,3,Mobile app,Yes,Social media,521
GZ001885,24,Male,West,White,Bachelor's,Part-time,14038,Snapchat,5.8,4,5,5,3,Website,Yes,Friends/word-of-mouth,339
GZ001886,19,Male,West,Hispanic,Some college,Gig/freelance,30038,Snapchat,6.7,2,5,1,4,Website,No,Search,393
GZ001887,25,Female,Northeast,Hispanic,Some college,Part-time,27352,Instagram,5.7,5,2,4,5,Mobile app,No,Influencer,670
GZ001888,22,Female,Midwest,White,Bachelor's,Full-time,46390,Instagram,5.1,3,3,2,2,Mobile app,No,Search,1263
GZ001889,18,Male,South,White,High school,Part-time,17162,Instagram,5.5,4,3,1,3,Website,No,Friends/word-of-mouth,159
GZ001890,22,Male,South,White,High school,Full-time,29011,YouTube,3.8,5,4,1,3,Website,No,Social media,410
GZ001891,20,Female,Midwest,Hispanic,High school,Student,19487,Snapchat,4.6,5,3,2,2,Website,Yes,Social media,457
GZ001892,20,Male,Northeast,White,High school,Unemployed,2396,Instagram,5.9,4,4,3,2,Social commerce,No,Ads,48
GZ001893,27,Male,West,White,High school,Unemployed,2229,Instagram,5.9,4,3,1,3,Mobile app,No,Search,42
GZ001894,25,Male,South,Black,Graduate,Student,9664,Snapchat,7.1,2,4,3,3,Website,No,Search,174
GZ001895,19,Female,Midwest,Hispanic,High school,Gig/freelance,23637,TikTok,5.4,3,2,3,5,Website,No,Ads,668
GZ001896,27,Female,Midwest,White,Some college,Gig/freelance,37972,YouTube,9.4,3,5,3,4,In-store,No,Social media,931
GZ001897,24,Female,West,Hispanic,High school,Unemployed,5902,Snapchat,8.5,4,5,2,3,In-store,No,Friends/word-of-mouth,117
GZ001898,27,Male,Northeast,White,High school,Gig/freelance,11792,TikTok,5.0,3,5,3,4,Mobile app,No,Social media,178
GZ001899,26,Female,Midwest,White,Bachelor's,Gig/freelance,17159,TikTok,6.4,4,5,1,3,Social commerce,Yes,Search,151
GZ001900,21,Male,Midwest,Hispanic,High school,Full-time,25454,TikTok,8.4,3,5,3,3,Mobile app,Yes,Social media,571
GZ001901,23,Male,Midwest,White,Graduate,Full-time,56827,TikTok,4.7,4,5,2,4,Mobile app,Yes,Friends/word-of-mouth,657
GZ001902,23,Male,Midwest,White,High school,Full-time,50095,Instagram,4.5,4,3,2,5,Social commerce,Yes,Search,581
GZ001903,25,Female,West,Black,High school,Student,7495,YouTube,8.6,3,4,2,4,Mobile app,No,Social media,78
GZ001904,20,Female,West,Hispanic,Some college,Unemployed,4389,Instagram,7.4,3,4,1,2,In-store,Yes,Social media,117
GZ001905,21,Female,Midwest,Asian,Some college,Unemployed,1972,YouTube,8.1,4,5,3,4,In-store,Yes,Influencer,40
GZ001906,20,Male,West,Black,Some college,Gig/freelance,17312,TikTok,6.6,5,4,2,5,In-store,No,Social media,433
GZ001907,21,Male,West,White,Some college,Gig/freelance,10789,Snapchat,5.5,3,5,3,4,Mobile app,Yes,Search,93
GZ001908,19,Female,South,Hispanic,High school,Part-time,19178,Instagram,3.3,4,4,3,2,Website,No,Search,349
GZ001909,18,Male,Midwest,White,Some college,Part-time,19147,YouTube,6.3,4,4,1,4,In-store,No,Search,408
GZ001910,28,Female,Midwest,Hispanic,Bachelor's,Student,5013,TikTok,8.5,4,3,2,3,Mobile app,Yes,Friends/word-of-mouth,137
GZ001911,18,Female,South,White,Some college,Full-time,49960,Snapchat,8.5,2,4,1,5,Website,No,Influencer,1039
GZ001912,27,Female,South,White,Some college,Gig/freelance,38368,Instagram,8.1,4,4,4,4,Mobile app,No,Social media,424
GZ001913,18,Male,South,White,High school,Student,4826,Other,7.6,2,3,3,5,Mobile app,No,Friends/word-of-mouth,111
GZ001914,26,Female,Northeast,Black,Bachelor's,Full-time,35832,Instagram,10.4,2,3,3,3,Website,Yes,Social media,564
GZ001915,21,Female,Northeast,White,High school,Student,11080,Reddit,2.9,2,4,2,3,Mobile app,Yes,Social media,148
GZ001916,23,Male,West,Hispanic,Some college,Student,8974,Instagram,6.5,4,5,1,3,In-store,Yes,Social media,233
GZ001917,21,Male,West,Black,Some college,Student,3443,TikTok,4.1,3,4,4,4,Website,No,Influencer,68
GZ001918,23,Female,Midwest,Hispanic,Some college,Gig/freelance,20842,YouTube,9.1,2,5,4,5,In-store,No,Influencer,387
GZ001919,22,Female,West,White,Some college,Full-time,33041,TikTok,4.9,4,5,4,4,In-store,No,Social media,854
GZ001920,23,Male,Northeast,White,Bachelor's,Gig/freelance,24006,Snapchat,8.0,4,4,2,3,Social commerce,No,Friends/word-of-mouth,670
GZ001921,22,Female,South,Asian,Bachelor's,Full-time,39583,TikTok,5.1,4,5,3,4,Mobile app,No,Social media,856
GZ001922,23,Female,South,Hispanic,Graduate,Part-time,30684,YouTube,6.8,3,3,3,2,In-store,No,Friends/word-of-mouth,795
GZ001923,27,Male,West,White,Some college,Part-time,16311,Instagram,5.8,4,3,2,3,Mobile app,Yes,Ads,279
GZ001924,22,Female,South,Asian,Bachelor's,Gig/freelance,5898,Instagram,6.0,5,3,4,3,Social commerce,No,Ads,160
GZ001925,21,Male,West,White,Some college,Gig/freelance,27066,YouTube,6.7,2,3,4,3,Social commerce,Yes,Search,631
GZ001926,19,Female,Midwest,White,High school,Full-time,75032,YouTube,7.8,3,4,5,3,In-store,Yes,Search,2048
GZ001927,21,Female,South,White,Some college,Student,8323,YouTube,5.8,5,5,2,3,Mobile app,No,Social media,219
GZ001928,19,Female,West,White,Some college,Gig/freelance,20874,YouTube,7.8,4,3,1,2,Mobile app,No,Social media,328
GZ001929,20,Female,Midwest,White,High school,Unemployed,3450,YouTube,8.1,4,4,2,4,In-store,No,Social media,92
GZ001930,28,Female,Northeast,Hispanic,Bachelor's,Full-time,53040,Snapchat,5.2,4,4,2,2,Website,Yes,Social media,1044
GZ001931,18,Female,West,White,High school,Full-time,36152,TikTok,9.8,5,3,2,4,Website,No,Search,900
GZ001932,23,Male,South,Hispanic,High school,Part-time,5723,TikTok,7.5,4,4,4,4,Website,Yes,Social media,132
GZ001933,27,Male,West,Black,Some college,Gig/freelance,18140,YouTube,5.1,4,5,2,4,Mobile app,Yes,Friends/word-of-mouth,500
GZ001934,28,Female,West,Black,High school,Full-time,40777,Instagram,7.2,4,5,1,3,In-store,Yes,Friends/word-of-mouth,937
GZ001935,19,Male,Midwest,White,Some college,Part-time,22338,Reddit,8.1,2,5,2,5,Website,No,Search,521
GZ001936,19,Male,West,Black,Some college,Unemployed,2951,X,7.2,4,4,4,5,Social commerce,Yes,Influencer,85
GZ001937,22,Male,South,White,Some college,Part-time,15600,Reddit,6.4,3,4,2,3,In-store,Yes,Friends/word-of-mouth,412
GZ001938,24,Female,Midwest,Hispanic,High school,Student,9181,Instagram,0.5,2,4,3,4,Social commerce,Yes,Social media,193
GZ001939,28,Female,West,White,Bachelor's,Unemployed,2600,YouTube,4.1,2,4,4,3,Mobile app,No,Friends/word-of-mouth,62
GZ001940,20,Female,South,Hispanic,High school,Part-time,17256,TikTok,7.4,2,4,3,4,In-store,Yes,Influencer,235
GZ001941,19,Female,West,White,High school,Full-time,50830,TikTok,4.0,1,4,1,4,In-store,No,Social media,1004
GZ001942,20,Female,Northeast,Hispanic,High school,Full-time,19575,Snapchat,7.0,3,3,2,2,Website,Yes,Search,563
GZ001943,27,Male,Midwest,White,High school,Student,10241,Snapchat,7.8,3,5,2,3,Website,No,Social media,121
GZ001944,18,Male,South,White,Some college,Full-time,21393,TikTok,5.8,5,4,1,4,Mobile app,Yes,Social media,577
GZ001945,22,Female,Midwest,Hispanic,Bachelor's,Full-time,21771,Reddit,2.5,4,3,2,4,Mobile app,Yes,Ads,518
GZ001946,19,Female,South,White,Some college,Full-time,29473,Reddit,4.5,4,5,1,4,Website,Yes,Influencer,423
GZ001947,19,Female,West,Hispanic,High school,Student,14529,TikTok,7.4,5,4,3,2,Website,Yes,Friends/word-of-mouth,407
GZ001948,28,Male,West,Hispanic,Bachelor's,Gig/freelance,5932,TikTok,8.5,1,3,2,4,Social commerce,No,Social media,101
GZ001949,18,Male,South,Hispanic,Bachelor's,Part-time,14242,Reddit,1.8,4,5,2,5,In-store,Yes,Social media,258
GZ001950,21,Female,South,Hispanic,Bachelor's,Student,8892,TikTok,6.2,4,3,1,1,Website,No,Search,163
GZ001951,28,Male,Northeast,Black,Graduate,Unemployed,6100,TikTok,3.1,5,4,4,4,Website,Yes,Social media,75
GZ001952,24,Non-binary,South,Asian,Bachelor's,Student,16889,Instagram,6.2,2,4,2,5,In-store,Yes,Friends/word-of-mouth,365
GZ001953,18,Male,Midwest,White,Some college,Student,7290,Snapchat,5.7,3,5,3,4,In-store,Yes,Social media,139
GZ001954,23,Male,Midwest,Hispanic,High school,Full-time,52193,Snapchat,10.7,3,4,2,3,In-store,Yes,Ads,1503
GZ001955,28,Male,West,Hispanic,Bachelor's,Part-time,17234,YouTube,4.9,2,5,4,4,Website,No,Social media,421
GZ001956,22,Female,South,White,Bachelor's,Full-time,40091,Snapchat,8.1,5,2,3,3,Mobile app,No,Social media,700
GZ001957,23,Female,South,White,Bachelor's,Part-time,20213,YouTube,8.0,3,3,2,4,Social commerce,No,Social media,542
GZ001958,23,Male,South,White,Bachelor's,Unemployed,1146,YouTube,5.6,5,4,1,3,Mobile app,Yes,Social media,31
GZ001959,25,Female,West,Hispanic,Bachelor's,Full-time,41094,TikTok,6.2,4,3,4,4,Mobile app,Yes,Social media,832
GZ001960,20,Male,Northeast,White,High school,Full-time,50519,Instagram,6.0,2,4,2,3,Social commerce,No,Friends/word-of-mouth,1431
GZ001961,27,Female,Northeast,Hispanic,Bachelor's,Gig/freelance,15940,Instagram,4.5,3,5,1,3,Website,No,Influencer,305
GZ001962,28,Female,South,Hispanic,High school,Unemployed,4823,TikTok,4.3,4,3,2,5,In-store,Yes,Friends/word-of-mouth,62
GZ001963,19,Female,South,Hispanic,Some college,Student,1999,Instagram,5.2,4,3,2,3,Mobile app,No,Friends/word-of-mouth,38
GZ001964,27,Male,South,White,High school,Full-time,43768,TikTok,3.7,4,4,3,1,Website,No,Ads,809
GZ001965,26,Female,Northeast,Black,High school,Student,14435,TikTok,5.0,5,2,1,5,In-store,Yes,Social media,274
GZ001966,26,Female,South,Hispanic,Some college,Part-time,16229,Instagram,5.6,5,5,5,3,Website,Yes,Friends/word-of-mouth,194
GZ001967,22,Female,South,White,High school,Student,5038,TikTok,6.3,4,4,3,3,Social commerce,No,Social media,63
GZ001968,23,Male,Midwest,White,Bachelor's,Student,3228,TikTok,6.9,5,4,2,3,In-store,Yes,Search,53
GZ001969,27,Non-binary,West,White,Some college,Gig/freelance,30569,Snapchat,5.6,5,3,3,3,Website,Yes,Friends/word-of-mouth,735
GZ001970,19,Female,South,Asian,High school,Full-time,59539,Snapchat,4.5,3,5,1,3,In-store,No,Friends/word-of-mouth,783
GZ001971,27,Male,Midwest,White,High school,Unemployed,3899,YouTube,6.9,2,4,2,5,Website,No,Social media,39
GZ001972,28,Female,South,White,Bachelor's,Full-time,33236,TikTok,7.6,3,5,3,3,Mobile app,Yes,Social media,461
GZ001973,25,Male,South,White,Some college,Full-time,5505,YouTube,5.0,2,2,2,2,Mobile app,Yes,Influencer,91
GZ001974,21,Female,South,White,High school,Gig/freelance,27451,YouTube,4.0,3,4,3,1,Mobile app,Yes,Influencer,260
GZ001975,24,Male,South,White,Bachelor's,Part-time,12416,TikTok,5.1,4,4,3,4,Website,No,Friends/word-of-mouth,209
GZ001976,18,Male,Northeast,Black,Some college,Part-time,12882,TikTok,5.6,3,4,2,3,Social commerce,Yes,Social media,264
GZ001977,28,Male,West,White,Some college,Full-time,72550,Instagram,8.3,4,5,4,4,In-store,No,Social media,1850
GZ001978,21,Female,Midwest,Black,Some college,Full-time,7949,Instagram,7.4,4,3,2,2,Website,No,Social media,146
GZ001979,18,Male,South,White,High school,Full-time,10479,TikTok,6.0,4,3,4,3,Mobile app,Yes,Search,246
GZ001980,26,Non-binary,Midwest,White,Some college,Student,9936,TikTok,9.8,2,4,4,3,In-store,No,Social media,223
GZ001981,25,Female,Northeast,Black,Graduate,Full-time,34717,Instagram,5.9,3,2,3,4,Website,Yes,Social media,680
GZ001982,24,Male,South,Hispanic,Some college,Unemployed,3066,Instagram,8.8,2,5,1,4,In-store,Yes,Friends/word-of-mouth,61
GZ001983,18,Male,Northeast,Black,Bachelor's,Student,10104,Instagram,8.4,4,5,2,2,Mobile app,No,Social media,145
GZ001984,26,Female,Midwest,White,Some college,Gig/freelance,28994,Other,8.3,5,5,3,5,Website,Yes,Social media,330
GZ001985,25,Male,Midwest,White,Some college,Gig/freelance,14608,TikTok,6.6,4,5,2,4,Website,Yes,Search,282
GZ001986,26,Female,South,Hispanic,Some college,Student,6603,Snapchat,6.2,4,5,3,2,Mobile app,Yes,Friends/word-of-mouth,92
GZ001987,27,Male,Midwest,White,Bachelor's,Part-time,18401,Instagram,6.0,3,3,3,4,Website,Yes,Social media,295
GZ001988,20,Female,West,Black,Some college,Unemployed,4300,YouTube,7.7,3,4,2,4,Mobile app,No,Search,102
GZ001989,20,Female,Northeast,White,High school,Part-time,21914,YouTube,4.4,5,4,1,4,Mobile app,Yes,Social media,488
GZ001990,28,Male,Northeast,White,High school,Full-time,30978,YouTube,5.5,4,3,4,4,Mobile app,Yes,Social media,353
GZ001991,23,Male,West,Black,Some college,Student,10405,YouTube,9.3,4,3,3,4,Website,No,Influencer,114
GZ001992,22,Male,Northeast,Hispanic,High school,Full-time,59961,YouTube,7.2,5,3,2,4,Mobile app,Yes,Social media,1569
GZ001993,21,Prefer not to say,Northeast,Black,High school,Student,9189,YouTube,7.9,5,4,2,4,Mobile app,No,Friends/word-of-mouth,150
GZ001994,25,Female,West,Black,Some college,Unemployed,3814,TikTok,3.6,4,5,3,4,In-store,Yes,Social media,46
GZ001995,26,Female,South,White,Bachelor's,Student,8046,Instagram,5.1,4,3,2,2,Website,No,Search,169
GZ001996,18,Female,South,Hispanic,Some college,Full-time,30331,Snapchat,6.7,3,4,3,2,Website,No,Social media,864
GZ001997,24,Female,South,Two+/Other,High school,Full-time,24272,Instagram,5.9,4,4,1,3,In-store,No,Social media,507
GZ001998,28,Male,South,White,High school,Part-time,15585,TikTok,3.5,3,3,3,3,Mobile app,Yes,Search,325
GZ001999,21,Male,Northeast,White,High school,Full-time,50520,X,7.5,4,4,2,3,Mobile app,No,Ads,1356
GZ002000,21,Male,South,Asian,Some college,Student,5398,Other,8.2,5,4,4,2,Website,Yes,Social media,67
GZ002001,27,Female,Midwest,White,Bachelor's,Student,8694,Instagram,5.4,2,3,3,4,Mobile app,Yes,Search,174
GZ002002,18,Female,Midwest,Asian,High school,Student,8224,Instagram,7.6,2,4,1,3,Website,Yes,Social media,109
GZ002003,22,Male,Midwest,White,Bachelor's,Student,16200,TikTok,10.1,4,5,3,1,Social commerce,No,Friends/word-of-mouth,365
GZ002004,23,Female,South,Black,Graduate,Part-time,23854,Instagram,9.1,4,5,4,2,Mobile app,Yes,Influencer,480
GZ002005,26,Female,West,Hispanic,Some college,Full-time,55354,X,5.5,4,4,2,3,Mobile app,No,Search,1448
GZ002006,19,Female,Midwest,Hispanic,Some college,Student,12726,TikTok,3.8,2,5,1,3,Social commerce,Yes,Influencer,260
GZ002007,22,Female,West,Black,Bachelor's,Part-time,13579,TikTok,6.5,5,5,1,4,Website,No,Influencer,282
GZ002008,19,Female,South,White,Some college,Full-time,68020,Reddit,10.7,5,5,3,4,Social commerce,No,Influencer,1255
GZ002009,26,Male,Midwest,Hispanic,Bachelor's,Student,9644,Instagram,8.7,3,3,1,1,Mobile app,No,Social media,91
GZ002010,24,Female,South,Asian,Some college,Part-time,17638,Other,6.0,3,5,2,5,In-store,Yes,Friends/word-of-mouth,319
GZ002011,23,Male,West,Asian,Bachelor's,Full-time,19041,Instagram,9.1,4,3,1,3,In-store,No,Social media,175
GZ002012,22,Male,West,Two+/Other,Bachelor's,Part-time,14746,TikTok,8.3,4,5,4,3,Social commerce,Yes,Social media,311
GZ002013,19,Male,South,Hispanic,High school,Full-time,8623,X,2.2,5,2,4,4,Mobile app,No,Search,114
GZ002014,28,Female,Midwest,Hispanic,Bachelor's,Student,7994,TikTok,8.1,4,4,3,3,Website,No,Search,68
GZ002015,25,Female,South,Hispanic,Bachelor's,Full-time,31107,YouTube,6.2,3,3,3,4,Website,No,Friends/word-of-mouth,752
GZ002016,21,Female,Northeast,Hispanic,High school,Gig/freelance,21339,TikTok,4.3,3,4,2,1,Website,Yes,Social media,323
GZ002017,22,Female,Northeast,Hispanic,Graduate,Part-time,6773,YouTube,6.2,2,2,1,5,Mobile app,No,Social media,148
GZ002018,25,Female,South,White,Bachelor's,Full-time,55298,TikTok,6.8,5,4,1,4,Website,No,Social media,1252
GZ002019,25,Male,South,White,Bachelor's,Full-time,53198,Snapchat,4.4,4,4,3,4,Mobile app,Yes,Friends/word-of-mouth,996
GZ002020,23,Female,South,Hispanic,Bachelor's,Unemployed,7041,X,5.8,4,3,1,4,Mobile app,No,Influencer,58
GZ002021,21,Female,Northeast,White,High school,Part-time,31457,TikTok,5.3,4,4,5,3,In-store,No,Social media,786
GZ002022,25,Female,Midwest,White,Some college,Student,9632,Instagram,7.6,4,4,1,5,Website,No,Social media,155
GZ002023,25,Male,South,White,Bachelor's,Gig/freelance,37973,YouTube,5.4,2,4,3,3,Social commerce,No,Social media,517
GZ002024,24,Male,West,Black,Graduate,Full-time,46938,Other,2.6,2,5,4,2,Mobile app,Yes,Search,1117
GZ002025,18,Male,South,Two+/Other,Some college,Student,7269,Instagram,5.1,3,3,1,4,In-store,Yes,Social media,180
GZ002026,23,Male,West,Hispanic,Some college,Student,7873,Other,4.1,3,5,2,2,Mobile app,No,Friends/word-of-mouth,198
GZ002027,24,Male,West,Asian,High school,Gig/freelance,33475,Reddit,3.4,4,4,2,3,Mobile app,Yes,Influencer,815
GZ002028,28,Male,South,Black,Some college,Part-time,51112,YouTube,8.4,5,2,5,4,In-store,No,Search,623
GZ002029,23,Female,Midwest,White,Some college,Unemployed,6100,Instagram,7.6,3,4,2,4,Mobile app,Yes,Search,149
GZ002030,21,Male,South,White,Some college,Student,9997,Instagram,4.1,3,4,1,3,Mobile app,Yes,Search,134
GZ002031,24,Male,West,White,Some college,Gig/freelance,31660,YouTube,3.5,4,4,3,2,Social commerce,No,Social media,466
GZ002032,19,Female,Midwest,White,Some college,Full-time,50975,YouTube,5.8,2,5,1,3,Mobile app,No,Friends/word-of-mouth,700
GZ002033,18,Male,Northeast,Hispanic,Some college,Part-time,17268,TikTok,3.4,4,5,2,3,Social commerce,Yes,Friends/word-of-mouth,222
GZ002034,25,Female,West,White,Graduate,Full-time,56297,Instagram,5.5,3,3,2,3,Mobile app,Yes,Social media,1147
GZ002035,28,Male,Northeast,Asian,Some college,Unemployed,3720,Snapchat,6.1,4,5,3,3,Mobile app,No,Social media,78
GZ002036,27,Female,South,Hispanic,High school,Full-time,22882,Instagram,6.6,4,5,2,2,Website,Yes,Search,547
GZ002037,24,Male,Northeast,White,Some college,Student,10950,Instagram,6.7,4,4,2,2,Mobile app,Yes,Influencer,136
GZ002038,18,Male,South,Two+/Other,High school,Full-time,53629,TikTok,4.4,4,3,3,2,In-store,No,Social media,975
GZ002039,28,Female,Midwest,Asian,Some college,Full-time,39244,TikTok,6.1,4,3,3,4,Social commerce,Yes,Social media,814
GZ002040,22,Female,South,Black,Bachelor's,Full-time,47856,TikTok,8.6,5,5,2,4,Mobile app,No,Social media,764
GZ002041,21,Female,Northeast,Black,High school,Student,12891,Instagram,1.8,4,5,1,2,Website,Yes,Social media,166
GZ002042,27,Female,Northeast,Two+/Other,Some college,Full-time,41020,YouTube,6.7,3,4,3,4,Mobile app,No,Search,408
GZ002043,26,Non-binary,West,Hispanic,Some college,Gig/freelance,20770,Snapchat,3.6,3,5,2,3,In-store,Yes,Social media,293
GZ002044,26,Male,West,Black,Some college,Student,6127,TikTok,8.8,4,5,3,2,Website,No,Social media,117
GZ002045,21,Female,West,White,High school,Unemployed,3543,TikTok,7.6,5,5,1,2,Website,No,Influencer,41
GZ002046,28,Female,South,Hispanic,Bachelor's,Student,15216,Snapchat,7.6,5,5,3,3,Mobile app,Yes,Social media,404
GZ002047,22,Non-binary,Midwest,White,High school,Student,8196,TikTok,4.3,3,4,2,4,In-store,Yes,Social media,189
GZ002048,23,Female,Midwest,White,Some college,Student,10455,Other,6.5,4,3,2,4,Website,No,Social media,109
GZ002049,26,Male,West,White,Bachelor's,Full-time,35867,YouTube,6.8,4,4,1,3,Mobile app,No,Friends/word-of-mouth,450
GZ002050,25,Female,South,White,Bachelor's,Part-time,14677,X,1.3,5,4,3,4,Website,No,Influencer,138
GZ002051,19,Female,Northeast,White,Some college,Gig/freelance,15712,YouTube,6.3,4,3,2,3,Mobile app,No,Friends/word-of-mouth,411
GZ002052,21,Male,South,White,High school,Full-time,43895,X,7.2,4,4,3,3,Mobile app,Yes,Search,577
GZ002053,21,Female,Midwest,White,Some college,Full-time,32227,YouTube,3.2,3,3,3,4,Mobile app,Yes,Search,917
GZ002054,28,Male,South,Black,High school,Student,14158,TikTok,7.2,4,5,1,4,Mobile app,Yes,Search,406
GZ002055,25,Female,South,Hispanic,Graduate,Gig/freelance,24742,Snapchat,6.2,2,5,3,4,Mobile app,Yes,Ads,332
GZ002056,22,Male,South,Hispanic,Bachelor's,Full-time,41158,TikTok,8.8,4,5,2,2,Mobile app,Yes,Ads,1136
GZ002057,26,Male,South,White,High school,Gig/freelance,23891,Instagram,5.2,3,4,3,3,In-store,Yes,Friends/word-of-mouth,374
GZ002058,26,Male,Midwest,Black,High school,Full-time,49013,Instagram,6.4,3,4,1,4,Mobile app,Yes,Influencer,747
GZ002059,22,Female,West,White,Graduate,Part-time,30076,Snapchat,6.7,4,4,2,3,Mobile app,Yes,Search,820
GZ002060,22,Male,Midwest,White,High school,Unemployed,2128,YouTube,0.5,4,5,2,3,In-store,No,Search,44
GZ002061,27,Non-binary,Midwest,Hispanic,Some college,Part-time,20250,Reddit,5.3,1,5,2,2,In-store,No,Friends/word-of-mouth,457
GZ002062,24,Female,South,Asian,High school,Student,2646,TikTok,6.2,4,4,3,4,Mobile app,No,Social media,44
GZ002063,19,Female,South,Two+/Other,High school,Unemployed,6201,Other,1.3,3,5,1,2,Social commerce,Yes,Friends/word-of-mouth,119
GZ002064,25,Male,Midwest,Black,Bachelor's,Full-time,39956,Snapchat,7.3,5,4,2,4,Mobile app,No,Search,977
GZ002065,24,Female,Midwest,Hispanic,Bachelor's,Full-time,13746,Instagram,6.2,2,3,3,2,Website,No,Influencer,163
GZ002066,23,Male,West,Hispanic,High school,Unemployed,1703,TikTok,6.2,5,4,2,3,In-store,No,Social media,49
GZ002067,25,Male,South,Hispanic,Some college,Student,12296,Instagram,7.4,5,5,2,5,Website,No,Search,307
GZ002068,27,Female,Midwest,White,Bachelor's,Unemployed,1003,TikTok,5.2,3,5,1,4,Social commerce,Yes,Social media,13
GZ002069,21,Male,South,White,Bachelor's,Gig/freelance,29255,YouTube,6.1,3,3,2,3,In-store,Yes,Search,670
GZ002070,22,Male,Midwest,Two+/Other,Bachelor's,Student,7264,TikTok,7.7,3,5,1,4,Mobile app,No,Friends/word-of-mouth,62
GZ002071,20,Female,South,Two+/Other,Bachelor's,Part-time,16422,Instagram,6.1,4,5,3,3,Mobile app,No,Influencer,393
GZ002072,25,Male,Midwest,White,High school,Part-time,12541,YouTube,2.3,3,4,2,2,In-store,Yes,Influencer,312
GZ002073,22,Female,West,White,Graduate,Full-time,23991,Instagram,6.1,4,3,1,3,Social commerce,No,Search,269
GZ002074,21,Female,Midwest,White,Some college,Part-time,14051,Reddit,6.1,3,3,2,4,Website,Yes,Search,206
GZ002075,25,Male,South,White,High school,Gig/freelance,32692,TikTok,7.8,4,2,1,4,Mobile app,No,Social media,714
GZ002076,22,Female,West,White,High school,Unemployed,3473,Instagram,5.3,4,3,1,3,Website,No,Ads,80
GZ002077,23,Male,South,Hispanic,Some college,Unemployed,4758,Reddit,4.0,3,4,4,3,Mobile app,No,Search,46
GZ002078,22,Female,Midwest,White,Some college,Unemployed,3563,Instagram,4.1,3,5,1,4,Website,No,Social media,61
GZ002079,20,Male,South,White,High school,Full-time,53552,Instagram,8.9,3,5,2,5,Social commerce,No,Influencer,981
GZ002080,19,Female,South,White,High school,Part-time,21361,X,6.6,4,4,5,3,Mobile app,Yes,Search,481
GZ002081,27,Male,Midwest,Black,Bachelor's,Full-time,31780,Instagram,8.8,2,2,3,5,In-store,No,Friends/word-of-mouth,496
GZ002082,19,Male,South,White,High school,Student,5137,Reddit,9.1,5,4,2,4,Mobile app,Yes,Social media,81
GZ002083,21,Male,South,White,High school,Unemployed,5720,X,4.5,4,2,1,4,In-store,No,Social media,73
GZ002084,25,Non-binary,Midwest,Hispanic,Bachelor's,Gig/freelance,16483,TikTok,4.4,3,5,2,4,Website,Yes,Search,449
GZ002085,19,Male,Midwest,Black,High school,Gig/freelance,31859,Snapchat,5.7,4,5,2,4,Mobile app,No,Social media,328
GZ002086,25,Male,Northeast,White,Graduate,Part-time,18251,YouTube,7.2,4,4,3,3,Website,Yes,Friends/word-of-mouth,338
GZ002087,26,Male,South,Hispanic,Some college,Part-time,14249,Other,3.2,3,5,2,3,In-store,No,Search,161
GZ002088,25,Male,West,White,High school,Full-time,50116,YouTube,6.9,5,5,3,4,In-store,No,Social media,449
GZ002089,21,Male,Midwest,Hispanic,High school,Student,14539,Snapchat,6.8,1,4,4,5,Mobile app,No,Search,331
GZ002090,18,Male,South,White,High school,Full-time,53822,Instagram,3.7,5,4,3,5,Website,Yes,Influencer,634
GZ002091,27,Female,Midwest,Asian,Some college,Gig/freelance,27512,YouTube,3.8,4,3,1,5,Mobile app,No,Friends/word-of-mouth,563
GZ002092,21,Male,South,Two+/Other,Bachelor's,Part-time,31133,Snapchat,6.9,5,4,2,3,Website,Yes,Social media,664
GZ002093,26,Male,Northeast,Black,Some college,Student,2219,X,10.1,5,3,3,3,In-store,Yes,Search,63
GZ002094,20,Female,Midwest,Asian,High school,Gig/freelance,12987,TikTok,5.4,3,3,1,3,Mobile app,No,Search,224
GZ002095,19,Female,West,White,Some college,Full-time,33221,TikTok,6.7,3,3,4,4,Mobile app,Yes,Social media,328
GZ002096,26,Non-binary,West,Hispanic,Bachelor's,Student,14748,Other,4.8,4,2,2,4,Mobile app,No,Social media,264
GZ002097,28,Female,South,White,Bachelor's,Gig/freelance,37031,YouTube,6.5,3,5,3,3,Website,No,Social media,411
GZ002098,27,Female,South,White,Bachelor's,Unemployed,910,TikTok,4.7,3,4,2,3,In-store,No,Social media,17
GZ002099,26,Female,Midwest,Hispanic,Some college,Full-time,33752,Instagram,5.5,3,5,2,4,Social commerce,Yes,Social media,618
GZ002100,20,Female,West,Hispanic,Some college,Student,3638,X,10.9,3,5,1,3,Social commerce,No,Ads,64
GZ002101,28,Male,West,Hispanic,Some college,Part-time,17672,Other,6.2,3,4,4,3,In-store,No,Search,438
GZ002102,25,Male,South,Black,High school,Full-time,59044,TikTok,2.9,4,5,4,5,Website,Yes,Social media,950
GZ002103,19,Non-binary,Midwest,Hispanic,Bachelor's,Full-time,60439,Snapchat,7.3,4,4,4,3,In-store,Yes,Social media,1460
GZ002104,19,Male,West,Asian,Some college,Student,10085,Instagram,8.3,4,5,1,3,Mobile app,Yes,Social media,248
GZ002105,27,Male,South,Black,High school,Full-time,33967,Instagram,7.4,4,3,3,3,Website,No,Social media,541
GZ002106,21,Female,Northeast,Black,Some college,Student,8613,YouTube,5.6,3,4,3,4,Social commerce,No,Influencer,128
GZ002107,26,Male,West,White,Bachelor's,Full-time,54913,TikTok,4.2,2,4,2,5,Website,No,Search,480
GZ002108,19,Female,West,Hispanic,Bachelor's,Full-time,86364,Instagram,4.2,3,5,3,5,Website,Yes,Influencer,2120
GZ002109,21,Female,Northeast,Hispanic,High school,Student,4200,TikTok,5.6,5,3,1,5,Website,No,Social media,99
GZ002110,21,Non-binary,South,Two+/Other,High school,Full-time,72029,TikTok,5.3,5,5,4,2,In-store,No,Social media,826
GZ002111,21,Male,Northeast,White,High school,Full-time,46612,Instagram,4.9,3,3,1,5,Mobile app,Yes,Influencer,540
GZ002112,25,Female,Midwest,White,Bachelor's,Full-time,57502,X,8.4,5,4,3,5,Mobile app,No,Search,1398
GZ002113,28,Male,Midwest,White,High school,Part-time,19499,Instagram,7.8,2,4,3,3,Social commerce,No,Friends/word-of-mouth,214
GZ002114,28,Female,South,White,Some college,Part-time,29373,YouTube,8.5,3,3,2,3,Social commerce,Yes,Social media,732
GZ002115,26,Female,South,Black,Graduate,Gig/freelance,29857,TikTok,4.4,4,3,4,4,Website,No,Social media,386
GZ002116,20,Female,West,White,High school,Student,6372,Reddit,4.2,3,5,1,3,Mobile app,Yes,Social media,117
GZ002117,28,Female,South,White,Some college,Full-time,50507,YouTube,6.2,3,4,2,2,Social commerce,Yes,Social media,620
GZ002118,23,Male,South,Hispanic,Bachelor's,Full-time,63296,X,6.8,4,3,1,2,Social commerce,No,Friends/word-of-mouth,863
GZ002119,24,Female,West,White,High school,Gig/freelance,26002,TikTok,6.1,4,5,2,2,Mobile app,No,Friends/word-of-mouth,530
GZ002120,25,Male,Midwest,White,Some college,Full-time,2799,Instagram,6.7,2,4,2,4,In-store,No,Influencer,73
GZ002121,26,Female,South,Hispanic,Some college,Full-time,39827,TikTok,9.2,4,4,2,4,Social commerce,Yes,Social media,822
GZ002122,28,Male,Midwest,Hispanic,High school,Full-time,43853,TikTok,5.6,5,5,4,2,Website,No,Social media,558
GZ002123,24,Male,Northeast,Two+/Other,High school,Student,8818,YouTube,7.6,3,5,1,4,Mobile app,No,Influencer,175
GZ002124,24,Male,Midwest,Hispanic,Some college,Student,6993,Snapchat,7.0,3,2,1,4,In-store,No,Social media,83
GZ002125,26,Female,Midwest,Two+/Other,High school,Part-time,28716,TikTok,6.2,3,4,2,4,In-store,Yes,Social media,548
GZ002126,20,Male,Midwest,White,High school,Full-time,0,YouTube,7.5,5,2,2,4,In-store,No,Social media,0
GZ002127,21,Male,South,Black,Some college,Student,9380,YouTube,4.5,5,5,3,4,In-store,No,Social media,231
GZ002128,24,Female,South,Hispanic,Some college,Full-time,44040,Instagram,4.1,3,4,3,5,Website,No,Social media,1149
GZ002129,18,Female,Northeast,Hispanic,High school,Part-time,34968,Snapchat,6.9,5,5,1,4,Social commerce,No,Social media,746
GZ002130,21,Female,Midwest,White,Some college,Gig/freelance,25831,YouTube,2.7,3,3,4,2,Website,No,Friends/word-of-mouth,427
GZ002131,25,Female,Midwest,White,Bachelor's,Full-time,50422,X,7.0,4,4,1,5,Website,Yes,Search,1300
GZ002132,28,Female,Northeast,White,Bachelor's,Part-time,19012,Snapchat,3.7,3,5,2,2,Website,Yes,Social media,302
GZ002133,23,Female,South,Black,Some college,Student,9382,Reddit,9.0,2,5,2,3,In-store,Yes,Social media,146
GZ002134,22,Female,South,Black,Bachelor's,Student,16139,Instagram,5.2,3,5,1,5,Website,No,Search,176
GZ002135,22,Male,Midwest,White,Some college,Part-time,8995,Snapchat,8.9,3,3,2,4,Mobile app,No,Search,237
GZ002136,25,Female,South,Hispanic,High school,Part-time,12595,Other,5.6,4,4,3,3,Mobile app,No,Friends/word-of-mouth,141
GZ002137,23,Female,West,Hispanic,Some college,Part-time,24108,TikTok,5.5,4,5,3,4,Website,No,Social media,676
GZ002138,18,Male,Midwest,Hispanic,Some college,Part-time,20080,Instagram,7.7,4,5,2,4,Mobile app,No,Search,473
GZ002139,23,Female,West,White,Bachelor's,Part-time,15705,Reddit,6.6,3,4,3,4,Social commerce,No,Search,406
GZ002140,22,Female,South,Black,Some college,Full-time,40666,Instagram,5.9,3,3,3,3,In-store,No,Social media,749
GZ002141,25,Female,Midwest,Hispanic,Some college,Full-time,59273,Instagram,5.2,5,3,2,2,In-store,No,Ads,804
GZ002142,27,Female,South,Hispanic,Bachelor's,Part-time,21929,YouTube,5.2,4,4,3,2,Website,Yes,Ads,406
GZ002143,28,Female,Northeast,Hispanic,High school,Part-time,12225,Snapchat,10.7,5,2,1,3,Mobile app,No,Social media,306
GZ002144,24,Female,South,Hispanic,Bachelor's,Student,9962,TikTok,2.6,5,3,1,5,In-store,No,Search,180
GZ002145,21,Female,Northeast,White,High school,Student,8798,Instagram,3.6,3,4,2,2,Mobile app,Yes,Social media,123
GZ002146,22,Prefer not to say,West,Asian,Graduate,Unemployed,4846,Instagram,8.4,5,3,1,4,Website,Yes,Influencer,96
GZ002147,19,Male,West,White,Some college,Student,7699,TikTok,8.2,3,4,3,5,Mobile app,Yes,Social media,69
GZ002148,28,Female,West,Black,Bachelor's,Student,4106,TikTok,4.2,5,4,2,4,Social commerce,Yes,Social media,97
GZ002149,27,Female,South,Black,Some college,Full-time,54707,YouTube,2.5,5,3,2,5,In-store,No,Friends/word-of-mouth,1213
GZ002150,27,Female,West,Hispanic,Graduate,Student,11221,Snapchat,8.5,2,3,3,3,Social commerce,Yes,Social media,145
GZ002151,21,Male,Northeast,Hispanic,High school,Part-time,29463,X,3.9,4,5,3,4,Social commerce,No,Ads,378
GZ002152,21,Male,Midwest,White,High school,Gig/freelance,10600,X,5.0,3,4,3,5,Mobile app,Yes,Influencer,259
GZ002153,27,Female,South,White,High school,Unemployed,3873,Other,6.2,3,4,4,4,In-store,No,Influencer,56
GZ002154,23,Female,Midwest,Hispanic,Some college,Full-time,37645,TikTok,3.9,3,4,3,4,Website,Yes,Social media,756
GZ002155,25,Female,Northeast,White,Bachelor's,Unemployed,3286,Instagram,7.8,5,3,2,2,Website,No,Social media,65
GZ002156,23,Male,Midwest,White,Bachelor's,Student,2758,TikTok,6.0,3,3,3,4,Website,Yes,Friends/word-of-mouth,57
GZ002157,22,Male,West,Two+/Other,Bachelor's,Student,4681,YouTube,4.2,2,2,2,4,Mobile app,Yes,Search,42
GZ002158,24,Female,South,White,Bachelor's,Part-time,20191,Other,4.4,3,3,2,3,In-store,Yes,Friends/word-of-mouth,361
GZ002159,26,Male,Northeast,White,Some college,Part-time,13952,TikTok,8.6,3,3,2,3,Website,No,Search,341
GZ002160,21,Female,West,White,High school,Gig/freelance,16331,Instagram,5.4,4,5,3,4,Mobile app,No,Influencer,391
GZ002161,26,Male,South,Hispanic,Some college,Full-time,69034,Instagram,7.2,5,3,3,2,In-store,Yes,Friends/word-of-mouth,1197
GZ002162,20,Male,Midwest,White,Some college,Student,18613,TikTok,6.0,4,5,3,3,Mobile app,No,Friends/word-of-mouth,199
GZ002163,22,Female,South,Black,Some college,Full-time,40933,Snapchat,2.5,4,4,2,4,Social commerce,No,Search,794
GZ002164,28,Female,Northeast,Hispanic,High school,Full-time,13608,Instagram,7.5,4,4,3,4,Mobile app,Yes,Friends/word-of-mouth,285
GZ002165,28,Male,South,White,Bachelor's,Student,10605,Instagram,8.1,5,4,3,4,Website,No,Search,269
GZ002166,28,Female,Midwest,White,High school,Student,554,X,9.7,5,5,2,3,Mobile app,Yes,Search,13
GZ002167,21,Male,Northeast,White,Bachelor's,Gig/freelance,10203,TikTok,2.2,5,5,3,2,Social commerce,No,Ads,164
GZ002168,27,Female,Northeast,Black,Some college,Student,10675,Instagram,0.5,5,3,2,3,In-store,Yes,Friends/word-of-mouth,227
GZ002169,28,Male,Northeast,White,Some college,Student,3395,Snapchat,7.3,4,5,2,5,Mobile app,Yes,Influencer,65
GZ002170,28,Female,Northeast,White,High school,Unemployed,3467,Instagram,4.8,3,3,2,4,Mobile app,No,Friends/word-of-mouth,44
GZ002171,18,Female,South,White,High school,Part-time,5982,YouTube,3.1,4,4,2,3,Website,Yes,Social media,82
GZ002172,26,Female,Northeast,White,Bachelor's,Student,9227,Instagram,6.2,5,3,2,4,Social commerce,No,Influencer,213
GZ002173,28,Female,Northeast,Hispanic,Bachelor's,Gig/freelance,39141,TikTok,5.1,2,5,2,4,Website,No,Social media,916
GZ002174,26,Female,West,White,Graduate,Student,6517,TikTok,3.4,5,3,3,2,In-store,Yes,Social media,151
GZ002175,20,Male,West,Asian,Some college,Student,8921,Snapchat,5.8,3,5,4,3,In-store,Yes,Social media,137
GZ002176,26,Female,South,White,High school,Part-time,11391,TikTok,7.1,3,2,3,4,In-store,Yes,Friends/word-of-mouth,215
GZ002177,19,Female,West,Hispanic,Some college,Part-time,11959,Other,6.3,4,5,2,4,Mobile app,No,Search,148
GZ002178,23,Female,Midwest,Hispanic,Bachelor's,Student,5632,TikTok,6.4,3,4,1,5,Mobile app,No,Search,128
GZ002179,24,Female,West,White,High school,Student,12183,Reddit,6.9,4,4,5,4,Website,Yes,Friends/word-of-mouth,191
GZ002180,23,Male,West,Hispanic,Graduate,Student,3275,X,2.6,3,3,2,3,Website,Yes,Influencer,49
GZ002181,25,Male,West,Black,Some college,Full-time,35727,TikTok,5.9,5,4,2,1,Website,No,Social media,556
GZ002182,20,Female,South,Black,Some college,Full-time,49745,YouTube,6.5,4,4,4,4,Mobile app,No,Friends/word-of-mouth,464
GZ002183,24,Male,Northeast,Asian,Some college,Part-time,25369,Snapchat,5.2,4,3,1,2,Mobile app,Yes,Search,444
GZ002184,25,Male,South,Hispanic,Bachelor's,Full-time,50327,YouTube,4.3,4,3,3,4,Social commerce,Yes,Influencer,976
GZ002185,24,Prefer not to say,South,White,Some college,Part-time,17411,Reddit,4.5,4,5,2,5,Mobile app,Yes,Social media,170
GZ002186,21,Female,South,Asian,High school,Full-time,31247,TikTok,5.4,4,4,2,2,Mobile app,Yes,Social media,502
GZ002187,21,Female,Northeast,White,Some college,Full-time,59488,X,7.8,3,3,2,4,Mobile app,Yes,Social media,1718
GZ002188,20,Female,Northeast,Hispanic,High school,Gig/freelance,15853,Instagram,9.1,3,4,1,4,Website,Yes,Social media,283
GZ002189,23,Male,South,Black,Bachelor's,Student,5548,Instagram,8.6,2,4,2,4,Website,Yes,Friends/word-of-mouth,92
GZ002190,24,Male,South,Black,Bachelor's,Student,14477,Instagram,2.9,5,5,3,4,In-store,No,Friends/word-of-mouth,297
GZ002191,21,Female,West,Asian,Some college,Full-time,48808,TikTok,4.1,3,4,2,1,Website,Yes,Search,778
GZ002192,22,Female,South,White,High school,Full-time,49476,Instagram,7.3,5,5,5,3,Website,No,Influencer,537
GZ002193,21,Male,Midwest,Hispanic,Some college,Full-time,53312,TikTok,8.6,3,4,2,3,Mobile app,Yes,Search,1331
GZ002194,20,Male,South,White,Some college,Full-time,40207,Snapchat,4.1,5,4,1,4,Website,Yes,Friends/word-of-mouth,1002
GZ002195,25,Female,West,Black,Bachelor's,Full-time,14827,Instagram,6.4,5,5,2,4,In-store,No,Social media,349
GZ002196,26,Male,West,Hispanic,High school,Part-time,20034,Instagram,3.7,5,3,1,3,Mobile app,No,Ads,280
GZ002197,21,Female,West,White,Some college,Full-time,41655,Reddit,6.6,4,4,3,2,Mobile app,Yes,Search,836
GZ002198,27,Female,West,Black,Graduate,Gig/freelance,15948,Reddit,4.7,3,2,4,2,Mobile app,No,Ads,289
GZ002199,24,Male,South,White,High school,Part-time,9178,Snapchat,6.4,4,5,3,5,Mobile app,No,Social media,206
GZ002200,19,Male,South,Hispanic,Some college,Full-time,41120,TikTok,3.6,3,5,1,3,Mobile app,No,Search,957
GZ002201,22,Non-binary,South,Two+/Other,High school,Gig/freelance,10113,Reddit,2.7,4,4,1,2,Social commerce,Yes,Friends/word-of-mouth,167
GZ002202,18,Female,South,Hispanic,Some college,Part-time,16838,TikTok,12.2,2,5,3,2,Mobile app,Yes,Friends/word-of-mouth,412
GZ002203,18,Female,Northeast,Hispanic,Some college,Part-time,15861,Instagram,6.1,3,5,2,4,Social commerce,No,Social media,338
GZ002204,21,Female,South,White,High school,Student,8517,Reddit,10.3,1,4,1,4,Mobile app,Yes,Ads,201
GZ002205,22,Female,South,White,Bachelor's,Student,10630,TikTok,9.0,3,5,1,5,Mobile app,No,Social media,246
GZ002206,26,Female,South,White,High school,Student,11518,TikTok,2.7,4,3,4,3,Website,No,Social media,281
GZ002207,19,Female,Midwest,White,Some college,Unemployed,2719,Instagram,6.7,3,4,2,4,Mobile app,No,Social media,54
GZ002208,27,Female,Northeast,White,Some college,Part-time,25045,Instagram,3.4,3,2,3,3,Social commerce,No,Search,529
GZ002209,20,Female,Midwest,Hispanic,High school,Part-time,16223,Instagram,5.4,4,3,3,4,Website,Yes,Search,171
GZ002210,19,Female,West,Hispanic,Some college,Gig/freelance,46513,Snapchat,2.2,5,2,1,5,In-store,No,Influencer,901
GZ002211,25,Male,Midwest,White,Bachelor's,Student,6629,Reddit,2.9,5,2,2,4,Mobile app,Yes,Search,180
GZ002212,26,Female,West,Hispanic,Graduate,Unemployed,1099,Other,4.3,4,4,1,5,Mobile app,No,Friends/word-of-mouth,15
GZ002213,24,Male,Northeast,Asian,Some college,Gig/freelance,35753,TikTok,4.9,4,4,4,4,In-store,No,Search,594
GZ002214,19,Male,Midwest,White,High school,Part-time,21447,YouTube,6.1,4,3,1,2,Mobile app,No,Social media,445
GZ002215,19,Male,South,Hispanic,High school,Student,13866,Reddit,3.9,5,3,3,3,Mobile app,No,Search,201
GZ002216,22,Female,West,White,Some college,Part-time,20508,TikTok,6.3,4,3,2,4,In-store,No,Social media,260
GZ002217,22,Female,South,Hispanic,Bachelor's,Full-time,86226,Instagram,8.3,4,4,1,3,Mobile app,Yes,Friends/word-of-mouth,2344
GZ002218,28,Male,South,Hispanic,Some college,Part-time,16470,TikTok,6.5,5,3,3,3,In-store,Yes,Search,158
GZ002219,21,Male,Northeast,White,Bachelor's,Full-time,61775,TikTok,5.9,4,3,2,3,Social commerce,No,Influencer,827
GZ002220,20,Female,South,White,High school,Student,6871,TikTok,6.7,3,5,1,5,Website,No,Social media,148
GZ002221,28,Female,Midwest,Black,Bachelor's,Student,10991,YouTube,3.1,4,3,3,5,Mobile app,Yes,Social media,284
GZ002222,19,Male,Northeast,White,Some college,Unemployed,5220,YouTube,7.9,4,3,2,3,Social commerce,No,Search,58
GZ002223,18,Female,West,Hispanic,High school,Full-time,57735,TikTok,3.6,3,5,2,3,Social commerce,No,Search,855
GZ002224,22,Male,South,Hispanic,Some college,Part-time,24288,YouTube,9.1,4,2,3,5,Website,No,Social media,614
GZ002225,22,Female,West,White,Some college,Part-time,0,TikTok,7.5,2,5,3,4,In-store,No,Search,0
GZ002226,24,Female,Midwest,Hispanic,High school,Part-time,17443,TikTok,7.1,3,3,3,2,In-store,Yes,Social media,167
GZ002227,27,Male,South,Hispanic,High school,Full-time,31130,Reddit,7.2,3,4,1,4,Website,No,Search,286
GZ002228,28,Female,South,White,Bachelor's,Part-time,14939,Instagram,6.0,3,3,3,4,Mobile app,No,Search,403
GZ002229,21,Male,West,Asian,High school,Student,7852,Snapchat,4.4,4,4,2,4,Mobile app,No,Social media,199
GZ002230,28,Female,Northeast,White,Some college,Full-time,60474,TikTok,4.1,3,3,1,3,Mobile app,Yes,Friends/word-of-mouth,1092
GZ002231,24,Female,South,Hispanic,Bachelor's,Student,9820,TikTok,9.5,5,3,1,3,Mobile app,No,Social media,267
GZ002232,18,Male,South,White,High school,Full-time,32407,Reddit,6.2,4,2,2,1,Mobile app,No,Friends/word-of-mouth,333
GZ002233,28,Female,Northeast,White,High school,Part-time,6107,TikTok,3.8,3,3,2,3,Mobile app,Yes,Friends/word-of-mouth,55
GZ002234,19,Female,South,Hispanic,Bachelor's,Gig/freelance,43936,Instagram,7.0,2,4,2,1,Mobile app,No,Friends/word-of-mouth,813
GZ002235,24,Male,South,Hispanic,Some college,Full-time,29765,YouTube,6.7,3,5,3,3,Website,No,Social media,728
GZ002236,26,Male,West,White,Some college,Full-time,39529,YouTube,5.3,3,3,4,4,Mobile app,No,Friends/word-of-mouth,389
GZ002237,20,Male,South,Hispanic,Some college,Unemployed,7849,Reddit,4.2,3,3,1,2,Social commerce,No,Friends/word-of-mouth,122
GZ002238,20,Female,South,White,Bachelor's,Full-time,30279,Other,7.5,5,4,2,5,In-store,No,Influencer,340
GZ002239,23,Female,Midwest,White,Some college,Part-time,15766,TikTok,7.9,2,4,2,5,Social commerce,No,Friends/word-of-mouth,367
GZ002240,27,Male,Midwest,Black,Some college,Part-time,19880,TikTok,6.6,4,4,1,4,Mobile app,No,Social media,276
GZ002241,20,Female,West,Hispanic,High school,Student,2495,YouTube,6.1,4,4,1,4,Mobile app,Yes,Search,49
GZ002242,25,Female,West,White,High school,Student,2026,TikTok,4.4,3,4,4,2,In-store,Yes,Friends/word-of-mouth,17
GZ002243,22,Male,West,Black,Bachelor's,Student,7049,Instagram,7.0,2,4,2,4,Website,No,Influencer,121
GZ002244,19,Female,Midwest,Hispanic,High school,Unemployed,3195,Instagram,4.7,4,2,2,2,Mobile app,Yes,Social media,32
GZ002245,25,Female,Midwest,Asian,High school,Part-time,19087,Reddit,3.5,4,4,2,2,In-store,Yes,Social media,517
GZ002246,27,Female,Midwest,Black,Bachelor's,Part-time,10078,Reddit,8.3,4,5,2,2,Website,Yes,Influencer,220
GZ002247,24,Female,Midwest,White,High school,Unemployed,4781,TikTok,3.9,4,5,2,3,Social commerce,No,Search,94
GZ002248,19,Male,Northeast,White,High school,Full-time,1238,TikTok,2.2,5,5,4,3,Website,Yes,Search,18
GZ002249,19,Male,Northeast,Asian,High school,Unemployed,3873,Other,8.6,2,4,3,3,Website,No,Friends/word-of-mouth,34
GZ002250,22,Female,South,Black,High school,Unemployed,4648,TikTok,2.5,3,3,2,2,Mobile app,Yes,Social media,76
GZ002251,23,Female,Northeast,White,High school,Unemployed,4591,TikTok,5.2,5,3,2,4,Mobile app,Yes,Social media,57
GZ002252,24,Male,Northeast,White,High school,Full-time,38923,TikTok,3.8,5,3,4,3,Mobile app,Yes,Social media,729
GZ002253,20,Female,South,White,High school,Student,6325,Instagram,4.6,2,3,2,4,Mobile app,No,Social media,66
GZ002254,23,Female,South,Black,Bachelor's,Gig/freelance,23755,TikTok,10.4,4,3,2,3,Social commerce,Yes,Ads,473
GZ002255,21,Male,West,Asian,High school,Full-time,65321,TikTok,5.8,3,3,2,2,Mobile app,Yes,Ads,1669
GZ002256,25,Male,West,Black,High school,Student,6572,TikTok,6.7,3,3,3,3,In-store,Yes,Search,111
GZ002257,26,Female,Midwest,White,Bachelor's,Full-time,60486,Snapchat,7.6,5,5,3,4,Social commerce,No,Social media,567
GZ002258,25,Non-binary,West,Black,High school,Full-time,63493,TikTok,4.7,5,5,3,4,Website,Yes,Friends/word-of-mouth,1298
GZ002259,18,Female,South,White,Some college,Gig/freelance,5690,Snapchat,8.2,2,4,3,2,Website,No,Influencer,158
GZ002260,28,Male,South,White,Bachelor's,Unemployed,3769,YouTube,6.8,3,4,3,3,Social commerce,No,Influencer,105
GZ002261,18,Male,Northeast,White,Some college,Full-time,23520,Instagram,7.5,4,4,1,3,Website,No,Social media,382
GZ002262,28,Male,South,Hispanic,Graduate,Full-time,13615,Other,4.6,3,3,2,5,In-store,Yes,Friends/word-of-mouth,235
GZ002263,18,Male,Midwest,Hispanic,Some college,Student,12207,Instagram,6.9,4,5,2,4,In-store,No,Social media,175
GZ002264,23,Male,South,White,Bachelor's,Full-time,50945,TikTok,6.0,3,3,2,2,Mobile app,Yes,Friends/word-of-mouth,1388
GZ002265,19,Female,West,White,High school,Student,10067,Instagram,8.3,3,2,3,4,In-store,No,Social media,127
GZ002266,19,Female,West,Black,Some college,Student,4603,TikTok,4.9,3,4,4,5,Mobile app,No,Friends/word-of-mouth,91
GZ002267,25,Male,South,White,Some college,Part-time,19704,TikTok,10.1,3,5,1,4,Website,Yes,Friends/word-of-mouth,365
GZ002268,26,Male,Midwest,White,Graduate,Student,3692,Reddit,6.7,4,4,2,3,Mobile app,No,Social media,37
GZ002269,19,Female,Midwest,White,Some college,Full-time,43460,Reddit,5.7,4,5,1,4,Website,No,Search,817
GZ002270,28,Male,South,White,High school,Full-time,29496,Instagram,5.5,3,4,2,4,In-store,Yes,Search,592
GZ002271,21,Male,South,White,High school,Gig/freelance,38294,Instagram,6.0,5,3,1,3,Mobile app,Yes,Influencer,538
GZ002272,21,Female,Midwest,Hispanic,High school,Full-time,35136,Instagram,4.7,5,3,4,4,Mobile app,Yes,Search,420
GZ002273,21,Female,Midwest,White,Some college,Full-time,46370,TikTok,7.3,4,4,3,3,Website,Yes,Social media,817
GZ002274,23,Female,West,White,High school,Student,9945,TikTok,6.0,3,4,2,3,Mobile app,No,Friends/word-of-mouth,282
GZ002275,19,Female,Midwest,Black,High school,Full-time,40567,Instagram,9.9,5,5,2,4,Mobile app,No,Influencer,1147
GZ002276,22,Female,South,White,High school,Part-time,18853,TikTok,5.1,5,5,2,3,Mobile app,No,Search,310
GZ002277,20,Female,South,Black,High school,Gig/freelance,29554,TikTok,5.8,2,2,2,2,Mobile app,No,Influencer,736
GZ002278,18,Female,Midwest,White,High school,Full-time,25058,YouTube,5.1,5,4,2,4,Mobile app,Yes,Social media,614
GZ002279,22,Female,Midwest,Asian,Some college,Part-time,21263,Instagram,9.7,5,3,1,5,Website,No,Social media,594
GZ002280,25,Male,Midwest,White,Some college,Full-time,58327,TikTok,3.1,4,5,2,1,In-store,Yes,Influencer,1288
GZ002281,26,Female,South,Hispanic,Some college,Student,10609,X,6.2,3,3,4,4,Website,No,Social media,153
GZ002282,21,Prefer not to say,West,Hispanic,Some college,Part-time,15131,Snapchat,6.6,3,4,1,3,Mobile app,No,Ads,436
GZ002283,21,Male,Midwest,Hispanic,High school,Gig/freelance,28040,YouTube,3.7,5,3,3,3,Mobile app,Yes,Influencer,434
GZ002284,26,Male,South,Black,Some college,Full-time,35124,TikTok,11.3,5,2,3,3,Mobile app,Yes,Search,390
GZ002285,25,Male,West,White,Bachelor's,Student,8519,YouTube,4.1,4,3,2,4,Website,Yes,Friends/word-of-mouth,156
GZ002286,27,Male,Midwest,White,Bachelor's,Gig/freelance,12104,YouTube,6.1,5,4,3,4,In-store,No,Friends/word-of-mouth,343
GZ002287,27,Female,South,Black,Some college,Student,14589,YouTube,9.4,3,5,3,2,Mobile app,No,Social media,317
GZ002288,27,Male,South,Black,High school,Student,16838,YouTube,5.2,4,5,1,4,Website,No,Search,355
GZ002289,28,Female,South,White,Some college,Full-time,28695,TikTok,6.3,4,3,2,5,Mobile app,No,Influencer,437
GZ002290,22,Male,Northeast,Hispanic,Bachelor's,Part-time,24367,TikTok,5.3,3,4,2,4,In-store,No,Search,575
GZ002291,22,Male,South,Black,Bachelor's,Part-time,29808,Reddit,5.9,2,5,4,2,Mobile app,Yes,Social media,360
GZ002292,21,Female,South,Black,Some college,Full-time,23900,TikTok,8.2,5,5,2,4,Social commerce,No,Social media,247
GZ002293,20,Female,South,Black,Bachelor's,Part-time,516,YouTube,5.2,3,4,2,2,Mobile app,Yes,Search,13
GZ002294,26,Male,South,Black,Bachelor's,Student,15143,Reddit,0.7,3,4,1,4,Mobile app,No,Search,289
GZ002295,25,Female,South,White,Graduate,Part-time,17916,TikTok,5.9,3,4,2,3,Mobile app,No,Search,480
GZ002296,26,Female,West,Hispanic,Bachelor's,Unemployed,3064,X,6.1,3,5,1,4,Mobile app,No,Friends/word-of-mouth,27
GZ002297,19,Female,South,White,Some college,Student,9191,Reddit,6.4,4,5,3,3,In-store,Yes,Ads,211
GZ002298,23,Female,South,White,Some college,Part-time,15010,YouTube,5.6,5,5,2,2,Website,No,Social media,164
GZ002299,20,Male,South,Black,Some college,Part-time,41971,YouTube,4.3,5,4,1,4,Website,Yes,Friends/word-of-mouth,479
GZ002300,27,Male,West,Hispanic,High school,Student,6850,Reddit,5.5,3,4,4,4,Mobile app,Yes,Search,86
GZ002301,20,Female,South,White,Some college,Part-time,20651,TikTok,9.5,3,4,1,4,Mobile app,No,Influencer,189
GZ002302,19,Female,West,Hispanic,Some college,Full-time,66423,YouTube,5.9,4,4,3,3,Website,Yes,Search,1920
GZ002303,24,Female,Midwest,White,Bachelor's,Part-time,28428,Instagram,7.3,3,3,1,2,Social commerce,Yes,Search,622
GZ002304,27,Female,Midwest,White,Some college,Student,13438,Reddit,3.9,4,5,3,4,Website,No,Social media,365
GZ002305,28,Male,South,Hispanic,High school,Part-time,14552,Instagram,5.4,3,3,3,5,Social commerce,Yes,Friends/word-of-mouth,165
GZ002306,19,Male,Northeast,Hispanic,Some college,Full-time,39125,Snapchat,4.0,5,5,2,3,Social commerce,No,Social media,974
GZ002307,21,Female,Midwest,Hispanic,High school,Full-time,902,TikTok,8.6,4,2,1,4,Mobile app,No,Social media,9
GZ002308,19,Male,South,White,Some college,Part-time,17396,TikTok,2.9,3,4,1,3,Social commerce,Yes,Search,194
GZ002309,21,Female,West,Hispanic,High school,Full-time,42620,Snapchat,6.7,4,4,2,5,In-store,Yes,Influencer,1131
GZ002310,23,Male,Midwest,White,High school,Student,12003,Instagram,6.7,2,4,4,3,Mobile app,Yes,Friends/word-of-mouth,144
GZ002311,21,Male,South,Asian,High school,Student,16271,Instagram,6.6,3,4,3,3,In-store,Yes,Search,408
GZ002312,18,Male,West,White,Bachelor's,Full-time,55443,YouTube,1.3,4,5,3,1,Website,Yes,Social media,1516
GZ002313,23,Male,Midwest,Black,Graduate,Unemployed,5927,TikTok,2.0,4,4,1,5,Mobile app,Yes,Social media,54
GZ002314,18,Male,South,White,High school,Student,8929,TikTok,6.2,5,3,3,3,Mobile app,No,Social media,248
GZ002315,20,Female,Northeast,White,Some college,Full-time,66273,TikTok,4.2,1,3,3,5,In-store,Yes,Social media,1311
GZ002316,18,Female,South,White,High school,Gig/freelance,26130,Reddit,4.7,5,4,3,3,Mobile app,Yes,Social media,552
GZ002317,18,Female,South,Hispanic,High school,Student,13619,TikTok,5.2,3,5,2,3,Social commerce,No,Ads,351
GZ002318,22,Male,South,Asian,Some college,Part-time,24516,Instagram,3.9,3,5,3,3,In-store,Yes,Social media,547
GZ002319,27,Male,West,Hispanic,Some college,Full-time,49422,X,3.5,2,3,2,2,Website,No,Friends/word-of-mouth,1404
GZ002320,26,Male,Northeast,White,Graduate,Gig/freelance,7973,Snapchat,6.0,3,3,3,3,Website,No,Friends/word-of-mouth,219
GZ002321,19,Male,Midwest,White,Bachelor's,Full-time,62664,YouTube,2.2,5,3,2,3,Social commerce,No,Social media,850
GZ002322,18,Female,Northeast,Hispanic,High school,Part-time,21062,Instagram,5.0,5,4,1,3,Mobile app,Yes,Social media,500
GZ002323,21,Male,West,White,High school,Gig/freelance,34220,Snapchat,4.7,5,5,2,2,In-store,Yes,Social media,560
GZ002324,25,Male,West,Asian,High school,Gig/freelance,29668,X,6.0,4,4,4,4,Website,Yes,Social media,319
GZ002325,26,Female,West,White,Graduate,Student,10968,Reddit,10.8,4,5,1,1,Social commerce,No,Influencer,160
GZ002326,27,Female,South,Black,Some college,Full-time,66582,YouTube,4.0,2,5,3,3,Mobile app,Yes,Ads,624
GZ002327,21,Female,Northeast,Black,Bachelor's,Full-time,33042,YouTube,6.8,2,3,3,2,In-store,No,Influencer,636
GZ002328,19,Female,West,White,High school,Gig/freelance,31471,Snapchat,6.4,4,3,2,4,In-store,No,Social media,264
GZ002329,18,Male,West,White,High school,Student,5851,Snapchat,7.1,2,3,2,5,Website,No,Social media,70
GZ002330,19,Male,West,Black,Some college,Gig/freelance,32747,YouTube,5.6,3,5,1,4,Mobile app,Yes,Friends/word-of-mouth,952
GZ002331,18,Male,Midwest,White,Some college,Full-time,46749,TikTok,8.9,4,5,4,3,Mobile app,No,Social media,1305
GZ002332,27,Female,South,Hispanic,High school,Unemployed,2864,YouTube,7.4,5,4,1,3,In-store,Yes,Social media,59
GZ002333,20,Male,Midwest,Black,Some college,Full-time,43770,Instagram,7.4,4,5,1,3,Mobile app,No,Search,1262
GZ002334,27,Male,Midwest,White,High school,Full-time,31251,TikTok,3.2,2,4,3,3,In-store,Yes,Social media,562
GZ002335,24,Female,Northeast,Black,High school,Gig/freelance,21577,TikTok,6.2,2,4,1,4,Website,No,Social media,397
GZ002336,23,Male,South,White,Bachelor's,Part-time,20873,TikTok,5.0,4,2,2,4,Mobile app,No,Search,366
GZ002337,23,Female,South,Hispanic,High school,Student,10087,Instagram,4.3,3,5,1,1,Mobile app,Yes,Search,91
GZ002338,27,Female,West,White,Bachelor's,Student,1222,TikTok,4.7,4,4,2,4,Mobile app,No,Search,18
GZ002339,18,Female,Northeast,Hispanic,Some college,Gig/freelance,30334,YouTube,5.9,3,4,2,4,Social commerce,No,Social media,585
GZ002340,19,Female,Northeast,White,High school,Full-time,36267,X,6.9,4,4,3,3,Website,No,Social media,690
GZ002341,22,Male,West,White,Some college,Full-time,34169,TikTok,8.0,5,5,4,2,In-store,No,Social media,646
GZ002342,22,Female,South,White,High school,Student,4435,TikTok,7.9,5,5,2,3,Social commerce,Yes,Social media,69
GZ002343,24,Female,South,White,Some college,Gig/freelance,25468,TikTok,6.6,4,4,2,4,Mobile app,No,Friends/word-of-mouth,592
GZ002344,26,Female,Midwest,Hispanic,Some college,Unemployed,3058,Snapchat,6.1,3,4,2,2,Mobile app,Yes,Social media,86
GZ002345,24,Female,South,White,Bachelor's,Part-time,28315,TikTok,5.4,3,5,3,3,Website,No,Social media,708
GZ002346,20,Female,West,White,High school,Student,1914,TikTok,5.5,4,4,1,4,Website,No,Friends/word-of-mouth,28
GZ002347,21,Female,Northeast,White,Some college,Part-time,10192,TikTok,4.4,5,4,2,4,Mobile app,Yes,Social media,145
GZ002348,26,Male,West,White,High school,Full-time,22502,TikTok,5.1,2,2,2,3,Website,No,Search,602
GZ002349,20,Female,South,White,Some college,Full-time,46888,YouTube,6.7,5,5,1,1,Website,No,Social media,602
GZ002350,23,Male,South,White,High school,Full-time,64172,YouTube,9.1,3,3,4,4,Mobile app,No,Social media,691
GZ002351,23,Female,South,Hispanic,Bachelor's,Full-time,51509,TikTok,5.7,4,2,3,2,In-store,Yes,Social media,714
GZ002352,26,Male,Midwest,Hispanic,Some college,Full-time,21311,Instagram,4.4,5,2,1,3,Mobile app,No,Ads,416
GZ002353,25,Male,South,Hispanic,High school,Full-time,33887,YouTube,7.9,2,3,3,2,Website,No,Search,287
GZ002354,23,Female,South,White,Some college,Gig/freelance,16532,Other,2.0,4,4,4,4,Website,No,Social media,205
GZ002355,21,Female,South,Black,High school,Full-time,51596,YouTube,8.1,3,5,2,2,Mobile app,No,Friends/word-of-mouth,704
GZ002356,22,Male,South,Hispanic,Bachelor's,Gig/freelance,20740,Snapchat,3.1,4,4,4,4,In-store,Yes,Influencer,414
GZ002357,22,Female,Midwest,Hispanic,Bachelor's,Gig/freelance,9470,Other,7.3,3,5,3,2,In-store,Yes,Social media,222
GZ002358,20,Male,West,White,Some college,Part-time,22736,Instagram,5.0,1,4,3,1,Mobile app,Yes,Search,654
GZ002359,24,Female,West,White,Some college,Student,14116,TikTok,6.6,3,4,3,3,Mobile app,No,Social media,176
GZ002360,20,Female,West,White,High school,Full-time,38623,YouTube,10.2,4,2,3,2,Mobile app,Yes,Search,882
GZ002361,25,Male,South,White,Bachelor's,Full-time,44275,TikTok,4.3,5,3,3,5,Social commerce,No,Social media,579
GZ002362,26,Male,West,Hispanic,High school,Student,2899,Instagram,4.0,4,2,2,3,Mobile app,Yes,Social media,60
GZ002363,28,Female,South,White,Bachelor's,Student,660,YouTube,6.2,5,3,1,5,Website,Yes,Search,9
GZ002364,19,Male,Northeast,White,Bachelor's,Part-time,3022,Instagram,9.1,3,5,3,3,Website,No,Search,54
GZ002365,26,Male,South,White,Some college,Gig/freelance,25476,Instagram,6.4,3,2,3,4,Website,Yes,Friends/word-of-mouth,465
GZ002366,18,Female,West,White,Some college,Student,7752,Instagram,6.1,4,2,2,3,Mobile app,Yes,Friends/word-of-mouth,219
GZ002367,21,Female,South,White,Some college,Part-time,22424,TikTok,6.3,3,2,1,5,Mobile app,Yes,Influencer,307
GZ002368,19,Female,Midwest,White,High school,Full-time,38264,TikTok,4.0,5,5,3,2,Mobile app,No,Friends/word-of-mouth,976
GZ002369,19,Female,South,Hispanic,Bachelor's,Gig/freelance,37556,Instagram,6.4,2,5,1,1,Mobile app,Yes,Ads,883
GZ002370,19,Male,Northeast,White,Some college,Unemployed,5570,TikTok,5.2,5,4,1,4,In-store,No,Search,109
GZ002371,18,Female,South,Hispanic,High school,Student,7694,Other,8.6,5,5,1,2,In-store,No,Friends/word-of-mouth,177
GZ002372,27,Female,Midwest,Asian,Bachelor's,Student,4936,Instagram,7.6,4,3,1,4,Mobile app,Yes,Influencer,77
GZ002373,18,Male,Midwest,Black,Some college,Part-time,2479,Reddit,3.4,5,5,3,3,Mobile app,No,Search,53
GZ002374,22,Male,South,Hispanic,Some college,Full-time,69094,X,5.4,3,3,5,3,In-store,No,Social media,786
GZ002375,25,Male,South,White,Graduate,Unemployed,2303,Instagram,7.1,3,5,2,3,Mobile app,No,Influencer,57
GZ002376,28,Male,South,Hispanic,Bachelor's,Student,2939,Instagram,4.0,4,4,3,4,Website,Yes,Social media,45
GZ002377,27,Female,Midwest,Asian,High school,Student,9525,Reddit,3.8,3,2,2,3,Website,No,Social media,274
GZ002378,19,Male,Northeast,White,Some college,Student,2975,TikTok,5.1,4,3,3,3,In-store,Yes,Friends/word-of-mouth,51
GZ002379,28,Female,South,White,Bachelor's,Part-time,19043,Instagram,6.7,4,4,2,3,In-store,Yes,Social media,527
GZ002380,25,Female,South,Black,High school,Full-time,35643,TikTok,8.1,4,2,3,5,Social commerce,No,Social media,489
GZ002381,19,Female,South,White,High school,Student,12740,YouTube,6.5,4,4,1,5,Mobile app,No,Influencer,183
GZ002382,22,Male,South,Black,Graduate,Full-time,57813,Snapchat,10.9,4,3,2,2,Mobile app,Yes,Social media,1448
GZ002383,28,Male,Midwest,White,Bachelor's,Full-time,62852,YouTube,4.6,4,5,3,3,Website,No,Search,1678
GZ002384,22,Female,South,White,Bachelor's,Full-time,45898,Instagram,7.5,3,3,3,3,Mobile app,Yes,Social media,849
GZ002385,20,Male,South,Black,High school,Part-time,11047,Instagram,3.8,5,4,3,2,Website,Yes,Social media,106
GZ002386,27,Male,Northeast,Hispanic,High school,Gig/freelance,13868,Instagram,9.2,4,5,2,1,In-store,No,Friends/word-of-mouth,216
GZ002387,28,Female,Midwest,Hispanic,Bachelor's,Full-time,31969,YouTube,8.7,4,4,2,3,Mobile app,Yes,Influencer,802
GZ002388,28,Male,Midwest,Black,Bachelor's,Part-time,34153,Reddit,7.4,4,4,2,3,Website,No,Search,625
GZ002389,28,Female,South,Black,High school,Student,7990,TikTok,2.5,4,5,1,5,Mobile app,Yes,Search,186
GZ002390,27,Prefer not to say,Northeast,White,High school,Gig/freelance,27883,TikTok,7.4,3,3,3,4,In-store,Yes,Friends/word-of-mouth,452
GZ002391,22,Female,West,Two+/Other,High school,Student,15150,TikTok,4.4,3,3,4,4,Website,Yes,Social media,136
GZ002392,20,Female,West,White,Some college,Unemployed,4458,YouTube,6.9,4,5,3,4,Mobile app,No,Friends/word-of-mouth,99
GZ002393,24,Female,South,White,Bachelor's,Student,5967,Reddit,3.1,4,4,2,4,Website,Yes,Ads,86
GZ002394,20,Female,Northeast,Black,Some college,Student,11957,TikTok,6.5,4,4,3,4,Mobile app,No,Social media,221
GZ002395,23,Male,West,White,Some college,Part-time,14529,Instagram,5.3,4,3,1,5,Website,Yes,Social media,397
GZ002396,25,Female,Midwest,Black,Bachelor's,Full-time,47464,X,4.4,4,5,2,2,Mobile app,Yes,Social media,615
GZ002397,28,Female,Midwest,White,High school,Part-time,22148,TikTok,7.2,3,3,2,3,Mobile app,No,Social media,346
GZ002398,21,Male,Midwest,White,Some college,Student,6998,Reddit,5.9,3,5,1,3,Mobile app,No,Search,81
GZ002399,20,Male,Midwest,White,High school,Student,9754,X,5.6,4,3,2,3,Mobile app,No,Social media,88
GZ002400,26,Male,Northeast,Hispanic,Bachelor's,Student,15480,Snapchat,7.5,3,3,1,3,Mobile app,No,Social media,262
GZ002401,18,Male,South,Black,High school,Student,6462,TikTok,9.8,4,4,3,5,In-store,Yes,Social media,67
GZ002402,24,Female,South,White,High school,Student,14333,YouTube,6.6,4,5,3,4,In-store,Yes,Friends/word-of-mouth,208
GZ002403,26,Female,Midwest,White,High school,Full-time,30839,TikTok,2.4,4,3,2,5,Mobile app,No,Social media,802
GZ002404,24,Male,West,White,Bachelor's,Full-time,76059,TikTok,2.9,4,5,3,3,Website,Yes,Search,701
GZ002405,22,Male,West,White,High school,Student,5535,TikTok,6.1,4,4,2,3,Website,Yes,Friends/word-of-mouth,119
GZ002406,27,Male,Midwest,Hispanic,Bachelor's,Full-time,34556,TikTok,8.1,3,4,3,4,Website,No,Social media,567
GZ002407,22,Male,West,Hispanic,High school,Unemployed,6714,Other,6.3,4,4,3,4,Mobile app,No,Social media,110
GZ002408,25,Female,Midwest,White,Some college,Full-time,71337,YouTube,7.0,3,5,1,4,Website,Yes,Search,1338
GZ002409,23,Male,South,White,High school,Full-time,57468,TikTok,5.9,2,5,4,5,Mobile app,No,Social media,891
GZ002410,18,Female,Northeast,Hispanic,High school,Student,4618,Instagram,7.9,4,4,4,4,Mobile app,Yes,Ads,46
GZ002411,23,Female,South,White,Some college,Full-time,43557,YouTube,7.2,3,3,3,3,In-store,No,Social media,1166
GZ002412,18,Female,Midwest,White,High school,Student,9005,TikTok,4.0,3,3,2,3,Mobile app,Yes,Social media,111
GZ002413,28,Female,Northeast,Hispanic,Some college,Full-time,25825,TikTok,6.9,4,3,3,4,In-store,No,Social media,583
GZ002414,24,Male,South,White,Some college,Full-time,55170,Instagram,2.9,4,3,4,4,Mobile app,No,Social media,1324
GZ002415,22,Female,South,White,Some college,Student,5854,Snapchat,6.9,3,4,4,4,Mobile app,Yes,Social media,74
GZ002416,23,Male,South,White,Some college,Part-time,7546,TikTok,5.4,3,4,2,4,Website,Yes,Social media,87
GZ002417,24,Male,West,Black,Bachelor's,Student,2435,Snapchat,6.3,3,5,3,2,Mobile app,No,Social media,66
GZ002418,20,Male,West,White,Bachelor's,Full-time,74362,YouTube,6.6,3,2,2,5,In-store,No,Search,659
GZ002419,21,Male,South,Black,High school,Student,6932,Instagram,6.6,4,4,1,5,Mobile app,Yes,Social media,120
GZ002420,22,Female,Northeast,White,High school,Part-time,14035,TikTok,8.8,3,4,3,3,In-store,No,Social media,137
GZ002421,20,Female,South,White,High school,Full-time,22520,Instagram,6.1,2,1,4,4,In-store,No,Search,387
GZ002422,26,Female,West,Black,High school,Student,14540,Instagram,6.4,3,4,3,4,Mobile app,Yes,Social media,179
GZ002423,19,Female,West,White,Some college,Student,3409,TikTok,8.7,3,5,2,3,In-store,No,Search,93
GZ002424,27,Male,South,White,High school,Unemployed,1832,Reddit,9.8,4,5,3,2,Website,Yes,Friends/word-of-mouth,27
GZ002425,21,Female,South,White,High school,Gig/freelance,22234,Instagram,6.0,4,4,3,4,Social commerce,Yes,Influencer,554
GZ002426,24,Female,Northeast,Hispanic,Bachelor's,Student,8912,TikTok,5.0,5,4,3,2,Mobile app,Yes,Influencer,143
GZ002427,19,Female,Midwest,White,Some college,Full-time,54448,TikTok,5.1,4,4,4,3,Mobile app,No,Social media,1055
GZ002428,22,Female,South,Black,Some college,Student,6263,TikTok,6.9,3,5,3,5,Social commerce,No,Social media,140
GZ002429,26,Male,Midwest,White,High school,Student,15254,X,5.6,2,4,2,4,In-store,No,Search,340
GZ002430,20,Female,West,White,Bachelor's,Gig/freelance,18175,TikTok,2.5,2,5,2,4,In-store,No,Influencer,473
GZ002431,19,Male,South,White,Bachelor's,Student,4915,Instagram,8.2,3,4,2,3,Website,Yes,Friends/word-of-mouth,73
GZ002432,23,Male,Midwest,White,Some college,Full-time,21138,YouTube,7.6,2,5,2,2,Website,No,Search,390
GZ002433,19,Male,West,Black,High school,Gig/freelance,16945,TikTok,8.3,3,5,1,4,Social commerce,No,Friends/word-of-mouth,436
GZ002434,21,Female,South,White,High school,Gig/freelance,12328,Instagram,8.7,4,4,4,4,Website,No,Social media,185
GZ002435,22,Male,Northeast,Asian,Bachelor's,Full-time,56192,YouTube,6.4,3,4,2,4,In-store,Yes,Social media,714
GZ002436,24,Female,South,White,Some college,Student,4946,Reddit,6.5,4,4,2,3,Social commerce,Yes,Influencer,69
GZ002437,25,Female,South,Hispanic,Bachelor's,Part-time,16924,YouTube,8.0,3,5,2,3,In-store,No,Ads,256
GZ002438,25,Male,South,White,Bachelor's,Student,4830,TikTok,3.6,3,3,1,4,In-store,No,Friends/word-of-mouth,56
GZ002439,27,Male,Midwest,Black,Bachelor's,Gig/freelance,12258,TikTok,5.3,5,4,2,2,Mobile app,No,Social media,148
GZ002440,18,Female,Midwest,White,High school,Full-time,62913,Instagram,5.9,4,4,2,4,Mobile app,Yes,Social media,592
GZ002441,21,Male,Northeast,Hispanic,Bachelor's,Full-time,72292,Instagram,7.8,4,3,4,3,In-store,No,Social media,938
GZ002442,18,Female,South,Asian,Some college,Full-time,65984,X,4.9,5,4,2,4,Social commerce,Yes,Social media,1796
GZ002443,18,Male,Midwest,Hispanic,High school,Unemployed,1351,TikTok,4.6,5,2,2,5,Website,No,Social media,28
GZ002444,20,Non-binary,West,White,High school,Full-time,16814,TikTok,5.1,3,4,1,3,In-store,No,Social media,256
GZ002445,24,Male,South,Black,Some college,Student,17012,Instagram,6.9,5,5,4,4,Mobile app,No,Social media,425
GZ002446,27,Male,South,White,High school,Student,7969,TikTok,5.9,3,4,2,3,Mobile app,Yes,Influencer,165
GZ002447,26,Male,Midwest,White,High school,Gig/freelance,9914,Instagram,3.1,5,4,2,1,Mobile app,No,Social media,121
GZ002448,25,Male,South,White,Some college,Full-time,62454,TikTok,3.5,2,3,1,4,Mobile app,No,Social media,1328
GZ002449,26,Male,Midwest,Black,Graduate,Full-time,43273,Snapchat,6.3,3,5,3,1,Mobile app,Yes,Social media,1204
GZ002450,19,Male,West,White,Bachelor's,Unemployed,5025,TikTok,6.3,4,3,2,4,Mobile app,No,Friends/word-of-mouth,49
GZ002451,27,Female,South,Hispanic,High school,Part-time,0,Instagram,6.1,4,5,4,3,In-store,Yes,Search,0
GZ002452,27,Male,Northeast,Hispanic,Bachelor's,Full-time,35833,YouTube,5.1,3,5,3,3,Website,No,Friends/word-of-mouth,615
GZ002453,19,Female,Midwest,White,Some college,Full-time,59932,TikTok,7.6,2,2,2,3,Website,No,Friends/word-of-mouth,1109
GZ002454,23,Non-binary,West,White,Bachelor's,Gig/freelance,18507,Instagram,6.7,4,4,1,2,Mobile app,No,Social media,163
GZ002455,27,Female,Midwest,Hispanic,Some college,Gig/freelance,40449,Instagram,6.7,3,4,2,3,Website,No,Friends/word-of-mouth,559
GZ002456,23,Female,West,White,Some college,Part-time,7334,Snapchat,6.7,3,4,2,2,Mobile app,No,Social media,118
GZ002457,27,Male,Midwest,White,High school,Part-time,17088,Instagram,9.2,5,3,2,2,In-store,No,Friends/word-of-mouth,486
GZ002458,28,Female,South,White,Some college,Student,15661,Instagram,4.0,3,3,1,3,Mobile app,No,Influencer,371
GZ002459,23,Female,West,Black,Bachelor's,Full-time,20248,YouTube,5.2,3,4,1,5,Social commerce,No,Social media,564
GZ002460,18,Male,South,White,Some college,Gig/freelance,29176,Instagram,5.3,2,3,2,4,Mobile app,No,Social media,688
GZ002461,21,Female,West,White,Some college,Full-time,53058,YouTube,8.5,3,4,3,3,Mobile app,No,Ads,1379
GZ002462,20,Female,West,White,High school,Full-time,43727,TikTok,5.3,5,5,1,3,Mobile app,Yes,Ads,393
GZ002463,23,Male,South,White,Bachelor's,Full-time,37274,Instagram,4.4,3,2,4,3,Mobile app,No,Search,981
GZ002464,24,Female,Northeast,Two+/Other,Some college,Full-time,25437,Reddit,5.8,4,4,4,2,Mobile app,Yes,Social media,642
GZ002465,23,Female,South,Hispanic,Bachelor's,Part-time,19592,YouTube,6.2,2,3,1,2,Social commerce,Yes,Search,405
GZ002466,20,Female,South,Hispanic,Some college,Student,8584,Instagram,8.4,3,4,5,4,Mobile app,No,Search,197
GZ002467,21,Female,South,Black,Some college,Part-time,6366,Snapchat,5.2,3,3,3,3,Website,No,Social media,155
GZ002468,25,Female,Midwest,White,Bachelor's,Student,13454,Instagram,4.6,4,3,2,3,Mobile app,No,Friends/word-of-mouth,126
GZ002469,18,Female,South,Black,Some college,Full-time,24800,Instagram,4.2,3,4,3,2,In-store,Yes,Social media,335
GZ002470,20,Male,West,Two+/Other,High school,Part-time,6576,TikTok,5.3,3,5,3,4,Website,Yes,Friends/word-of-mouth,183
GZ002471,27,Male,Midwest,Hispanic,Some college,Part-time,13174,TikTok,11.1,4,4,2,4,Mobile app,No,Friends/word-of-mouth,192
GZ002472,19,Female,South,Hispanic,Some college,Student,5384,TikTok,6.8,4,3,1,5,Mobile app,Yes,Social media,56
GZ002473,22,Female,Northeast,White,Bachelor's,Full-time,37119,YouTube,7.2,4,3,2,5,In-store,No,Search,837
GZ002474,20,Male,South,Black,Some college,Gig/freelance,11463,Instagram,6.0,4,5,3,2,In-store,No,Search,186
GZ002475,19,Male,Midwest,White,High school,Full-time,50466,X,6.3,3,3,3,3,Website,No,Search,1288
GZ002476,22,Female,South,Hispanic,Bachelor's,Full-time,68101,TikTok,7.6,5,5,4,4,In-store,Yes,Search,1388
GZ002477,23,Female,Midwest,White,Some college,Full-time,44000,TikTok,7.1,4,2,2,3,In-store,Yes,Friends/word-of-mouth,1275
GZ002478,19,Female,Northeast,Hispanic,High school,Student,3150,YouTube,6.7,4,4,2,4,Mobile app,Yes,Search,73
GZ002479,18,Male,South,Black,Some college,Full-time,24740,TikTok,6.0,4,5,2,3,Mobile app,No,Social media,541
GZ002480,19,Male,South,Hispanic,High school,Full-time,46182,Instagram,5.3,3,5,3,4,In-store,No,Search,860
GZ002481,25,Male,South,White,Some college,Part-time,2067,TikTok,6.8,5,5,2,4,Mobile app,No,Social media,19
GZ002482,27,Female,South,Hispanic,Some college,Part-time,8014,TikTok,6.2,4,4,2,3,Social commerce,No,Social media,72
GZ002483,19,Female,Northeast,Asian,Some college,Full-time,10862,Instagram,10.3,4,5,2,2,In-store,No,Ads,259
GZ002484,21,Female,West,Hispanic,Some college,Student,9467,Instagram,8.1,3,3,1,4,In-store,Yes,Search,228
GZ002485,21,Female,West,Black,Some college,Student,17756,TikTok,4.7,5,3,3,3,Social commerce,No,Social media,225
GZ002486,21,Female,Northeast,Black,High school,Full-time,18167,TikTok,3.7,5,4,2,3,In-store,No,Social media,360
GZ002487,20,Male,Northeast,Black,Some college,Full-time,57428,TikTok,5.2,4,5,5,3,Mobile app,No,Social media,870
GZ002488,18,Female,Midwest,White,Some college,Part-time,13432,TikTok,3.8,2,4,2,4,Website,No,Friends/word-of-mouth,317
GZ002489,23,Male,South,White,High school,Unemployed,1623,X,5.1,4,5,2,3,Mobile app,No,Friends/word-of-mouth,41
GZ002490,21,Female,South,Black,High school,Student,15334,YouTube,4.1,4,4,3,2,Website,No,Search,268
GZ002491,21,Female,South,Asian,Some college,Full-time,82821,TikTok,5.3,3,5,3,4,Mobile app,Yes,Influencer,1880
GZ002492,20,Male,South,White,High school,Unemployed,4741,Instagram,5.4,3,2,3,4,Mobile app,Yes,Search,75
GZ002493,28,Male,South,White,Some college,Part-time,20936,TikTok,6.3,2,4,2,3,Website,Yes,Friends/word-of-mouth,402
GZ002494,24,Female,South,White,High school,Part-time,18504,TikTok,5.6,5,4,1,3,In-store,Yes,Friends/word-of-mouth,439
GZ002495,22,Male,South,Black,High school,Unemployed,3733,X,4.2,4,4,5,2,Mobile app,No,Search,40
GZ002496,20,Female,West,Black,Some college,Student,10377,TikTok,8.4,4,4,3,4,Mobile app,Yes,Social media,90
GZ002497,26,Female,South,Hispanic,Some college,Student,11738,Reddit,6.8,3,5,3,4,In-store,Yes,Friends/word-of-mouth,255
GZ002498,27,Female,South,White,Some college,Student,15736,Snapchat,4.9,4,4,3,3,In-store,No,Influencer,389
GZ002499,18,Female,South,White,Some college,Unemployed,3059,YouTube,4.2,4,5,1,2,Mobile app,No,Search,65
GZ002500,28,Male,West,Black,Bachelor's,Full-time,44407,Instagram,3.1,3,2,2,3,Mobile app,Yes,Friends/word-of-mouth,538
GZ002501,25,Female,Midwest,White,Graduate,Part-time,17283,TikTok,2.9,4,5,1,4,Website,No,Search,325
GZ002502,19,Male,Midwest,White,Bachelor's,Part-time,26294,Snapchat,8.1,4,3,2,3,In-store,Yes,Social media,441
GZ002503,26,Male,South,White,Bachelor's,Unemployed,8320,Snapchat,7.9,4,5,1,2,Mobile app,No,Friends/word-of-mouth,233
GZ002504,19,Female,South,Black,High school,Full-time,62006,Instagram,4.8,3,4,3,4,Social commerce,Yes,Search,1410
GZ002505,18,Female,South,White,Some college,Full-time,57086,TikTok,8.7,4,4,3,4,Social commerce,No,Ads,1093
GZ002506,19,Female,South,White,High school,Part-time,25353,TikTok,7.2,5,3,3,4,Website,No,Social media,421
GZ002507,23,Male,West,White,High school,Full-time,65954,TikTok,6.4,4,3,3,3,Social commerce,No,Influencer,1015
GZ002508,24,Male,Northeast,Asian,Bachelor's,Student,18778,TikTok,7.7,5,5,2,5,Mobile app,No,Social media,209
GZ002509,22,Male,South,White,Bachelor's,Part-time,4348,Instagram,7.2,4,1,2,3,Website,No,Social media,99
GZ002510,19,Female,South,White,High school,Gig/freelance,33015,Snapchat,6.3,2,3,3,5,In-store,Yes,Social media,646
GZ002511,20,Female,Midwest,White,High school,Student,0,YouTube,5.5,3,5,2,4,Mobile app,No,Social media,0
GZ002512,27,Male,West,White,High school,Part-time,25705,YouTube,5.8,3,4,1,2,In-store,Yes,Friends/word-of-mouth,433
GZ002513,28,Female,South,Black,Bachelor's,Gig/freelance,32447,YouTube,2.8,4,3,2,4,Social commerce,Yes,Search,788
GZ002514,26,Male,South,Black,High school,Full-time,31664,YouTube,4.4,5,5,3,3,Website,No,Influencer,359
GZ002515,19,Female,Northeast,White,High school,Student,0,Instagram,9.6,4,5,1,3,Mobile app,Yes,Influencer,0
GZ002516,27,Female,South,Black,Bachelor's,Student,8941,Snapchat,4.3,4,4,1,4,Mobile app,Yes,Social media,159
GZ002517,25,Male,Midwest,White,Bachelor's,Full-time,46211,TikTok,2.3,5,5,2,2,Mobile app,Yes,Friends/word-of-mouth,451
GZ002518,23,Male,Midwest,Black,High school,Full-time,40807,Reddit,7.8,3,5,1,2,Mobile app,Yes,Ads,1139
GZ002519,19,Male,South,White,Some college,Part-time,12966,TikTok,6.5,4,4,3,3,Social commerce,No,Social media,158
GZ002520,28,Female,Midwest,White,Bachelor's,Part-time,10736,YouTube,6.6,3,3,3,4,Mobile app,Yes,Social media,98
GZ002521,22,Male,South,Black,Graduate,Student,8790,Instagram,5.7,3,4,3,4,Social commerce,No,Social media,170
GZ002522,18,Male,South,Asian,Some college,Full-time,26844,Instagram,7.8,2,3,3,4,In-store,Yes,Ads,307
GZ002523,20,Male,South,Hispanic,High school,Full-time,57295,Instagram,9.1,5,5,1,1,In-store,No,Ads,535
GZ002524,22,Male,Northeast,Hispanic,Some college,Unemployed,3858,TikTok,5.0,3,4,1,2,Website,Yes,Friends/word-of-mouth,86
GZ002525,18,Male,South,Black,Some college,Full-time,9403,YouTube,7.3,3,4,3,2,Mobile app,No,Social media,99
GZ002526,21,Male,South,Hispanic,High school,Unemployed,4318,Instagram,8.2,4,4,3,2,In-store,No,Search,122
GZ002527,23,Female,Northeast,White,Bachelor's,Student,10677,Instagram,4.8,3,3,1,3,Mobile app,Yes,Influencer,269
GZ002528,28,Female,South,White,Bachelor's,Student,15552,Snapchat,9.0,3,4,1,4,Mobile app,No,Social media,411
GZ002529,18,Male,Northeast,Hispanic,Some college,Full-time,59541,Instagram,8.2,4,3,2,4,In-store,Yes,Search,1325
GZ002530,24,Female,Midwest,Hispanic,High school,Gig/freelance,15485,Snapchat,3.5,3,4,2,4,Mobile app,No,Social media,304
GZ002531,28,Female,West,Black,Bachelor's,Unemployed,6566,TikTok,9.2,2,3,3,3,Website,No,Influencer,148
GZ002532,26,Male,Midwest,White,High school,Student,3386,TikTok,3.6,4,3,3,4,Mobile app,Yes,Search,69
GZ002533,28,Female,Midwest,White,Bachelor's,Student,9114,TikTok,4.6,3,2,2,3,Mobile app,Yes,Search,229
GZ002534,19,Male,South,White,High school,Part-time,24107,Reddit,7.4,4,4,3,3,Website,Yes,Social media,293
GZ002535,26,Male,Northeast,Black,High school,Full-time,69569,Snapchat,8.1,4,4,2,3,Mobile app,Yes,Social media,771
GZ002536,28,Female,Northeast,White,Bachelor's,Unemployed,7400,Snapchat,6.2,5,4,2,3,Website,Yes,Friends/word-of-mouth,166
GZ002537,21,Male,Northeast,Black,High school,Full-time,66092,Instagram,4.7,4,5,3,3,Mobile app,No,Social media,825
GZ002538,23,Female,Midwest,White,Bachelor's,Part-time,16893,TikTok,5.5,3,3,3,2,Website,No,Friends/word-of-mouth,485
GZ002539,23,Male,West,White,High school,Part-time,22695,Instagram,5.2,5,4,3,4,Mobile app,Yes,Search,260
GZ002540,23,Male,West,Black,High school,Student,9908,Instagram,7.7,3,5,2,4,Mobile app,No,Social media,219
GZ002541,21,Female,South,White,Some college,Student,6126,TikTok,5.2,3,4,2,4,In-store,Yes,Search,152
GZ002542,28,Female,West,Black,High school,Student,8531,YouTube,4.7,3,4,1,3,Website,No,Social media,121
GZ002543,28,Female,Midwest,White,Bachelor's,Full-time,75978,Snapchat,3.0,1,5,3,4,Mobile app,Yes,Search,1694
GZ002544,22,Female,Midwest,Hispanic,Some college,Full-time,54212,TikTok,4.8,3,4,2,2,Mobile app,Yes,Search,1532
GZ002545,26,Female,South,Hispanic,High school,Full-time,80922,YouTube,5.8,4,4,1,4,Mobile app,Yes,Social media,2282
GZ002546,22,Prefer not to say,West,Black,Graduate,Unemployed,2051,Instagram,3.7,2,3,2,4,Website,Yes,Social media,23
GZ002547,26,Female,Midwest,White,High school,Full-time,34788,TikTok,2.5,5,4,1,2,In-store,No,Social media,372
GZ002548,24,Male,West,White,Some college,Unemployed,4747,TikTok,8.0,1,5,1,5,Mobile app,Yes,Influencer,69
GZ002549,23,Female,Northeast,Hispanic,Bachelor's,Full-time,56030,Instagram,4.0,3,5,2,5,Mobile app,Yes,Search,535
GZ002550,19,Non-binary,Midwest,Two+/Other,Some college,Gig/freelance,24633,YouTube,3.4,2,5,3,3,In-store,No,Search,277
GZ002551,25,Female,South,Black,Some college,Student,12242,Instagram,9.1,5,4,3,5,Mobile app,No,Ads,199
GZ002552,21,Female,South,Black,Some college,Gig/freelance,35277,TikTok,7.7,4,2,3,2,In-store,Yes,Search,303
GZ002553,20,Male,Midwest,Hispanic,Some college,Student,3378,TikTok,8.1,3,5,4,3,Social commerce,No,Social media,33
GZ002554,20,Female,West,Hispanic,High school,Student,12051,YouTube,7.0,2,4,2,1,In-store,No,Influencer,342
GZ002555,28,Male,Northeast,Black,High school,Student,13346,Instagram,8.6,3,4,1,4,Mobile app,No,Ads,311
GZ002556,19,Female,South,Black,High school,Full-time,47597,YouTube,7.8,4,5,3,2,Mobile app,No,Ads,706
GZ002557,26,Male,South,Black,Some college,Unemployed,688,TikTok,5.3,3,4,3,1,Mobile app,No,Social media,7
GZ002558,27,Male,West,Black,Bachelor's,Student,7878,YouTube,3.9,3,5,1,4,Mobile app,Yes,Search,144
GZ002559,18,Male,Midwest,Black,Some college,Full-time,50277,Instagram,3.4,4,3,2,4,Website,No,Social media,1044
GZ002560,24,Female,Northeast,White,High school,Full-time,25638,TikTok,5.7,3,2,3,3,Website,Yes,Search,359
GZ002561,24,Female,Northeast,White,Bachelor's,Part-time,25438,Instagram,3.8,2,3,3,4,Website,Yes,Social media,512
GZ002562,21,Female,West,Two+/Other,High school,Gig/freelance,34536,YouTube,4.4,2,4,3,5,In-store,Yes,Social media,613
GZ002563,25,Female,Midwest,Hispanic,High school,Gig/freelance,27573,X,5.7,2,5,2,2,Mobile app,Yes,Social media,595
GZ002564,22,Female,South,White,High school,Full-time,42329,Other,8.8,3,3,1,2,Mobile app,No,Social media,722
GZ002565,22,Male,West,White,Bachelor's,Student,9781,Instagram,3.0,4,5,1,4,Website,No,Search,183
GZ002566,22,Male,Northeast,Hispanic,Some college,Full-time,41923,YouTube,6.1,4,3,3,4,In-store,No,Social media,456
GZ002567,26,Male,West,Black,Some college,Full-time,17704,Instagram,3.5,5,4,3,5,Website,No,Search,226
GZ002568,24,Female,Northeast,Black,High school,Gig/freelance,20967,Instagram,4.9,2,4,2,2,Mobile app,Yes,Social media,379
GZ002569,22,Female,South,White,Graduate,Full-time,43369,TikTok,7.9,4,4,4,2,Social commerce,No,Friends/word-of-mouth,840
GZ002570,28,Male,South,White,High school,Part-time,29490,YouTube,4.3,3,4,2,2,Mobile app,No,Influencer,720
GZ002571,26,Female,West,White,High school,Full-time,55079,X,5.5,5,5,2,4,Website,Yes,Search,668
GZ002572,28,Female,Northeast,Black,Some college,Full-time,69826,TikTok,6.3,4,3,1,5,Mobile app,No,Social media,1595
GZ002573,26,Female,South,White,High school,Full-time,15446,TikTok,7.4,3,4,2,4,Website,No,Social media,275
GZ002574,22,Male,Midwest,Hispanic,Some college,Full-time,35268,TikTok,4.9,4,4,3,4,Social commerce,Yes,Friends/word-of-mouth,315
GZ002575,26,Non-binary,South,Hispanic,Some college,Part-time,34798,Instagram,8.5,4,5,4,5,Website,Yes,Social media,327
GZ002576,21,Female,Midwest,Hispanic,Bachelor's,Gig/freelance,17307,Instagram,5.1,3,4,3,3,In-store,No,Friends/word-of-mouth,331
GZ002577,20,Male,West,Hispanic,High school,Full-time,27580,Instagram,7.0,4,4,3,1,In-store,No,Friends/word-of-mouth,617
GZ002578,22,Female,South,Hispanic,High school,Gig/freelance,22820,Instagram,5.6,5,3,4,2,In-store,Yes,Social media,599
GZ002579,28,Female,Midwest,Hispanic,Bachelor's,Student,17173,Snapchat,7.5,5,4,1,2,Website,No,Social media,226
GZ002580,24,Male,Midwest,White,Some college,Full-time,29308,TikTok,10.1,4,3,3,1,Mobile app,Yes,Friends/word-of-mouth,743
GZ002581,22,Female,West,White,Some college,Full-time,52536,YouTube,5.4,5,4,3,2,Social commerce,No,Social media,630
GZ002582,23,Male,South,Hispanic,High school,Full-time,49409,Snapchat,6.0,4,3,3,2,Website,No,Search,1081
GZ002583,21,Female,South,White,Some college,Student,1189,YouTube,5.1,3,3,1,4,Social commerce,Yes,Social media,14
GZ002584,25,Female,Northeast,Black,Bachelor's,Student,8936,TikTok,4.8,4,4,3,4,In-store,Yes,Search,191
GZ002585,21,Male,Midwest,White,Bachelor's,Full-time,31549,X,4.6,3,4,3,5,In-store,Yes,Search,442
GZ002586,24,Female,Midwest,Black,Bachelor's,Full-time,54813,Instagram,6.0,3,4,1,2,In-store,Yes,Search,888
GZ002587,22,Male,Midwest,White,High school,Full-time,74868,TikTok,4.4,4,3,3,4,Social commerce,Yes,Social media,1632
GZ002588,21,Female,Midwest,Black,High school,Student,7604,TikTok,4.5,2,4,1,5,In-store,No,Social media,147
GZ002589,28,Male,South,White,High school,Full-time,35487,Reddit,0.5,5,3,1,3,Website,No,Search,361
GZ002590,21,Female,West,Hispanic,High school,Part-time,38394,TikTok,8.8,4,3,2,3,Mobile app,Yes,Search,814
GZ002591,18,Female,Midwest,White,Some college,Student,6118,Instagram,9.3,2,4,4,5,Mobile app,Yes,Search,122
GZ002592,22,Male,South,Hispanic,High school,Student,3560,YouTube,7.3,4,1,2,3,Mobile app,No,Search,84
GZ002593,23,Female,South,White,Some college,Full-time,68036,Instagram,4.3,4,5,3,5,Mobile app,No,Search,1774
GZ002594,19,Female,Midwest,Black,High school,Part-time,17589,YouTube,3.5,5,5,1,2,Mobile app,No,Social media,218
GZ002595,21,Prefer not to say,Northeast,Hispanic,High school,Part-time,20294,Instagram,2.9,5,4,2,5,Mobile app,Yes,Social media,454
GZ002596,19,Male,Midwest,Asian,High school,Gig/freelance,52108,YouTube,7.3,5,3,2,5,Mobile app,Yes,Friends/word-of-mouth,817
GZ002597,23,Male,South,Hispanic,Some college,Part-time,6635,TikTok,8.5,3,4,4,2,In-store,No,Search,87
GZ002598,25,Male,Northeast,Hispanic,Some college,Part-time,16416,TikTok,6.3,4,3,2,3,Mobile app,No,Social media,380
GZ002599,28,Male,South,Black,Some college,Full-time,18634,TikTok,7.7,3,4,2,2,In-store,Yes,Social media,354
GZ002600,22,Male,South,White,Bachelor's,Student,10357,Instagram,6.9,5,2,3,3,Social commerce,No,Search,279
GZ002601,27,Male,Northeast,Hispanic,Some college,Student,6760,TikTok,4.5,2,3,2,2,Website,Yes,Social media,90
GZ002602,20,Female,Midwest,White,Bachelor's,Student,4249,Instagram,8.0,2,3,2,2,Mobile app,Yes,Social media,50
GZ002603,26,Female,Northeast,Hispanic,High school,Student,11965,TikTok,7.9,3,5,3,2,Website,No,Social media,225
GZ002604,24,Male,Midwest,White,High school,Gig/freelance,26120,Instagram,4.0,4,3,2,4,In-store,Yes,Influencer,646
GZ002605,26,Male,Midwest,White,Some college,Gig/freelance,11355,TikTok,7.6,4,4,1,2,Mobile app,Yes,Social media,216
GZ002606,26,Female,South,Hispanic,Bachelor's,Full-time,19502,Instagram,5.7,5,2,3,5,Mobile app,No,Influencer,335
GZ002607,23,Female,South,White,Bachelor's,Full-time,45927,Snapchat,5.5,3,4,2,4,Social commerce,Yes,Social media,999
GZ002608,20,Female,Northeast,White,Some college,Unemployed,992,TikTok,6.8,2,5,1,5,Website,Yes,Friends/word-of-mouth,19
GZ002609,23,Male,Northeast,White,Some college,Student,9921,YouTube,6.7,3,5,3,4,Social commerce,Yes,Search,214
GZ002610,27,Male,South,Black,Some college,Unemployed,6411,Instagram,7.8,3,2,4,5,Website,No,Social media,154
GZ002611,28,Female,South,White,Bachelor's,Part-time,23403,TikTok,4.3,4,4,3,2,Mobile app,No,Influencer,673
GZ002612,28,Male,South,White,Some college,Unemployed,2878,TikTok,7.1,5,4,4,5,In-store,No,Influencer,38
GZ002613,19,Male,South,Two+/Other,High school,Full-time,47185,TikTok,3.7,5,5,1,5,Social commerce,No,Friends/word-of-mouth,984
GZ002614,24,Male,Northeast,Asian,Bachelor's,Student,3931,YouTube,5.6,5,4,3,3,Mobile app,No,Friends/word-of-mouth,82
GZ002615,19,Female,South,White,Some college,Part-time,19103,TikTok,5.8,3,3,3,3,Mobile app,No,Search,250
GZ002616,25,Male,West,Hispanic,High school,Full-time,35822,Other,7.9,4,4,2,2,Website,No,Social media,1016
GZ002617,28,Male,Northeast,White,Some college,Full-time,22356,YouTube,6.0,4,3,2,3,Social commerce,No,Search,553
GZ002618,18,Male,West,Asian,High school,Full-time,53788,Instagram,5.5,3,2,1,4,Social commerce,No,Friends/word-of-mouth,698
GZ002619,25,Female,West,White,High school,Full-time,4625,Other,8.9,3,4,4,1,In-store,Yes,Search,133
GZ002620,28,Male,South,White,High school,Unemployed,1865,TikTok,5.1,4,4,1,4,In-store,Yes,Ads,24
GZ002621,27,Male,South,White,High school,Unemployed,2081,Snapchat,5.1,2,4,3,5,Mobile app,No,Search,28
GZ002622,22,Female,South,Hispanic,Bachelor's,Gig/freelance,20093,TikTok,2.2,5,5,2,3,Website,No,Social media,172
GZ002623,19,Female,South,White,Bachelor's,Unemployed,6338,Instagram,5.6,3,4,2,3,In-store,No,Social media,67
GZ002624,28,Male,South,Black,Bachelor's,Gig/freelance,34824,TikTok,4.1,4,2,2,4,Mobile app,Yes,Social media,347
GZ002625,28,Male,South,White,Bachelor's,Unemployed,4189,Snapchat,5.5,4,3,2,2,Mobile app,Yes,Search,116
GZ002626,24,Female,South,Hispanic,High school,Full-time,43099,Instagram,6.5,5,4,3,4,Website,Yes,Ads,1128
GZ002627,28,Female,South,Black,High school,Full-time,41777,YouTube,3.8,2,5,3,4,Social commerce,No,Ads,940
GZ002628,18,Female,Northeast,White,Some college,Gig/freelance,42050,Reddit,4.4,5,4,2,5,Social commerce,Yes,Friends/word-of-mouth,689
GZ002629,24,Male,South,White,Some college,Part-time,3292,TikTok,2.8,5,4,1,3,Website,No,Social media,78
GZ002630,18,Non-binary,West,White,High school,Student,12124,X,5.0,4,4,1,3,Website,No,Ads,223
GZ002631,28,Female,Northeast,Black,High school,Student,6941,Instagram,4.1,4,4,3,4,Website,Yes,Influencer,196
GZ002632,25,Female,South,White,Graduate,Full-time,51506,Snapchat,10.3,4,5,2,4,Mobile app,Yes,Friends/word-of-mouth,464
GZ002633,28,Female,West,Black,Some college,Full-time,51596,Instagram,9.0,3,4,1,5,Website,No,Social media,437
GZ002634,24,Female,Northeast,White,Some college,Student,11969,Snapchat,8.7,4,4,2,5,Website,No,Social media,194
GZ002635,18,Male,West,Hispanic,Some college,Part-time,30827,Reddit,3.4,5,4,2,3,Mobile app,No,Search,797
GZ002636,18,Male,South,Hispanic,High school,Part-time,6894,Instagram,5.6,2,3,1,3,In-store,No,Social media,155
GZ002637,21,Female,Midwest,White,High school,Student,13072,YouTube,3.6,4,2,2,3,Website,No,Search,197
GZ002638,26,Female,Midwest,White,Bachelor's,Part-time,17482,Other,9.7,4,2,4,3,Social commerce,No,Search,181
GZ002639,19,Female,South,Hispanic,Some college,Part-time,14267,YouTube,7.7,4,3,2,1,Website,Yes,Ads,286
GZ002640,27,Male,South,White,Bachelor's,Student,17236,X,3.9,2,5,1,5,Mobile app,Yes,Search,345
GZ002641,20,Male,South,Hispanic,High school,Part-time,23685,YouTube,6.7,3,5,3,3,Mobile app,Yes,Social media,212
GZ002642,23,Male,Midwest,Asian,Some college,Unemployed,3249,TikTok,3.0,2,3,3,3,Social commerce,Yes,Social media,83
GZ002643,20,Female,South,White,Some college,Part-time,25754,Snapchat,5.7,2,4,3,5,Website,Yes,Social media,620
GZ002644,23,Male,South,White,Some college,Unemployed,3917,YouTube,5.6,5,4,2,3,Website,No,Social media,73
GZ002645,22,Female,West,White,Some college,Gig/freelance,20935,TikTok,7.5,3,3,5,3,In-store,No,Friends/word-of-mouth,249
GZ002646,18,Male,Northeast,White,Some college,Gig/freelance,18908,TikTok,8.0,3,5,3,4,In-store,No,Friends/word-of-mouth,367
GZ002647,24,Male,South,Asian,High school,Student,10233,TikTok,6.0,5,5,5,4,Social commerce,No,Influencer,219
GZ002648,26,Female,South,Two+/Other,Some college,Student,6513,YouTube,5.6,3,4,4,3,In-store,Yes,Social media,177
GZ002649,28,Male,West,White,Graduate,Part-time,19258,Snapchat,0.5,5,4,3,5,Mobile app,No,Friends/word-of-mouth,254
GZ002650,21,Female,Midwest,Asian,Bachelor's,Student,12592,Snapchat,9.1,3,2,2,4,Mobile app,No,Search,310
GZ002651,27,Male,West,White,High school,Full-time,44088,TikTok,4.7,3,5,1,4,Website,Yes,Social media,829
GZ002652,27,Female,Northeast,Two+/Other,High school,Full-time,79355,TikTok,6.2,3,5,2,3,Mobile app,Yes,Search,749
GZ002653,28,Female,South,Black,Some college,Full-time,42249,TikTok,10.5,4,4,2,3,Social commerce,Yes,Social media,1057
GZ002654,22,Female,South,White,Some college,Student,14463,YouTube,3.6,3,3,2,4,Social commerce,No,Social media,294
GZ002655,27,Female,South,Hispanic,Bachelor's,Full-time,60451,Snapchat,6.0,4,3,2,4,Website,No,Search,565
GZ002656,24,Female,South,Black,High school,Student,15177,Reddit,7.0,4,4,2,3,Mobile app,Yes,Search,342
GZ002657,18,Female,West,White,High school,Full-time,79272,TikTok,8.2,2,5,2,3,Mobile app,No,Search,1581
GZ002658,20,Male,Midwest,White,Some college,Full-time,8710,Snapchat,6.0,3,5,3,4,Mobile app,Yes,Friends/word-of-mouth,145
GZ002659,25,Female,South,Hispanic,High school,Part-time,20147,YouTube,8.4,2,3,2,4,Mobile app,No,Social media,206
GZ002660,19,Female,Midwest,White,Some college,Gig/freelance,24691,Reddit,5.2,4,4,2,4,In-store,Yes,Social media,663
GZ002661,22,Non-binary,South,White,Bachelor's,Part-time,18902,Snapchat,7.1,4,2,1,2,Social commerce,Yes,Search,523
GZ002662,26,Male,West,White,Bachelor's,Unemployed,3284,Instagram,6.8,4,2,2,3,Mobile app,No,Social media,91
GZ002663,19,Female,South,Hispanic,High school,Full-time,31728,Snapchat,5.8,4,5,3,4,Social commerce,Yes,Friends/word-of-mouth,682
GZ002664,23,Female,West,White,High school,Part-time,9093,TikTok,6.6,2,3,1,3,Social commerce,No,Social media,87
GZ002665,20,Male,South,White,Some college,Full-time,43840,Snapchat,4.3,4,2,2,5,Social commerce,No,Friends/word-of-mouth,947
GZ002666,23,Male,Northeast,White,Some college,Full-time,59652,Snapchat,5.4,4,3,2,5,Website,Yes,Friends/word-of-mouth,1533
GZ002667,20,Female,Northeast,White,High school,Full-time,32669,Snapchat,3.4,4,4,2,3,Mobile app,No,Friends/word-of-mouth,948
GZ002668,28,Male,Midwest,Hispanic,Some college,Full-time,35791,TikTok,5.1,4,4,2,3,Website,No,Search,717
GZ002669,18,Female,Northeast,White,Some college,Student,6172,Snapchat,8.3,2,2,3,4,In-store,No,Social media,97
GZ002670,28,Female,South,Hispanic,High school,Student,4972,TikTok,6.8,4,5,2,4,Mobile app,Yes,Social media,88
GZ002671,26,Male,West,White,High school,Full-time,37536,Snapchat,6.6,4,3,3,5,Website,No,Influencer,762
GZ002672,27,Male,South,Hispanic,Some college,Gig/freelance,30015,Reddit,2.8,2,4,1,3,Social commerce,Yes,Ads,766
GZ002673,27,Male,Northeast,White,Some college,Student,14092,TikTok,6.6,4,4,2,3,Mobile app,No,Social media,394
GZ002674,20,Female,South,Black,High school,Full-time,19469,YouTube,5.9,3,4,2,4,Mobile app,No,Social media,253
GZ002675,28,Female,South,White,High school,Part-time,17753,YouTube,7.1,4,3,2,4,Mobile app,No,Social media,240
GZ002676,24,Female,Midwest,Black,Some college,Full-time,64266,Snapchat,8.8,4,4,3,3,Website,No,Social media,1655
GZ002677,28,Female,South,White,Some college,Gig/freelance,12207,TikTok,5.2,4,4,1,4,Website,No,Friends/word-of-mouth,218
GZ002678,27,Female,Midwest,White,High school,Part-time,28262,Reddit,5.4,2,4,3,5,Mobile app,No,Influencer,397
GZ002679,24,Male,South,Hispanic,Some college,Full-time,33703,Other,7.8,3,4,4,4,Website,No,Social media,365
GZ002680,22,Male,Midwest,White,Some college,Full-time,55444,YouTube,4.8,5,5,2,4,Mobile app,Yes,Influencer,674
GZ002681,19,Male,Northeast,White,High school,Full-time,37878,Instagram,6.2,5,4,1,3,In-store,Yes,Influencer,578
GZ002682,19,Female,West,Black,Some college,Part-time,21715,YouTube,2.0,5,5,2,3,In-store,No,Friends/word-of-mouth,194
GZ002683,22,Female,South,Black,High school,Student,15516,TikTok,5.4,4,4,2,2,Mobile app,Yes,Friends/word-of-mouth,443
GZ002684,26,Male,South,Hispanic,Some college,Unemployed,3781,YouTube,8.6,3,5,2,2,In-store,No,Social media,74
GZ002685,23,Female,South,Two+/Other,Bachelor's,Full-time,60833,TikTok,6.7,4,3,3,5,Website,No,Friends/word-of-mouth,1550
GZ002686,23,Male,South,White,Bachelor's,Full-time,47190,TikTok,7.8,3,5,1,5,Website,Yes,Social media,825
GZ002687,20,Female,West,White,High school,Full-time,27144,TikTok,7.9,4,3,3,2,Website,Yes,Friends/word-of-mouth,767
GZ002688,24,Male,South,Black,Bachelor's,Part-time,16820,YouTube,8.7,2,5,4,4,In-store,Yes,Ads,288
GZ002689,25,Male,South,White,Graduate,Student,8157,YouTube,5.3,5,4,4,2,In-store,Yes,Social media,135
GZ002690,28,Male,South,White,High school,Unemployed,1458,YouTube,7.9,1,5,3,5,Website,No,Search,34
GZ002691,26,Male,Northeast,White,High school,Student,10859,TikTok,10.5,5,4,2,3,Mobile app,No,Search,217
GZ002692,24,Male,South,White,High school,Full-time,54435,Instagram,5.9,5,5,4,5,Mobile app,Yes,Social media,801
GZ002693,28,Female,South,White,High school,Gig/freelance,35504,Instagram,3.4,5,5,3,3,In-store,Yes,Social media,296
GZ002694,22,Male,West,White,Bachelor's,Gig/freelance,42728,YouTube,4.8,3,4,4,3,Mobile app,Yes,Friends/word-of-mouth,466
GZ002695,28,Male,South,Hispanic,Bachelor's,Full-time,60029,TikTok,6.9,3,5,3,4,Social commerce,No,Influencer,825
GZ002696,22,Non-binary,Northeast,Hispanic,Some college,Unemployed,2914,YouTube,2.7,4,1,3,4,Mobile app,Yes,Social media,30
GZ002697,19,Female,South,Asian,High school,Student,7419,Instagram,4.5,4,3,2,4,Website,Yes,Friends/word-of-mouth,141
GZ002698,22,Female,Midwest,White,Bachelor's,Student,12396,Reddit,5.3,4,4,5,4,Website,No,Search,190
GZ002699,19,Male,Midwest,White,Some college,Part-time,21156,Instagram,6.2,3,5,1,3,Mobile app,No,Social media,484
GZ002700,19,Male,Midwest,Hispanic,Some college,Full-time,41663,TikTok,9.6,4,5,2,4,Website,Yes,Social media,759
GZ002701,27,Female,Midwest,White,High school,Gig/freelance,15765,TikTok,7.4,4,4,1,5,Mobile app,No,Influencer,200
GZ002702,26,Female,Midwest,White,Bachelor's,Part-time,13701,TikTok,3.8,3,4,2,4,Mobile app,Yes,Social media,239
GZ002703,20,Female,West,Hispanic,Bachelor's,Unemployed,5049,TikTok,13.7,2,5,3,3,Website,Yes,Ads,118
GZ002704,27,Female,West,Black,Bachelor's,Full-time,5128,Snapchat,6.0,5,5,2,4,Mobile app,Yes,Influencer,98
GZ002705,18,Female,Midwest,White,Some college,Part-time,0,YouTube,2.6,5,5,2,1,Website,No,Influencer,0
GZ002706,21,Female,West,Hispanic,Some college,Student,11808,TikTok,3.9,4,4,1,4,In-store,Yes,Social media,186
GZ002707,25,Female,West,Hispanic,Some college,Student,6839,Snapchat,3.9,4,5,3,2,In-store,No,Social media,155
GZ002708,21,Male,South,Black,Some college,Part-time,21795,TikTok,3.3,4,4,2,4,Mobile app,No,Social media,506
GZ002709,26,Female,South,White,Bachelor's,Student,15385,Snapchat,7.0,3,4,3,3,Mobile app,Yes,Social media,329
GZ002710,27,Female,South,Hispanic,Some college,Student,4897,TikTok,0.7,4,5,2,4,Social commerce,No,Ads,98
GZ002711,18,Female,South,Hispanic,Bachelor's,Student,2238,Instagram,8.0,4,5,3,3,Social commerce,No,Search,35
GZ002712,18,Female,West,White,Some college,Full-time,36776,YouTube,7.6,3,5,3,5,Social commerce,No,Social media,878
GZ002713,28,Male,South,Hispanic,Some college,Student,6226,TikTok,5.1,4,3,3,4,Website,No,Social media,165
GZ002714,23,Male,West,Hispanic,Some college,Student,8897,TikTok,7.8,3,4,3,5,Website,Yes,Social media,97
GZ002715,23,Female,Midwest,White,High school,Gig/freelance,32294,Snapchat,3.8,3,5,2,3,Website,No,Social media,888
GZ002716,23,Female,West,White,High school,Student,10323,YouTube,4.3,3,5,3,3,In-store,No,Social media,136
GZ002717,22,Female,Midwest,White,Some college,Part-time,18374,Reddit,7.1,2,5,2,2,Mobile app,Yes,Social media,204
GZ002718,25,Female,South,Black,Some college,Full-time,61999,YouTube,5.6,5,3,2,2,Mobile app,Yes,Search,1378
GZ002719,24,Female,South,White,High school,Full-time,54676,TikTok,4.7,5,5,3,3,Mobile app,No,Social media,954
GZ002720,19,Female,Midwest,White,Bachelor's,Full-time,38571,YouTube,5.8,3,3,4,3,In-store,Yes,Social media,1108
GZ002721,24,Female,Midwest,White,Some college,Student,11572,Snapchat,8.6,5,4,2,4,Mobile app,No,Social media,196
GZ002722,25,Male,Midwest,Hispanic,Some college,Gig/freelance,7916,TikTok,8.6,4,3,1,3,Mobile app,Yes,Search,173
GZ002723,19,Female,Midwest,Hispanic,High school,Unemployed,5914,TikTok,6.9,4,5,3,4,Mobile app,Yes,Social media,67
GZ002724,22,Female,Midwest,White,High school,Student,9089,YouTube,5.3,2,4,4,5,Social commerce,No,Social media,155
GZ002725,26,Female,Midwest,Hispanic,Bachelor's,Student,4137,Snapchat,7.0,3,4,3,4,In-store,No,Friends/word-of-mouth,93
GZ002726,24,Female,Midwest,White,Graduate,Student,7312,Instagram,4.3,4,4,2,3,Website,Yes,Social media,79
GZ002727,19,Female,Midwest,White,Some college,Part-time,26404,YouTube,8.3,3,4,4,4,Mobile app,No,Social media,536
GZ002728,18,Female,South,Hispanic,Some college,Student,5890,TikTok,7.9,3,4,1,5,Website,No,Social media,166
GZ002729,24,Female,South,White,Bachelor's,Part-time,21325,Instagram,9.9,3,3,3,4,Website,No,Social media,310
GZ002730,23,Female,South,Black,High school,Part-time,25118,YouTube,4.4,1,2,2,3,Mobile app,Yes,Influencer,524
GZ002731,28,Male,West,Hispanic,Bachelor's,Unemployed,4043,TikTok,4.1,4,3,3,3,Mobile app,Yes,Influencer,86
GZ002732,23,Male,Midwest,Black,Some college,Student,5498,Instagram,7.1,4,2,3,3,In-store,No,Social media,141
GZ002733,28,Female,South,White,Some college,Full-time,40792,YouTube,5.5,4,4,2,3,Social commerce,No,Social media,469
GZ002734,20,Female,South,White,Some college,Part-time,6583,Instagram,8.0,5,3,2,4,Mobile app,Yes,Friends/word-of-mouth,152
GZ002735,22,Male,Midwest,White,High school,Unemployed,3120,Reddit,8.6,3,5,2,5,Website,No,Social media,61
GZ002736,19,Male,South,Asian,Some college,Full-time,21073,X,9.4,5,4,4,3,In-store,Yes,Friends/word-of-mouth,414
GZ002737,24,Female,Midwest,Hispanic,Bachelor's,Unemployed,3915,YouTube,6.1,3,2,3,2,Website,Yes,Friends/word-of-mouth,84
GZ002738,20,Female,South,Hispanic,Bachelor's,Unemployed,1715,Snapchat,7.8,3,4,3,2,Mobile app,No,Friends/word-of-mouth,42
GZ002739,23,Female,South,Hispanic,Some college,Student,9337,Reddit,5.0,3,2,4,5,Social commerce,Yes,Social media,217
GZ002740,21,Male,West,White,Some college,Full-time,63411,YouTube,6.4,4,3,2,4,Website,No,Social media,600
GZ002741,20,Female,South,Hispanic,Some college,Full-time,64598,Snapchat,5.9,3,4,2,3,Website,Yes,Social media,1183
GZ002742,19,Female,South,Black,High school,Full-time,18461,TikTok,5.8,4,3,3,4,Website,Yes,Search,411
GZ002743,23,Female,South,White,High school,Part-time,12604,Snapchat,9.6,3,5,4,5,Mobile app,Yes,Ads,107
GZ002744,28,Female,South,Asian,Some college,Student,12453,TikTok,3.3,3,5,2,3,Website,Yes,Social media,181
GZ002745,20,Female,South,Black,Some college,Unemployed,5267,TikTok,6.0,1,4,3,4,Mobile app,No,Social media,56
GZ002746,22,Male,Midwest,Two+/Other,Bachelor's,Full-time,30372,YouTube,6.1,5,5,1,3,Mobile app,No,Search,453
GZ002747,20,Male,South,Black,High school,Part-time,14059,TikTok,7.3,3,3,4,3,Mobile app,No,Social media,339
GZ002748,26,Female,West,White,Bachelor's,Part-time,18666,TikTok,3.8,3,4,1,1,Social commerce,No,Social media,460
GZ002749,22,Female,South,Hispanic,High school,Part-time,3150,YouTube,5.4,3,5,2,3,In-store,Yes,Search,70
GZ002750,28,Male,Northeast,White,Graduate,Part-time,22255,TikTok,4.8,4,3,2,3,Mobile app,No,Search,248
GZ002751,20,Female,Midwest,Hispanic,Some college,Unemployed,5949,Reddit,1.5,3,5,2,4,Website,No,Search,139
GZ002752,18,Female,Northeast,White,Bachelor's,Part-time,14848,X,8.3,1,4,1,4,Website,Yes,Friends/word-of-mouth,348
GZ002753,24,Female,Northeast,Black,Bachelor's,Full-time,15176,YouTube,3.1,4,5,1,4,Website,No,Friends/word-of-mouth,140
GZ002754,25,Male,South,White,Some college,Student,14721,TikTok,2.8,3,5,2,4,Mobile app,No,Search,292
GZ002755,28,Male,Midwest,White,Some college,Full-time,46147,Instagram,7.9,4,4,4,1,Social commerce,Yes,Ads,867
GZ002756,27,Male,South,White,High school,Unemployed,5276,TikTok,5.3,5,4,4,3,Website,No,Search,115
GZ002757,27,Male,Northeast,Hispanic,High school,Unemployed,1621,YouTube,5.4,3,3,3,2,In-store,Yes,Social media,36
GZ002758,24,Female,West,White,High school,Full-time,17099,TikTok,5.4,4,4,2,2,In-store,Yes,Social media,166
GZ002759,21,Female,South,White,High school,Student,10677,Instagram,8.1,3,4,3,3,Social commerce,No,Social media,144
GZ002760,22,Female,Northeast,White,Some college,Gig/freelance,38022,TikTok,4.9,5,4,4,3,Mobile app,No,Friends/word-of-mouth,970
GZ002761,19,Male,Northeast,White,Some college,Part-time,8853,Other,7.2,4,4,2,4,Mobile app,No,Friends/word-of-mouth,169
GZ002762,22,Male,Northeast,Asian,High school,Part-time,17175,TikTok,3.7,4,4,2,4,Website,No,Social media,434
GZ002763,22,Female,South,White,Bachelor's,Unemployed,1142,Instagram,6.7,2,3,3,3,Website,Yes,Friends/word-of-mouth,15
GZ002764,18,Male,South,White,Some college,Full-time,28740,TikTok,7.8,4,4,3,3,Social commerce,No,Friends/word-of-mouth,801
GZ002765,20,Female,South,White,Some college,Part-time,15918,Instagram,8.8,5,3,1,5,Website,No,Social media,286
GZ002766,23,Female,West,White,Bachelor's,Full-time,51238,Reddit,2.9,3,2,2,5,In-store,No,Social media,946
GZ002767,22,Female,West,White,Graduate,Full-time,2200,TikTok,5.4,4,4,3,3,Website,No,Ads,31
GZ002768,28,Male,South,White,Bachelor's,Gig/freelance,41448,TikTok,9.2,4,4,1,3,Mobile app,No,Social media,1030
GZ002769,23,Male,Midwest,White,Bachelor's,Student,8309,TikTok,7.8,5,3,3,3,Mobile app,No,Influencer,189
GZ002770,28,Male,South,White,Some college,Student,14242,YouTube,5.6,4,4,3,4,Mobile app,No,Friends/word-of-mouth,375
GZ002771,25,Male,Midwest,White,Graduate,Full-time,55205,YouTube,6.0,4,4,1,5,Website,No,Friends/word-of-mouth,947
GZ002772,18,Male,Northeast,Hispanic,Some college,Gig/freelance,35971,Snapchat,6.6,4,3,2,3,Mobile app,No,Search,911
GZ002773,20,Male,West,White,High school,Full-time,80183,Snapchat,5.3,4,5,2,5,Mobile app,Yes,Social media,1403
GZ002774,25,Male,South,Hispanic,Some college,Part-time,11668,TikTok,7.1,4,3,1,4,In-store,No,Social media,171
GZ002775,23,Female,South,Hispanic,High school,Full-time,44559,Reddit,7.0,3,4,2,3,Mobile app,No,Social media,1287
GZ002776,21,Male,South,Black,High school,Part-time,9975,Snapchat,3.8,5,3,2,3,Website,Yes,Search,139
GZ002777,23,Male,Midwest,White,Bachelor's,Student,8586,YouTube,5.0,2,4,3,5,Website,Yes,Influencer,107
GZ002778,27,Male,West,Black,Bachelor's,Part-time,23832,Instagram,5.1,4,5,4,4,Mobile app,Yes,Social media,489
GZ002779,22,Female,South,Black,Graduate,Part-time,27131,YouTube,5.5,5,4,3,4,Mobile app,No,Social media,659
GZ002780,18,Male,Northeast,Two+/Other,Some college,Part-time,14903,YouTube,6.5,5,5,1,3,Website,No,Social media,167
GZ002781,21,Male,Midwest,Black,High school,Student,4120,Instagram,6.4,4,5,3,3,Website,No,Search,103
GZ002782,28,Female,Northeast,White,Graduate,Student,9296,TikTok,4.6,4,4,3,2,In-store,Yes,Friends/word-of-mouth,265
GZ002783,26,Non-binary,West,Asian,High school,Gig/freelance,16029,YouTube,8.7,3,5,1,4,Website,No,Influencer,304
GZ002784,27,Female,Northeast,Black,High school,Full-time,31078,Instagram,6.0,3,4,4,3,Website,Yes,Social media,884
GZ002785,28,Female,South,White,Some college,Full-time,54695,TikTok,8.9,4,5,2,2,Website,No,Friends/word-of-mouth,612
GZ002786,19,Female,South,White,High school,Full-time,51178,Reddit,8.9,4,4,2,3,Mobile app,No,Search,1035
GZ002787,21,Male,Northeast,Asian,Some college,Full-time,57766,TikTok,3.9,5,5,1,5,Mobile app,No,Ads,1545
GZ002788,18,Male,Northeast,White,Some college,Part-time,15268,TikTok,5.0,4,4,4,3,Mobile app,No,Friends/word-of-mouth,272
GZ002789,18,Female,West,Black,Some college,Full-time,61069,Instagram,5.2,4,3,3,4,Website,No,Social media,1559
GZ002790,27,Male,South,White,Bachelor's,Full-time,42271,YouTube,6.6,4,4,3,2,Website,Yes,Social media,928
GZ002791,28,Female,South,Hispanic,Some college,Full-time,36629,TikTok,7.5,4,3,1,3,Mobile app,Yes,Friends/word-of-mouth,503
GZ002792,19,Female,Midwest,White,Some college,Part-time,9099,YouTube,6.3,5,5,3,2,Website,No,Friends/word-of-mouth,246
GZ002793,25,Male,Northeast,Hispanic,Some college,Student,535,Instagram,4.9,3,5,3,4,Social commerce,No,Social media,8
GZ002794,23,Male,South,Hispanic,Some college,Part-time,5332,TikTok,9.3,4,3,2,2,Mobile app,No,Social media,49
GZ002795,18,Male,South,Asian,High school,Unemployed,4387,TikTok,5.1,4,3,1,4,In-store,No,Social media,57
GZ002796,28,Male,Midwest,White,Some college,Full-time,24847,Instagram,7.5,4,4,2,2,Website,No,Social media,620
GZ002797,27,Non-binary,Midwest,White,High school,Part-time,4673,Instagram,5.9,5,3,1,3,In-store,No,Social media,108
GZ002798,24,Female,West,White,High school,Full-time,34073,TikTok,5.9,2,3,2,5,Mobile app,No,Social media,758
GZ002799,25,Female,West,White,High school,Gig/freelance,29273,Instagram,7.3,5,3,3,5,Social commerce,No,Social media,297
GZ002800,22,Female,Northeast,Two+/Other,Some college,Full-time,49844,Instagram,9.1,4,5,2,3,Mobile app,No,Social media,1213
GZ002801,26,Male,South,White,Bachelor's,Unemployed,3948,Other,6.6,3,3,2,3,Website,No,Social media,83
GZ002802,22,Male,West,White,Some college,Student,8753,YouTube,5.0,3,3,1,4,In-store,No,Social media,96
GZ002803,28,Male,West,Black,Bachelor's,Student,6819,TikTok,9.0,3,5,2,5,In-store,Yes,Search,119
GZ002804,18,Female,West,White,Bachelor's,Part-time,23134,Instagram,7.0,4,5,2,3,Website,No,Friends/word-of-mouth,345
GZ002805,19,Female,Northeast,White,Some college,Part-time,16567,TikTok,6.3,3,5,1,3,In-store,No,Influencer,384
GZ002806,28,Male,West,Hispanic,Bachelor's,Full-time,40557,Instagram,8.1,5,4,3,2,In-store,No,Search,691
GZ002807,21,Prefer not to say,West,White,High school,Unemployed,5868,TikTok,6.6,4,5,3,3,In-store,Yes,Social media,132
GZ002808,21,Female,South,Black,High school,Gig/freelance,35265,Reddit,10.9,4,4,2,4,In-store,Yes,Social media,967
GZ002809,26,Female,Midwest,Hispanic,Bachelor's,Full-time,38506,Instagram,6.0,2,1,3,4,In-store,No,Search,664
GZ002810,20,Female,South,White,High school,Full-time,35818,Snapchat,8.3,2,3,1,4,Social commerce,No,Friends/word-of-mouth,952
GZ002811,23,Female,South,Hispanic,Graduate,Full-time,35671,YouTube,6.9,4,4,3,4,Social commerce,Yes,Social media,558
GZ002812,21,Female,West,Black,High school,Student,813,Instagram,6.9,4,4,3,2,Mobile app,No,Friends/word-of-mouth,12
GZ002813,20,Female,West,White,Some college,Part-time,26884,TikTok,5.3,5,4,1,2,Social commerce,Yes,Friends/word-of-mouth,311
GZ002814,28,Male,Northeast,Hispanic,High school,Student,6226,TikTok,5.3,1,5,2,4,In-store,No,Friends/word-of-mouth,146
GZ002815,20,Female,Midwest,White,Bachelor's,Full-time,58152,Snapchat,7.0,3,4,2,3,Website,No,Friends/word-of-mouth,1386
GZ002816,19,Female,Northeast,Hispanic,High school,Unemployed,4074,Reddit,4.3,5,3,5,2,Website,No,Social media,45
GZ002817,25,Female,South,Hispanic,High school,Full-time,68302,TikTok,4.8,3,4,5,4,Mobile app,Yes,Search,1890
GZ002818,27,Male,West,White,High school,Full-time,52007,Instagram,6.0,3,5,3,3,Website,Yes,Social media,842
GZ002819,19,Female,Northeast,White,Some college,Unemployed,5641,TikTok,8.5,2,4,2,3,Mobile app,No,Influencer,123
GZ002820,25,Female,West,White,High school,Student,6602,Instagram,6.2,5,3,3,5,Social commerce,No,Social media,173
GZ002821,23,Female,Midwest,Hispanic,Bachelor's,Part-time,7588,Reddit,6.1,3,5,3,5,Website,Yes,Friends/word-of-mouth,142
GZ002822,27,Male,West,Hispanic,Bachelor's,Gig/freelance,27726,TikTok,3.9,5,3,1,4,Mobile app,Yes,Influencer,739
GZ002823,19,Male,South,White,Some college,Full-time,5765,TikTok,9.4,5,3,1,4,In-store,No,Social media,139
GZ002824,28,Female,West,White,High school,Full-time,33155,YouTube,8.2,5,4,1,5,In-store,No,Social media,535
GZ002825,24,Female,South,Asian,Bachelor's,Full-time,19519,TikTok,8.4,4,3,3,4,Website,No,Social media,344
GZ002826,27,Female,South,White,Bachelor's,Full-time,26130,TikTok,3.1,3,4,3,3,Mobile app,No,Search,566
GZ002827,21,Male,South,White,High school,Student,11412,Instagram,6.7,3,4,3,3,Website,No,Social media,303
GZ002828,28,Male,South,White,Bachelor's,Part-time,22292,YouTube,4.1,5,4,3,3,In-store,No,Search,644
GZ002829,24,Female,South,Hispanic,High school,Part-time,16688,Other,7.5,3,3,2,4,Mobile app,No,Search,194
GZ002830,19,Female,Northeast,White,Some college,Student,10296,Reddit,6.6,5,4,2,2,Website,Yes,Social media,219
GZ002831,28,Male,West,Black,Bachelor's,Full-time,31780,Instagram,7.0,4,3,3,3,Mobile app,Yes,Friends/word-of-mouth,865
GZ002832,26,Male,Northeast,Hispanic,Some college,Full-time,87863,Snapchat,4.6,3,5,4,3,Website,No,Influencer,1234
GZ002833,21,Female,West,White,High school,Part-time,20436,Instagram,3.9,3,4,3,2,In-store,No,Influencer,383
GZ002834,24,Female,South,Hispanic,Some college,Student,6609,Instagram,4.7,5,5,2,3,In-store,Yes,Social media,151
GZ002835,22,Female,South,White,Bachelor's,Part-time,25090,TikTok,6.6,4,5,3,3,Website,No,Influencer,455
GZ002836,23,Male,Northeast,White,Bachelor's,Unemployed,6232,TikTok,5.5,3,4,4,4,Social commerce,No,Friends/word-of-mouth,74
GZ002837,28,Male,West,Hispanic,High school,Gig/freelance,16941,Instagram,6.5,3,3,2,3,Social commerce,No,Ads,208
GZ002838,27,Male,Northeast,White,Bachelor's,Gig/freelance,9402,Other,4.0,4,5,2,4,In-store,No,Social media,194
GZ002839,20,Male,South,Black,Some college,Student,4057,YouTube,6.0,3,3,2,2,Website,No,Search,117
GZ002840,28,Female,Midwest,Hispanic,Some college,Student,6286,X,8.8,4,3,3,2,Mobile app,No,Search,67
GZ002841,22,Female,Midwest,White,Bachelor's,Gig/freelance,25365,TikTok,6.7,5,5,2,1,In-store,Yes,Influencer,470
GZ002842,25,Female,Northeast,Two+/Other,High school,Student,2402,TikTok,6.8,4,4,3,4,In-store,Yes,Social media,24
GZ002843,26,Male,South,Hispanic,High school,Part-time,14612,Other,6.8,5,3,1,3,Website,No,Search,352
GZ002844,23,Male,Northeast,White,High school,Full-time,38069,TikTok,5.0,3,4,2,4,Social commerce,No,Search,959
GZ002845,23,Female,West,Hispanic,Some college,Gig/freelance,29800,Instagram,9.3,4,3,2,4,Mobile app,Yes,Ads,684
GZ002846,23,Female,Northeast,Asian,High school,Part-time,22955,TikTok,6.7,5,5,4,4,Social commerce,No,Influencer,508
GZ002847,27,Male,West,White,High school,Gig/freelance,30698,Reddit,6.4,5,5,3,5,Social commerce,Yes,Ads,782
GZ002848,22,Male,West,White,Graduate,Unemployed,7225,TikTok,7.4,5,3,2,3,Website,No,Friends/word-of-mouth,168
GZ002849,21,Male,South,White,High school,Part-time,26862,Reddit,7.9,4,4,2,3,Social commerce,Yes,Social media,565
GZ002850,21,Female,Midwest,White,High school,Part-time,19797,TikTok,3.5,5,5,2,4,Mobile app,No,Friends/word-of-mouth,460
GZ002851,20,Male,South,White,Some college,Full-time,23657,TikTok,6.1,3,3,1,5,Mobile app,No,Influencer,250
GZ002852,22,Male,West,Hispanic,High school,Part-time,12528,Snapchat,10.5,5,3,4,3,Mobile app,No,Social media,194
GZ002853,19,Male,West,Black,High school,Student,3213,Instagram,9.3,3,4,2,3,Mobile app,Yes,Search,70
GZ002854,18,Male,Midwest,Hispanic,High school,Full-time,44898,TikTok,5.8,5,3,4,1,Mobile app,Yes,Social media,1120
GZ002855,25,Male,West,White,Some college,Part-time,20684,YouTube,7.5,5,5,2,1,Mobile app,No,Social media,262
GZ002856,18,Male,Midwest,White,High school,Part-time,25232,TikTok,5.3,5,3,2,5,Mobile app,Yes,Social media,384
GZ002857,24,Male,West,White,Some college,Full-time,47052,TikTok,6.7,5,4,2,3,In-store,Yes,Search,828
GZ002858,26,Female,Midwest,White,Some college,Full-time,61920,TikTok,5.1,5,4,4,2,Mobile app,No,Search,1693
GZ002859,25,Female,Midwest,Hispanic,Bachelor's,Full-time,62308,Instagram,5.0,2,5,1,3,Website,No,Social media,997
GZ002860,22,Male,Midwest,White,High school,Gig/freelance,13971,TikTok,4.8,4,4,3,5,In-store,Yes,Friends/word-of-mouth,157
GZ002861,20,Male,Midwest,Black,High school,Full-time,32208,Snapchat,9.4,2,5,2,3,In-store,No,Social media,852
GZ002862,28,Female,West,White,Some college,Full-time,41791,YouTube,5.0,4,4,3,5,Social commerce,No,Influencer,694
GZ002863,27,Female,South,Hispanic,High school,Part-time,12280,TikTok,8.3,3,4,2,2,In-store,No,Social media,323
GZ002864,24,Male,Midwest,Black,Some college,Student,8014,Instagram,5.1,4,5,2,5,Website,No,Friends/word-of-mouth,80
GZ002865,18,Male,South,Hispanic,High school,Student,10220,Instagram,4.9,3,5,3,3,Mobile app,Yes,Search,286
GZ002866,18,Male,South,Black,Some college,Part-time,17003,YouTube,6.8,3,4,1,3,Mobile app,Yes,Social media,479
GZ002867,21,Female,Midwest,Black,High school,Student,9001,Instagram,3.4,4,5,4,2,In-store,Yes,Search,128
GZ002868,19,Male,West,Hispanic,High school,Student,5182,YouTube,7.3,5,5,2,3,Social commerce,Yes,Social media,47
GZ002869,27,Male,West,White,Some college,Gig/freelance,31925,TikTok,5.7,4,3,2,4,Website,No,Social media,532
GZ002870,20,Female,Northeast,White,High school,Student,10754,Instagram,4.9,5,4,3,3,Social commerce,No,Friends/word-of-mouth,141
GZ002871,21,Female,South,Black,Some college,Student,5911,TikTok,4.5,3,4,2,4,Social commerce,Yes,Search,144
GZ002872,28,Prefer not to say,South,White,High school,Full-time,17558,X,9.9,4,3,2,3,Social commerce,No,Influencer,162
GZ002873,27,Female,South,Asian,High school,Part-time,27964,Instagram,5.9,4,4,2,3,In-store,No,Search,300
GZ002874,20,Male,South,White,Some college,Gig/freelance,46453,YouTube,5.8,3,4,4,3,Social commerce,Yes,Ads,1025
GZ002875,22,Male,Midwest,Hispanic,High school,Full-time,46436,Instagram,7.7,5,4,3,5,Website,No,Social media,1175
GZ002876,23,Male,Midwest,White,Some college,Full-time,35164,TikTok,4.3,3,4,1,4,Website,No,Influencer,317
GZ002877,25,Female,West,Asian,Some college,Student,13237,TikTok,8.3,2,3,3,4,Mobile app,Yes,Social media,180
GZ002878,28,Male,South,White,Graduate,Gig/freelance,31503,TikTok,5.9,4,5,3,3,Social commerce,Yes,Social media,662
GZ002879,27,Female,West,White,Some college,Full-time,38017,YouTube,3.2,3,4,1,3,Mobile app,Yes,Search,539
GZ002880,28,Male,South,Black,High school,Gig/freelance,37326,YouTube,4.9,5,5,1,2,Mobile app,No,Friends/word-of-mouth,817
GZ002881,18,Female,Midwest,White,Some college,Full-time,26697,TikTok,3.8,2,4,4,5,In-store,Yes,Search,566
GZ002882,20,Male,West,White,Some college,Gig/freelance,17917,Instagram,6.2,4,5,2,2,Mobile app,No,Social media,338
GZ002883,24,Male,South,Black,High school,Gig/freelance,30254,Instagram,4.4,4,3,2,3,Website,No,Search,745
GZ002884,18,Female,Midwest,Black,Some college,Student,9462,Instagram,4.2,4,4,2,4,Social commerce,No,Search,92
GZ002885,21,Female,Midwest,White,Some college,Unemployed,5147,TikTok,6.6,5,4,2,2,In-store,Yes,Social media,54
GZ002886,19,Male,South,Hispanic,Bachelor's,Unemployed,6147,Reddit,6.1,4,3,1,4,Mobile app,Yes,Social media,67
GZ002887,28,Female,Midwest,White,Bachelor's,Unemployed,1205,Instagram,8.4,4,4,1,3,Mobile app,No,Friends/word-of-mouth,34
GZ002888,18,Female,West,White,High school,Part-time,18315,Instagram,8.3,4,4,2,3,Website,Yes,Search,257
GZ002889,19,Female,South,Hispanic,High school,Part-time,33398,YouTube,6.1,4,3,2,3,Mobile app,Yes,Search,552
GZ002890,20,Male,South,White,Some college,Full-time,30725,Snapchat,7.0,2,4,2,1,Mobile app,Yes,Search,428
GZ002891,19,Male,Midwest,White,Some college,Full-time,28491,Instagram,3.2,3,4,1,4,Mobile app,No,Search,675
GZ002892,24,Female,Northeast,White,Bachelor's,Student,0,TikTok,7.4,3,5,2,2,Mobile app,No,Social media,0
GZ002893,22,Non-binary,West,Black,High school,Full-time,43923,TikTok,6.8,3,3,3,3,Social commerce,No,Friends/word-of-mouth,885
GZ002894,28,Female,West,Hispanic,Some college,Unemployed,5045,TikTok,7.9,3,3,2,3,Mobile app,No,Influencer,53
GZ002895,20,Female,Midwest,White,Bachelor's,Full-time,52934,YouTube,5.4,4,3,2,4,Website,No,Social media,1338
GZ002896,23,Female,West,Asian,Some college,Full-time,22399,YouTube,5.4,3,5,4,4,In-store,No,Friends/word-of-mouth,632
GZ002897,25,Female,South,Black,Some college,Full-time,41835,TikTok,5.4,5,3,2,4,Mobile app,No,Social media,658
GZ002898,24,Female,West,White,Bachelor's,Full-time,46187,TikTok,8.9,5,5,5,1,Mobile app,Yes,Friends/word-of-mouth,479
GZ002899,26,Male,Northeast,Two+/Other,Some college,Full-time,42984,YouTube,6.6,1,4,3,4,Mobile app,Yes,Search,671
GZ002900,20,Female,Midwest,White,Some college,Student,4566,Instagram,3.0,2,4,2,3,Social commerce,Yes,Social media,53
GZ002901,23,Male,Northeast,White,Some college,Full-time,43461,Snapchat,7.3,1,5,2,3,Mobile app,Yes,Social media,1168
GZ002902,26,Female,South,White,Bachelor's,Gig/freelance,16469,YouTube,5.1,3,3,4,4,In-store,No,Social media,468
GZ002903,27,Female,West,White,Some college,Part-time,2837,TikTok,8.2,3,4,2,4,In-store,Yes,Social media,41
GZ002904,24,Female,West,Hispanic,Bachelor's,Student,11759,YouTube,7.1,4,4,2,3,Website,No,Social media,284
GZ002905,25,Male,South,Hispanic,Some college,Student,9567,Instagram,8.5,5,4,4,5,In-store,No,Ads,231
GZ002906,27,Male,South,Black,Some college,Full-time,53186,Instagram,8.1,4,3,2,5,Mobile app,No,Ads,1304
GZ002907,24,Female,Midwest,White,Bachelor's,Full-time,31898,Instagram,7.9,3,5,2,4,Mobile app,Yes,Social media,326
GZ002908,28,Female,Midwest,White,Graduate,Gig/freelance,33330,Snapchat,8.3,4,4,2,2,Website,No,Social media,867
GZ002909,19,Female,Midwest,White,Some college,Student,13139,TikTok,7.6,3,4,1,5,Mobile app,No,Search,230
GZ002910,21,Male,South,White,High school,Full-time,75150,TikTok,4.6,2,4,3,4,Social commerce,Yes,Friends/word-of-mouth,1912
GZ002911,19,Female,West,Asian,High school,Student,12296,TikTok,3.7,5,1,2,4,Website,Yes,Social media,188
GZ002912,18,Male,South,Hispanic,High school,Full-time,49272,Snapchat,4.3,4,5,3,4,Mobile app,Yes,Social media,1352
GZ002913,23,Female,South,Black,Bachelor's,Full-time,15920,YouTube,7.5,5,5,2,4,Mobile app,Yes,Search,206
GZ002914,20,Female,West,Hispanic,Bachelor's,Full-time,39986,TikTok,1.6,2,4,2,4,Website,Yes,Social media,484
GZ002915,22,Male,South,White,Bachelor's,Student,3238,TikTok,6.0,2,3,2,3,Social commerce,No,Search,27
GZ002916,22,Female,Northeast,White,Bachelor's,Part-time,11367,TikTok,5.5,3,3,3,2,Mobile app,Yes,Influencer,162
GZ002917,24,Female,West,White,Some college,Student,16917,YouTube,8.4,4,5,1,4,Mobile app,No,Ads,290
GZ002918,28,Male,South,Black,Some college,Full-time,22664,Instagram,5.8,5,4,3,3,In-store,No,Search,551
GZ002919,27,Female,South,White,Some college,Full-time,0,YouTube,5.3,4,4,2,2,Website,Yes,Social media,0
GZ002920,22,Female,Midwest,White,Bachelor's,Full-time,57368,YouTube,8.6,4,4,1,3,In-store,No,Friends/word-of-mouth,747
GZ002921,21,Female,South,Hispanic,Some college,Part-time,12548,Snapchat,5.8,5,4,2,3,Website,No,Influencer,261
GZ002922,26,Male,South,White,Bachelor's,Gig/freelance,34985,Instagram,5.5,3,3,2,4,Mobile app,No,Search,850
GZ002923,19,Male,West,Hispanic,Some college,Student,4260,Snapchat,5.0,5,4,2,4,Website,No,Influencer,96
GZ002924,23,Female,South,White,Some college,Full-time,33950,Instagram,6.6,5,5,4,3,In-store,Yes,Search,825
GZ002925,22,Male,West,White,High school,Full-time,64602,YouTube,5.3,3,3,3,4,Mobile app,Yes,Search,1583
GZ002926,20,Male,West,White,Some college,Full-time,17013,Instagram,5.3,3,4,2,3,Website,Yes,Search,200
GZ002927,24,Male,South,Black,Bachelor's,Gig/freelance,24019,Reddit,8.9,2,5,2,4,Mobile app,No,Search,342
GZ002928,21,Male,Midwest,Hispanic,Some college,Part-time,20359,Instagram,6.1,3,5,2,4,Mobile app,No,Social media,550
GZ002929,20,Male,West,White,Some college,Gig/freelance,17584,YouTube,5.1,4,4,2,4,Mobile app,No,Influencer,413
GZ002930,25,Male,West,Black,Some college,Part-time,19959,YouTube,4.0,2,4,1,3,In-store,No,Ads,565
GZ002931,19,Female,South,Black,High school,Student,9063,Other,6.4,3,4,3,4,Social commerce,Yes,Search,258
GZ002932,25,Female,Midwest,Hispanic,High school,Student,11164,TikTok,4.9,5,4,4,4,In-store,No,Friends/word-of-mouth,93
GZ002933,19,Male,South,Asian,Some college,Student,16460,YouTube,5.3,4,5,2,4,Website,No,Social media,340
GZ002934,22,Female,West,Black,Bachelor's,Part-time,39669,TikTok,4.3,4,4,3,4,In-store,Yes,Friends/word-of-mouth,990
GZ002935,26,Male,South,White,Bachelor's,Full-time,50756,Reddit,6.4,2,3,2,3,Mobile app,No,Social media,1109
GZ002936,20,Female,Northeast,White,Some college,Part-time,17105,Snapchat,3.4,4,3,2,2,Mobile app,No,Social media,166
GZ002937,26,Male,South,White,High school,Unemployed,4793,YouTube,6.8,5,3,1,4,Mobile app,No,Search,107
GZ002938,25,Female,Northeast,White,Some college,Full-time,37610,Instagram,4.9,3,3,1,4,Website,No,Social media,682
GZ002939,27,Male,Northeast,Asian,High school,Student,2571,YouTube,7.4,3,3,1,2,Website,No,Social media,52
GZ002940,19,Female,West,Hispanic,High school,Unemployed,3916,Instagram,7.0,4,3,2,4,Mobile app,No,Social media,97
GZ002941,25,Female,South,White,High school,Student,13382,TikTok,6.2,3,4,1,4,Website,No,Search,158
GZ002942,28,Male,West,Asian,High school,Part-time,6135,Snapchat,7.7,4,3,1,3,Social commerce,Yes,Search,96
GZ002943,26,Male,Northeast,Hispanic,Some college,Full-time,23391,Instagram,9.1,2,5,1,4,Website,No,Friends/word-of-mouth,219
GZ002944,20,Male,West,White,Some college,Student,6643,TikTok,8.5,1,5,2,4,Website,Yes,Social media,134
GZ002945,27,Male,West,Asian,Some college,Unemployed,4670,YouTube,3.4,4,5,2,5,Mobile app,Yes,Search,47
GZ002946,19,Female,South,White,High school,Unemployed,8278,TikTok,4.8,3,4,2,3,Mobile app,No,Social media,112
GZ002947,24,Male,Northeast,Hispanic,Bachelor's,Full-time,26703,YouTube,5.0,3,4,3,3,Mobile app,Yes,Friends/word-of-mouth,640
GZ002948,23,Female,South,White,Some college,Unemployed,4164,Instagram,7.3,5,3,1,4,Mobile app,No,Influencer,44
GZ002949,23,Male,South,Asian,High school,Part-time,18046,YouTube,5.0,4,3,2,2,Website,No,Ads,280
GZ002950,23,Female,South,White,Some college,Student,7779,TikTok,4.9,2,4,4,4,Social commerce,No,Search,186
GZ002951,18,Female,West,White,Some college,Full-time,41098,YouTube,4.5,4,3,2,2,Mobile app,No,Influencer,1002
GZ002952,23,Male,Northeast,Hispanic,High school,Full-time,33216,YouTube,6.6,3,3,2,2,Mobile app,No,Search,795
GZ002953,28,Male,Midwest,Black,Some college,Student,20109,YouTube,7.3,4,4,3,5,Mobile app,No,Social media,418
GZ002954,22,Female,South,White,High school,Part-time,24072,Instagram,3.6,4,3,1,1,Mobile app,No,Influencer,550
GZ002955,21,Male,South,White,High school,Unemployed,3178,YouTube,5.0,2,5,2,5,Website,Yes,Social media,70
GZ002956,28,Male,Midwest,Asian,Bachelor's,Full-time,64369,Instagram,2.2,3,5,2,5,In-store,No,Search,1269
GZ002957,19,Female,West,Black,Bachelor's,Gig/freelance,29003,TikTok,1.2,1,3,2,4,In-store,No,Influencer,475
GZ002958,23,Male,South,White,High school,Part-time,18469,TikTok,7.0,4,5,1,4,Mobile app,Yes,Social media,196
GZ002959,23,Female,West,White,Some college,Full-time,38559,Instagram,6.6,4,4,3,2,In-store,No,Social media,989
GZ002960,23,Female,Midwest,White,Graduate,Full-time,37274,Snapchat,6.3,3,4,4,3,Mobile app,Yes,Social media,697
GZ002961,28,Male,Northeast,Hispanic,High school,Student,4059,TikTok,9.2,4,2,1,4,Mobile app,Yes,Search,100
GZ002962,22,Female,Midwest,Hispanic,Bachelor's,Gig/freelance,6418,YouTube,2.6,3,2,3,4,Social commerce,No,Search,116
GZ002963,28,Female,South,Black,High school,Full-time,49006,YouTube,1.8,5,5,2,4,Social commerce,No,Search,1061
GZ002964,18,Male,Midwest,White,High school,Part-time,16444,Instagram,3.8,2,5,2,4,Mobile app,No,Social media,473
GZ002965,26,Female,South,Black,High school,Part-time,25107,TikTok,1.8,3,5,3,3,In-store,Yes,Search,258
GZ002966,24,Male,Northeast,White,Some college,Student,5395,Instagram,4.8,2,5,4,2,Website,No,Influencer,77
GZ002967,20,Male,West,Black,Some college,Student,4553,Instagram,7.2,4,5,3,4,Social commerce,Yes,Ads,62
GZ002968,20,Female,South,White,High school,Gig/freelance,35081,TikTok,6.6,5,4,3,2,Mobile app,No,Social media,946
GZ002969,25,Male,West,White,High school,Full-time,36418,Snapchat,8.1,2,5,2,3,Mobile app,Yes,Search,397
GZ002970,25,Female,South,White,Bachelor's,Full-time,58173,X,6.7,4,3,3,5,In-store,Yes,Influencer,1501
GZ002971,24,Male,South,White,Bachelor's,Full-time,42632,TikTok,5.2,5,4,2,2,Mobile app,No,Search,448
GZ002972,18,Female,West,White,Bachelor's,Unemployed,7379,TikTok,4.9,4,5,2,3,In-store,No,Influencer,212
GZ002973,24,Male,Midwest,Hispanic,High school,Student,12060,YouTube,6.9,3,5,2,4,Mobile app,No,Friends/word-of-mouth,136
GZ002974,28,Female,Northeast,Black,High school,Full-time,49744,X,2.9,4,4,2,4,In-store,No,Social media,453
GZ002975,18,Male,West,Hispanic,Some college,Student,12239,X,0.5,3,2,1,4,Mobile app,Yes,Search,335
GZ002976,23,Female,South,Hispanic,High school,Student,7894,X,6.8,5,2,1,3,In-store,No,Search,218
GZ002977,23,Female,West,White,Some college,Part-time,4692,Instagram,6.5,5,4,3,5,Mobile app,Yes,Social media,83
GZ002978,27,Female,West,Black,High school,Full-time,48821,Other,9.1,5,3,4,2,Mobile app,Yes,Social media,1036
GZ002979,21,Male,South,White,Some college,Student,16863,Instagram,7.4,5,5,1,4,Mobile app,Yes,Influencer,208
GZ002980,23,Prefer not to say,Northeast,White,Some college,Student,0,TikTok,6.6,5,3,2,4,In-store,No,Friends/word-of-mouth,0
GZ002981,25,Female,Northeast,White,Some college,Full-time,50866,YouTube,5.4,4,5,2,3,Mobile app,No,Social media,1313
GZ002982,18,Female,South,White,High school,Full-time,12984,Instagram,4.4,4,3,3,3,Mobile app,Yes,Friends/word-of-mouth,348
GZ002983,26,Female,Midwest,Hispanic,High school,Full-time,41559,Snapchat,5.4,5,5,2,5,Social commerce,No,Friends/word-of-mouth,1078
GZ002984,27,Female,Midwest,White,High school,Student,9321,YouTube,7.9,3,2,3,2,Mobile app,Yes,Social media,185
GZ002985,25,Male,South,White,High school,Full-time,56115,Snapchat,6.9,4,5,1,2,Mobile app,No,Friends/word-of-mouth,855
GZ002986,25,Male,Midwest,Black,High school,Full-time,45972,Instagram,7.9,3,3,3,3,In-store,No,Influencer,1334
GZ002987,26,Male,South,White,Bachelor's,Part-time,29125,TikTok,6.2,2,4,2,4,Mobile app,Yes,Influencer,484
GZ002988,26,Female,South,Hispanic,High school,Unemployed,6099,YouTube,4.2,3,5,2,5,In-store,No,Social media,174
GZ002989,27,Female,Northeast,White,Some college,Part-time,16406,Instagram,8.3,3,5,3,3,Website,Yes,Social media,216
GZ002990,22,Male,Midwest,Black,Some college,Part-time,26864,TikTok,8.1,3,3,2,2,Social commerce,No,Social media,559
GZ002991,23,Female,South,Hispanic,Bachelor's,Part-time,15466,Instagram,6.4,4,3,2,3,Mobile app,No,Friends/word-of-mouth,306
GZ002992,25,Male,West,White,Bachelor's,Student,7036,Snapchat,7.1,4,2,4,4,Website,Yes,Search,97
GZ002993,20,Female,Northeast,Black,High school,Gig/freelance,11908,Reddit,7.0,5,2,2,4,Social commerce,No,Friends/word-of-mouth,163
GZ002994,27,Female,West,White,High school,Unemployed,6361,Snapchat,5.1,4,3,4,4,In-store,No,Friends/word-of-mouth,156
GZ002995,26,Male,Northeast,White,High school,Part-time,15569,YouTube,5.5,4,3,1,2,Mobile app,Yes,Social media,237
GZ002996,24,Female,Northeast,Hispanic,High school,Part-time,0,Snapchat,4.2,3,2,2,2,Mobile app,No,Ads,0
GZ002997,21,Male,South,Hispanic,Some college,Full-time,52245,TikTok,5.5,5,4,1,3,Website,No,Search,1008
GZ002998,21,Female,Midwest,White,Some college,Student,7242,Instagram,8.1,3,4,1,5,Website,Yes,Ads,88
GZ002999,22,Female,Midwest,White,Some college,Student,7790,YouTube,7.7,5,4,2,3,Mobile app,No,Social media,110
GZ003000,25,Female,Midwest,White,Bachelor's,Part-time,16104,X,7.1,3,3,3,4,In-store,No,Social media,242
GZ003001,26,Female,South,Hispanic,Graduate,Part-time,15273,TikTok,7.9,3,3,2,4,Mobile app,No,Search,213
GZ003002,25,Male,South,Asian,Bachelor's,Full-time,93554,Other,5.3,5,4,1,2,Social commerce,No,Ads,977
GZ003003,28,Female,South,White,Some college,Student,15733,YouTube,3.7,4,5,3,3,In-store,No,Social media,133
GZ003004,28,Male,West,Two+/Other,Bachelor's,Full-time,55214,TikTok,5.7,2,3,1,3,Website,Yes,Search,1380
GZ003005,25,Male,Midwest,White,Some college,Part-time,19954,Instagram,5.8,3,2,4,3,In-store,Yes,Social media,276
GZ003006,22,Female,Midwest,Black,High school,Full-time,63333,TikTok,7.4,5,4,1,4,Mobile app,No,Social media,1713
GZ003007,24,Female,West,Asian,Some college,Full-time,46605,YouTube,7.0,4,4,2,3,Mobile app,No,Search,414
GZ003008,22,Female,South,Hispanic,Bachelor's,Full-time,57419,Instagram,8.0,3,2,4,4,Social commerce,Yes,Social media,1416
GZ003009,24,Male,South,White,Bachelor's,Student,11260,Snapchat,2.0,3,4,2,3,Social commerce,No,Social media,163
GZ003010,26,Male,Midwest,White,Some college,Student,9519,Instagram,4.4,3,3,3,3,Mobile app,Yes,Friends/word-of-mouth,212
GZ003011,22,Female,West,White,Bachelor's,Part-time,25616,Snapchat,5.8,5,4,2,4,Social commerce,Yes,Friends/word-of-mouth,583
GZ003012,23,Male,Midwest,Hispanic,Some college,Part-time,14596,Instagram,7.0,3,4,2,3,Mobile app,Yes,Social media,187
GZ003013,18,Female,South,Two+/Other,Some college,Gig/freelance,26683,Snapchat,10.2,3,3,1,3,In-store,No,Social media,334
GZ003014,26,Female,West,White,Some college,Gig/freelance,14540,Reddit,4.0,4,5,3,3,Social commerce,Yes,Search,378
GZ003015,23,Female,Northeast,White,High school,Student,5500,YouTube,4.6,3,4,4,4,Mobile app,Yes,Influencer,71
GZ003016,23,Non-binary,South,White,Some college,Student,0,TikTok,5.2,3,4,1,4,Mobile app,No,Social media,0
GZ003017,23,Female,South,Hispanic,Bachelor's,Gig/freelance,31341,Other,4.5,4,4,1,1,Website,Yes,Social media,711
GZ003018,20,Female,Midwest,Hispanic,Bachelor's,Student,11962,Snapchat,4.2,4,4,2,3,Website,Yes,Social media,153
GZ003019,24,Female,West,White,High school,Full-time,62514,Snapchat,6.1,3,3,1,3,Website,Yes,Social media,1463
GZ003020,26,Male,Northeast,Hispanic,High school,Part-time,9070,TikTok,8.0,4,2,3,4,In-store,No,Search,162
GZ003021,21,Female,Northeast,White,Bachelor's,Full-time,50314,Snapchat,6.2,4,5,2,1,Social commerce,Yes,Social media,798
GZ003022,19,Female,Midwest,Hispanic,High school,Gig/freelance,25991,TikTok,4.3,2,4,2,4,Mobile app,No,Search,249
GZ003023,22,Female,South,White,Some college,Student,11987,Instagram,5.6,4,3,4,4,Social commerce,Yes,Social media,173
GZ003024,20,Male,West,White,High school,Unemployed,2827,YouTube,3.9,3,5,1,4,Mobile app,No,Social media,38
GZ003025,22,Female,Northeast,Hispanic,High school,Full-time,35644,Instagram,8.0,5,5,3,3,Social commerce,No,Friends/word-of-mouth,851
GZ003026,24,Male,West,Hispanic,High school,Part-time,5416,TikTok,8.9,5,2,2,2,In-store,No,Friends/word-of-mouth,101
GZ003027,19,Female,Northeast,White,Some college,Student,6096,Instagram,2.8,4,4,2,3,In-store,No,Influencer,166
GZ003028,26,Female,Midwest,Black,Some college,Gig/freelance,26036,TikTok,6.5,3,5,1,5,Social commerce,No,Search,261
GZ003029,20,Male,South,White,High school,Gig/freelance,28037,YouTube,4.4,5,2,2,3,Mobile app,Yes,Ads,531
GZ003030,27,Male,West,White,High school,Full-time,10136,TikTok,6.1,3,2,2,5,In-store,No,Social media,135
GZ003031,26,Female,Midwest,Asian,High school,Unemployed,3079,Instagram,5.8,5,5,2,4,Mobile app,No,Search,55
GZ003032,20,Male,South,Asian,High school,Unemployed,4288,YouTube,3.3,3,4,3,3,Mobile app,Yes,Search,53
GZ003033,24,Male,South,White,High school,Unemployed,6534,Other,8.4,3,3,1,4,Website,Yes,Friends/word-of-mouth,96
GZ003034,19,Female,Midwest,Asian,High school,Student,5577,Instagram,5.7,5,2,1,4,Website,Yes,Social media,125
GZ003035,19,Male,South,Black,High school,Gig/freelance,31733,Instagram,5.1,4,4,1,3,In-store,No,Social media,806
GZ003036,28,Male,South,White,Some college,Full-time,31386,Other,6.2,5,3,2,3,Website,No,Search,624
GZ003037,26,Female,Midwest,Hispanic,Some college,Full-time,33574,Reddit,4.3,4,3,3,5,Mobile app,No,Friends/word-of-mouth,502
GZ003038,19,Male,Midwest,White,Some college,Full-time,25413,YouTube,5.6,4,3,1,5,Mobile app,Yes,Friends/word-of-mouth,404
GZ003039,21,Female,West,Hispanic,Some college,Part-time,9540,Instagram,2.3,1,4,1,3,Social commerce,No,Friends/word-of-mouth,181
GZ003040,20,Female,Northeast,Asian,High school,Unemployed,3145,TikTok,1.3,5,3,4,3,In-store,Yes,Friends/word-of-mouth,62
GZ003041,22,Male,Northeast,White,High school,Student,13244,YouTube,4.1,4,3,4,2,Website,No,Social media,336
GZ003042,21,Male,West,White,High school,Part-time,11884,Snapchat,4.9,4,5,4,5,Mobile app,No,Friends/word-of-mouth,335
GZ003043,21,Male,South,White,Some college,Gig/freelance,15344,Other,2.5,4,4,3,4,In-store,No,Search,191
GZ003044,23,Male,Midwest,Hispanic,High school,Student,9846,TikTok,5.0,4,4,3,5,Mobile app,No,Social media,271
GZ003045,20,Male,South,Black,High school,Part-time,18042,TikTok,4.9,3,4,2,3,Social commerce,Yes,Social media,367
GZ003046,27,Female,Northeast,White,Bachelor's,Student,8723,Reddit,5.9,4,3,1,3,Website,Yes,Social media,137
GZ003047,26,Non-binary,West,Hispanic,Some college,Part-time,20057,Reddit,7.2,4,4,1,2,In-store,Yes,Social media,245
GZ003048,26,Male,West,White,Bachelor's,Student,4911,YouTube,9.4,4,4,2,1,Mobile app,Yes,Social media,107
GZ003049,19,Male,West,Hispanic,Some college,Gig/freelance,15482,TikTok,6.9,3,3,3,3,Mobile app,No,Influencer,347
GZ003050,25,Female,West,Hispanic,Some college,Part-time,25988,YouTube,4.0,3,5,2,4,Mobile app,No,Search,703
GZ003051,27,Female,Northeast,Hispanic,High school,Part-time,16817,Instagram,7.3,3,4,3,4,Website,No,Social media,254
GZ003052,19,Female,South,White,Some college,Student,11415,Instagram,8.8,3,4,2,3,In-store,No,Friends/word-of-mouth,223
GZ003053,26,Female,Northeast,Hispanic,Some college,Gig/freelance,40321,TikTok,3.8,3,5,3,4,Website,Yes,Social media,873
GZ003054,21,Female,South,Hispanic,Some college,Part-time,24850,TikTok,3.9,4,4,3,3,In-store,Yes,Social media,609
GZ003055,26,Male,Midwest,Hispanic,Some college,Gig/freelance,9973,Instagram,3.2,3,3,4,4,Mobile app,Yes,Social media,260
GZ003056,23,Male,Northeast,Hispanic,Some college,Student,8528,TikTok,4.9,3,4,3,4,Social commerce,No,Social media,201
GZ003057,26,Female,West,Black,Bachelor's,Full-time,61671,Instagram,6.7,4,4,4,4,Website,No,Social media,898
GZ003058,19,Female,South,White,Some college,Part-time,22234,TikTok,9.0,4,3,2,3,Mobile app,No,Friends/word-of-mouth,418
GZ003059,22,Male,Midwest,White,High school,Full-time,45476,Instagram,7.8,4,2,4,3,Website,Yes,Search,882
GZ003060,21,Female,Northeast,Two+/Other,High school,Full-time,11012,X,6.8,3,4,3,2,Website,No,Search,316
GZ003061,20,Male,South,White,Bachelor's,Full-time,30347,YouTube,6.1,3,5,1,1,In-store,Yes,Social media,592
GZ003062,21,Female,West,Asian,Some college,Student,9280,TikTok,6.8,2,5,4,4,Mobile app,Yes,Search,85
GZ003063,22,Female,Midwest,Hispanic,Some college,Student,3225,YouTube,6.9,3,4,1,2,Website,No,Friends/word-of-mouth,77
GZ003064,19,Female,South,Asian,Bachelor's,Part-time,24428,TikTok,8.6,3,5,2,3,In-store,No,Social media,404
GZ003065,25,Male,Midwest,Hispanic,Some college,Part-time,17047,Instagram,6.0,4,4,3,4,Social commerce,No,Social media,325
GZ003066,24,Female,West,Black,Some college,Part-time,1964,TikTok,6.5,4,4,2,2,Mobile app,Yes,Social media,46
GZ003067,27,Male,South,Hispanic,High school,Gig/freelance,19370,X,5.2,3,4,2,3,Website,Yes,Social media,550
GZ003068,25,Female,Northeast,Hispanic,Some college,Unemployed,3484,TikTok,6.2,1,3,3,4,Mobile app,No,Search,87
GZ003069,19,Female,South,White,Some college,Student,8474,Reddit,5.5,4,3,1,3,Mobile app,No,Social media,115
GZ003070,18,Male,Northeast,White,Bachelor's,Full-time,68830,YouTube,3.6,5,3,2,4,Website,No,Social media,884
GZ003071,22,Female,West,White,Bachelor's,Unemployed,5041,Instagram,7.7,5,4,2,3,Mobile app,No,Search,144
GZ003072,23,Female,West,Asian,High school,Gig/freelance,10024,Reddit,9.0,3,5,3,3,Website,No,Friends/word-of-mouth,128
GZ003073,20,Male,West,White,Some college,Full-time,13848,Instagram,5.9,5,3,4,3,Mobile app,No,Social media,155
GZ003074,26,Male,West,Hispanic,Bachelor's,Part-time,15838,YouTube,6.7,4,3,1,3,In-store,No,Social media,427
GZ003075,24,Female,Midwest,White,Some college,Full-time,44385,Snapchat,7.7,4,5,2,3,In-store,No,Friends/word-of-mouth,781
GZ003076,26,Female,Midwest,White,High school,Student,13019,TikTok,5.7,3,4,2,2,Mobile app,No,Social media,121
GZ003077,19,Non-binary,Midwest,Two+/Other,High school,Part-time,32012,TikTok,6.4,4,4,2,4,Mobile app,No,Social media,662
GZ003078,26,Male,West,White,Bachelor's,Full-time,75721,Reddit,5.6,5,4,4,1,Website,No,Search,1213
GZ003079,20,Male,South,Hispanic,High school,Full-time,33639,TikTok,4.9,5,5,3,4,In-store,No,Friends/word-of-mouth,587
GZ003080,22,Male,South,White,Bachelor's,Part-time,25569,X,7.0,4,5,2,2,Website,No,Friends/word-of-mouth,532
GZ003081,22,Male,Midwest,White,Bachelor's,Student,10723,TikTok,7.0,4,4,1,4,Mobile app,Yes,Social media,310
GZ003082,27,Female,West,White,High school,Part-time,9164,Instagram,7.8,2,4,3,4,Website,Yes,Influencer,97
GZ003083,21,Female,West,Hispanic,High school,Full-time,6318,Instagram,6.0,5,4,2,4,Mobile app,Yes,Social media,83
GZ003084,20,Male,West,White,High school,Student,9583,Instagram,3.6,4,5,2,2,Mobile app,No,Search,246
GZ003085,21,Male,West,Black,Some college,Unemployed,1308,X,8.2,4,4,3,3,Mobile app,No,Social media,14
GZ003086,21,Male,Midwest,Hispanic,High school,Full-time,25907,TikTok,4.5,3,4,3,4,In-store,Yes,Search,741
GZ003087,19,Male,West,White,High school,Part-time,12452,YouTube,4.5,4,4,2,4,In-store,No,Social media,188
GZ003088,19,Female,Northeast,White,Some college,Part-time,19771,TikTok,4.9,5,5,1,4,Mobile app,No,Influencer,424
GZ003089,20,Male,South,White,High school,Full-time,66203,TikTok,2.5,4,5,4,4,Mobile app,No,Influencer,822
GZ003090,23,Male,West,Black,High school,Gig/freelance,26149,TikTok,5.6,5,3,3,4,Mobile app,Yes,Social media,390
GZ003091,21,Female,South,Hispanic,High school,Unemployed,3030,Instagram,7.2,5,4,3,4,Website,Yes,Social media,60
GZ003092,22,Male,Midwest,White,Some college,Part-time,1245,YouTube,5.1,3,4,2,4,Mobile app,Yes,Search,35
GZ003093,25,Male,West,Hispanic,Some college,Part-time,21712,TikTok,8.7,3,3,1,3,In-store,Yes,Social media,352
GZ003094,20,Female,West,White,Bachelor's,Full-time,42539,Other,8.6,3,5,2,5,In-store,Yes,Social media,1154
GZ003095,28,Male,Midwest,Hispanic,High school,Student,6773,Instagram,7.8,5,5,1,3,In-store,No,Search,85
GZ003096,26,Male,West,White,High school,Full-time,64039,Snapchat,2.1,5,5,2,2,Mobile app,No,Friends/word-of-mouth,581
GZ003097,19,Male,South,White,Bachelor's,Part-time,8354,TikTok,8.9,5,3,2,5,Website,No,Friends/word-of-mouth,215
GZ003098,21,Female,West,White,Some college,Full-time,29055,YouTube,5.5,3,3,2,4,Mobile app,No,Search,668
GZ003099,20,Male,South,Hispanic,Some college,Student,8007,TikTok,9.4,4,5,2,3,Website,Yes,Friends/word-of-mouth,85
GZ003100,21,Female,Northeast,Hispanic,Some college,Unemployed,2988,Instagram,4.8,5,3,2,4,Mobile app,No,Social media,26
GZ003101,22,Male,Midwest,White,Bachelor's,Full-time,52409,Snapchat,5.7,5,3,2,5,Mobile app,Yes,Search,1333
GZ003102,19,Female,Midwest,White,Bachelor's,Student,10878,YouTube,6.2,2,4,1,4,Mobile app,No,Social media,129
GZ003103,18,Male,Northeast,Hispanic,High school,Gig/freelance,38296,Instagram,4.1,4,5,1,5,Website,No,Social media,701
GZ003104,22,Male,Midwest,White,Bachelor's,Full-time,51493,YouTube,2.8,3,4,2,4,In-store,No,Social media,1344
GZ003105,25,Male,West,Hispanic,Some college,Unemployed,3792,Instagram,1.2,3,4,2,3,Social commerce,Yes,Friends/word-of-mouth,76
GZ003106,21,Male,South,White,Some college,Student,7623,TikTok,11.9,2,4,1,2,In-store,Yes,Influencer,206
GZ003107,27,Female,South,White,Bachelor's,Part-time,21687,YouTube,2.7,3,3,4,3,Social commerce,No,Search,197
GZ003108,22,Male,Northeast,Hispanic,Graduate,Student,8229,X,2.7,2,4,3,5,Mobile app,No,Social media,141
GZ003109,27,Female,Northeast,White,Graduate,Full-time,42892,TikTok,7.1,3,2,1,3,In-store,No,Search,533
GZ003110,20,Male,Midwest,Hispanic,Bachelor's,Full-time,51633,YouTube,3.2,3,5,3,4,Mobile app,Yes,Social media,862
GZ003111,23,Female,South,White,Bachelor's,Part-time,19122,Snapchat,2.8,4,5,2,5,Website,No,Influencer,462
GZ003112,26,Male,South,White,Some college,Student,10249,YouTube,0.5,4,4,3,2,Mobile app,Yes,Friends/word-of-mouth,276
GZ003113,18,Female,Northeast,Hispanic,High school,Unemployed,2576,Instagram,6.6,2,5,2,4,In-store,Yes,Social media,29
GZ003114,28,Male,South,White,Bachelor's,Part-time,28932,TikTok,3.9,5,4,3,4,Website,Yes,Search,449
GZ003115,22,Male,West,Hispanic,Graduate,Full-time,21083,TikTok,7.3,3,3,4,4,In-store,No,Friends/word-of-mouth,370
GZ003116,23,Female,South,Hispanic,Graduate,Full-time,50300,Instagram,5.8,2,5,3,2,Mobile app,No,Influencer,679
GZ003117,24,Female,South,Asian,Some college,Unemployed,3125,YouTube,6.2,4,3,3,3,Social commerce,Yes,Social media,38
GZ003118,25,Male,Midwest,White,Graduate,Full-time,62456,TikTok,5.1,4,5,4,1,Mobile app,No,Friends/word-of-mouth,1589
GZ003119,18,Male,Northeast,White,Some college,Unemployed,5590,Instagram,5.4,3,4,2,2,Mobile app,No,Friends/word-of-mouth,147
GZ003120,27,Female,Midwest,White,High school,Full-time,41961,YouTube,4.2,4,5,1,4,Mobile app,No,Social media,376
GZ003121,24,Female,West,Black,High school,Full-time,71384,TikTok,4.4,3,4,3,3,Mobile app,Yes,Social media,1964
GZ003122,28,Female,West,White,Bachelor's,Full-time,38458,YouTube,3.8,3,3,1,4,In-store,No,Social media,953
GZ003123,23,Male,Northeast,White,High school,Part-time,25141,YouTube,9.0,5,3,1,4,Mobile app,No,Social media,360
GZ003124,24,Male,West,Hispanic,High school,Part-time,12117,YouTube,5.2,4,5,4,2,In-store,Yes,Social media,262
GZ003125,22,Female,West,White,Some college,Gig/freelance,30738,Instagram,1.5,4,4,1,4,Social commerce,No,Social media,552
GZ003126,27,Male,Midwest,Hispanic,High school,Student,5223,Instagram,6.5,3,5,3,2,Website,No,Social media,66
GZ003127,27,Male,South,White,Some college,Full-time,42368,Instagram,4.4,4,4,1,4,In-store,No,Social media,450
GZ003128,27,Male,South,Hispanic,Bachelor's,Student,8791,Snapchat,5.9,3,5,3,4,Website,Yes,Search,181
GZ003129,23,Female,Northeast,Hispanic,High school,Part-time,25116,YouTube,5.5,3,3,4,3,Mobile app,No,Search,227
GZ003130,26,Female,West,White,Bachelor's,Student,6283,YouTube,9.0,3,4,1,2,Website,Yes,Social media,157
GZ003131,21,Female,South,Hispanic,High school,Student,21447,TikTok,5.2,3,5,1,2,Website,No,Social media,473
GZ003132,23,Female,South,Hispanic,Bachelor's,Unemployed,1512,Snapchat,7.6,5,3,3,5,Mobile app,No,Search,33
GZ003133,26,Female,Northeast,White,Some college,Student,9943,TikTok,7.4,4,3,2,4,Website,No,Influencer,195
GZ003134,18,Female,Midwest,Black,Bachelor's,Part-time,20331,TikTok,3.3,1,5,2,3,Website,Yes,Search,430
GZ003135,25,Female,Midwest,Hispanic,Bachelor's,Part-time,22358,TikTok,6.4,5,4,3,4,Social commerce,Yes,Search,613
GZ003136,18,Male,South,Asian,Some college,Part-time,13825,Snapchat,4.5,4,5,3,5,In-store,No,Social media,275
GZ003137,24,Female,Northeast,Hispanic,Some college,Part-time,19958,YouTube,3.6,5,4,3,5,In-store,No,Search,281
GZ003138,23,Male,Northeast,White,Some college,Full-time,31331,Snapchat,3.6,4,4,2,3,Social commerce,No,Friends/word-of-mouth,732
GZ003139,23,Female,West,White,High school,Full-time,77402,Instagram,7.6,2,4,3,3,Website,Yes,Social media,1186
GZ003140,23,Male,South,White,Some college,Unemployed,2856,Reddit,11.3,2,3,2,4,Social commerce,No,Ads,75
GZ003141,23,Female,Midwest,White,Some college,Unemployed,3733,Instagram,4.4,5,3,2,3,Website,No,Social media,65
GZ003142,22,Male,Northeast,White,Some college,Full-time,29462,YouTube,6.4,2,3,2,5,Mobile app,No,Social media,409
GZ003143,22,Male,Midwest,White,High school,Unemployed,2559,TikTok,6.6,2,1,3,4,In-store,Yes,Ads,25
GZ003144,24,Female,Northeast,White,Some college,Gig/freelance,9607,YouTube,4.9,3,4,2,4,In-store,Yes,Friends/word-of-mouth,146
GZ003145,26,Male,Midwest,Black,Some college,Full-time,54702,YouTube,8.8,2,3,3,4,Website,No,Social media,1046
GZ003146,24,Female,South,White,Some college,Unemployed,2788,TikTok,10.4,4,3,2,2,Website,No,Social media,27
GZ003147,25,Male,West,White,Bachelor's,Unemployed,2565,TikTok,4.8,4,5,2,4,Social commerce,No,Friends/word-of-mouth,73
GZ003148,27,Female,Midwest,Black,Some college,Student,5099,Instagram,9.5,4,3,3,5,Mobile app,Yes,Search,106
GZ003149,28,Female,South,Hispanic,Some college,Student,10232,TikTok,4.9,3,5,3,3,In-store,No,Influencer,248
GZ003150,19,Female,South,White,High school,Full-time,42409,YouTube,4.1,4,2,3,3,Mobile app,Yes,Friends/word-of-mouth,423
GZ003151,25,Male,Midwest,Hispanic,Bachelor's,Student,9106,Instagram,5.7,5,3,1,5,Social commerce,No,Friends/word-of-mouth,152
GZ003152,20,Female,West,Hispanic,High school,Student,5916,Reddit,7.7,2,5,2,5,Mobile app,No,Search,97
GZ003153,20,Male,Midwest,Black,Bachelor's,Student,10762,Instagram,5.8,5,4,3,1,In-store,No,Ads,240
GZ003154,26,Female,South,White,High school,Full-time,29481,YouTube,7.5,5,5,3,5,In-store,Yes,Search,535
GZ003155,18,Female,South,White,Some college,Student,9284,YouTube,6.5,4,5,5,1,Mobile app,No,Social media,125
GZ003156,27,Female,South,Hispanic,Bachelor's,Gig/freelance,24365,YouTube,8.7,4,4,3,3,Social commerce,No,Friends/word-of-mouth,582
GZ003157,26,Male,Midwest,White,High school,Gig/freelance,6244,TikTok,7.1,4,3,2,2,Website,No,Search,142
GZ003158,28,Male,Midwest,Black,Some college,Full-time,80344,Instagram,9.1,3,2,2,3,Mobile app,Yes,Influencer,1354
GZ003159,25,Female,West,Hispanic,Some college,Part-time,22655,TikTok,4.3,2,4,1,4,In-store,No,Search,602
GZ003160,27,Male,West,Black,Bachelor's,Full-time,45405,YouTube,5.6,5,4,2,4,Mobile app,No,Social media,511
GZ003161,19,Female,South,Two+/Other,High school,Student,10369,TikTok,6.0,2,5,2,5,Social commerce,Yes,Friends/word-of-mouth,197
GZ003162,27,Female,Midwest,Hispanic,Bachelor's,Full-time,80789,Instagram,4.3,3,5,2,2,Website,Yes,Influencer,2103
GZ003163,19,Male,Northeast,Asian,Some college,Unemployed,6046,Reddit,4.0,3,3,4,5,Social commerce,No,Social media,139
GZ003164,21,Female,Midwest,Hispanic,High school,Student,10412,YouTube,6.8,4,5,3,3,In-store,No,Social media,200
GZ003165,19,Female,South,White,Bachelor's,Part-time,12262,TikTok,7.3,3,4,3,3,Social commerce,Yes,Social media,126
GZ003166,22,Male,Midwest,Black,Some college,Student,6770,Instagram,6.2,3,4,2,5,Website,No,Social media,61
GZ003167,26,Female,South,Hispanic,Bachelor's,Full-time,7918,YouTube,8.1,5,4,3,4,Mobile app,No,Search,176
GZ003168,20,Male,South,Two+/Other,Bachelor's,Full-time,35039,Snapchat,3.8,3,3,3,2,Mobile app,Yes,Social media,611
GZ003169,27,Male,South,White,Bachelor's,Full-time,54508,Snapchat,5.2,3,3,4,3,Mobile app,No,Ads,928
GZ003170,24,Male,South,White,Some college,Student,11566,TikTok,3.6,4,4,2,3,Social commerce,No,Social media,190
GZ003171,24,Male,South,Black,High school,Gig/freelance,33208,Reddit,6.3,4,3,2,3,Social commerce,Yes,Social media,396
GZ003172,28,Male,Midwest,White,Graduate,Full-time,32259,TikTok,7.0,4,4,2,3,Mobile app,No,Social media,645
GZ003173,22,Female,South,Hispanic,High school,Student,11231,TikTok,8.7,4,4,5,4,Mobile app,No,Search,182
GZ003174,21,Male,Midwest,Hispanic,High school,Full-time,57577,TikTok,3.6,4,4,2,2,Mobile app,No,Influencer,567
GZ003175,28,Male,Northeast,White,High school,Part-time,0,TikTok,6.7,5,2,4,3,Website,Yes,Search,0
GZ003176,24,Male,West,White,Some college,Student,10232,Instagram,8.9,2,1,2,3,Website,No,Ads,191
GZ003177,24,Female,West,Black,Graduate,Gig/freelance,50348,TikTok,4.0,5,5,3,4,Social commerce,Yes,Social media,681
GZ003178,21,Male,Midwest,White,Some college,Unemployed,3475,TikTok,3.5,3,5,2,3,Mobile app,Yes,Social media,79
GZ003179,20,Male,South,Hispanic,Some college,Student,0,TikTok,3.1,2,1,3,4,Website,No,Influencer,0
GZ003180,19,Female,West,Hispanic,High school,Part-time,11417,Reddit,7.2,3,4,3,4,In-store,Yes,Search,166
GZ003181,20,Male,West,Hispanic,Some college,Full-time,7705,YouTube,4.5,3,4,4,4,Mobile app,No,Search,213
GZ003182,20,Female,Northeast,White,Some college,Full-time,30010,YouTube,7.0,3,3,3,4,In-store,Yes,Search,619
GZ003183,26,Female,Midwest,White,Some college,Unemployed,1796,Snapchat,5.6,3,5,2,2,In-store,Yes,Social media,24
GZ003184,18,Male,Northeast,Black,Some college,Student,12769,YouTube,9.6,5,5,3,3,Social commerce,No,Social media,293
GZ003185,24,Female,Midwest,White,High school,Part-time,24305,TikTok,7.6,3,5,2,3,Social commerce,Yes,Social media,516
GZ003186,28,Female,West,White,Some college,Full-time,48482,Reddit,4.4,1,5,1,4,Website,Yes,Social media,1336
GZ003187,26,Female,Midwest,Asian,Graduate,Full-time,65175,Instagram,5.4,3,5,3,4,In-store,Yes,Social media,1745
GZ003188,22,Female,Northeast,White,Bachelor's,Student,6710,Instagram,7.6,5,3,2,3,Social commerce,Yes,Search,140
GZ003189,18,Male,West,White,Some college,Part-time,18595,Reddit,3.9,3,4,2,4,In-store,No,Friends/word-of-mouth,400
GZ003190,27,Male,Northeast,Two+/Other,Graduate,Unemployed,7949,TikTok,8.4,3,4,2,2,Website,Yes,Ads,101
GZ003191,18,Male,Northeast,White,Bachelor's,Part-time,22740,TikTok,5.5,3,5,1,3,Mobile app,No,Social media,543
GZ003192,25,Female,West,White,Some college,Gig/freelance,32818,Snapchat,7.6,5,4,2,1,Mobile app,No,Influencer,833
GZ003193,25,Male,South,White,Some college,Full-time,27493,Instagram,5.6,3,3,3,4,Social commerce,No,Social media,797
GZ003194,20,Male,South,Black,Some college,Full-time,34126,Instagram,5.0,3,2,2,5,Mobile app,No,Search,441
GZ003195,26,Male,Midwest,Black,High school,Full-time,23044,X,4.6,4,5,1,3,Social commerce,Yes,Social media,458
GZ003196,19,Female,South,Hispanic,Some college,Full-time,73769,Reddit,9.5,4,4,2,4,Website,No,Social media,2107
GZ003197,20,Female,West,Two+/Other,High school,Unemployed,1195,Reddit,5.4,4,3,3,4,In-store,No,Friends/word-of-mouth,27
GZ003198,26,Male,West,White,Bachelor's,Gig/freelance,36695,TikTok,12.2,3,5,2,2,Website,No,Search,559
GZ003199,28,Male,Northeast,Hispanic,Bachelor's,Part-time,22707,Snapchat,6.3,3,4,2,3,Mobile app,Yes,Social media,210
GZ003200,20,Female,Northeast,White,Some college,Part-time,5012,YouTube,4.3,5,3,2,4,Social commerce,No,Influencer,143
GZ003201,28,Male,Midwest,Asian,Bachelor's,Part-time,27253,YouTube,2.8,4,5,3,4,Website,No,Influencer,591
GZ003202,28,Female,West,Asian,High school,Student,7952,TikTok,8.5,5,2,1,3,In-store,Yes,Social media,202
GZ003203,26,Female,South,White,Bachelor's,Full-time,17035,Instagram,5.6,4,4,3,3,Social commerce,Yes,Social media,170
GZ003204,19,Male,Midwest,Black,Some college,Part-time,20952,TikTok,7.6,5,4,2,3,Website,No,Social media,426
GZ003205,21,Male,South,Hispanic,Some college,Full-time,26455,Reddit,10.6,4,2,4,4,Mobile app,No,Friends/word-of-mouth,727
GZ003206,25,Female,West,White,Graduate,Unemployed,3631,Instagram,7.3,3,4,2,5,Mobile app,Yes,Social media,77
GZ003207,28,Male,Northeast,Hispanic,High school,Part-time,13903,YouTube,6.7,4,3,1,1,Website,No,Search,226
GZ003208,26,Male,West,Two+/Other,High school,Student,5439,TikTok,8.5,3,5,3,1,In-store,Yes,Ads,79
GZ003209,22,Female,Midwest,White,Some college,Unemployed,1860,Instagram,7.6,5,5,3,2,Website,No,Ads,19
GZ003210,20,Male,Midwest,White,Some college,Full-time,57060,Instagram,3.5,5,4,3,3,In-store,No,Search,479
GZ003211,28,Male,Northeast,Two+/Other,Graduate,Full-time,48140,Snapchat,8.7,3,2,3,3,In-store,No,Influencer,745
GZ003212,21,Male,West,White,High school,Full-time,46926,YouTube,5.9,4,3,1,4,Mobile app,No,Social media,946
GZ003213,21,Non-binary,West,White,Some college,Student,7524,TikTok,9.1,4,3,2,3,Website,No,Search,203
GZ003214,28,Male,South,Hispanic,Bachelor's,Part-time,18415,Instagram,7.0,4,5,4,3,Social commerce,Yes,Social media,531
GZ003215,24,Female,West,Hispanic,Bachelor's,Full-time,28088,TikTok,8.4,5,4,3,5,Mobile app,No,Social media,291
GZ003216,20,Female,South,White,High school,Full-time,27762,Instagram,5.6,3,4,2,2,In-store,Yes,Friends/word-of-mouth,397
GZ003217,18,Male,West,White,High school,Student,15926,Instagram,3.0,2,5,1,4,Website,No,Friends/word-of-mouth,143
GZ003218,22,Prefer not to say,Midwest,Black,Some college,Student,12582,TikTok,7.1,3,5,1,5,In-store,Yes,Search,195
GZ003219,28,Female,South,White,High school,Full-time,31388,TikTok,8.0,4,5,1,2,Social commerce,Yes,Friends/word-of-mouth,688
GZ003220,22,Female,West,Hispanic,Bachelor's,Gig/freelance,8494,YouTube,4.9,5,5,2,1,Social commerce,No,Social media,144
GZ003221,25,Male,South,Black,High school,Part-time,4221,Instagram,5.6,4,4,3,4,In-store,No,Influencer,106
GZ003222,20,Female,South,White,Some college,Full-time,30014,TikTok,1.6,3,4,1,4,Website,Yes,Friends/word-of-mouth,292
GZ003223,26,Female,South,Black,Bachelor's,Full-time,44035,YouTube,5.7,4,4,2,3,Mobile app,Yes,Influencer,953
GZ003224,26,Male,South,Hispanic,Bachelor's,Student,9479,Instagram,3.5,3,5,1,1,In-store,No,Friends/word-of-mouth,276
GZ003225,24,Male,Northeast,Asian,Bachelor's,Student,9600,TikTok,7.0,1,3,2,2,In-store,No,Search,117
GZ003226,26,Male,Northeast,White,High school,Part-time,20707,TikTok,6.7,3,5,5,3,Mobile app,No,Friends/word-of-mouth,588
GZ003227,24,Male,Midwest,White,High school,Full-time,22374,TikTok,6.0,4,4,3,4,In-store,No,Social media,544
GZ003228,22,Female,West,Hispanic,Some college,Part-time,30212,Snapchat,8.6,3,4,3,3,In-store,No,Social media,455
GZ003229,26,Male,Midwest,Asian,Bachelor's,Part-time,16401,TikTok,6.5,3,3,2,4,Website,No,Search,281
GZ003230,27,Female,Northeast,Two+/Other,Bachelor's,Part-time,20388,X,6.4,5,4,1,4,Social commerce,Yes,Social media,215
GZ003231,27,Female,West,White,Some college,Part-time,12684,Instagram,6.6,3,4,2,4,Social commerce,Yes,Influencer,286
GZ003232,20,Male,South,Hispanic,High school,Part-time,20523,YouTube,4.8,3,4,1,2,Mobile app,No,Social media,410
GZ003233,25,Male,Midwest,White,High school,Full-time,81254,Other,8.0,4,2,3,3,Mobile app,Yes,Influencer,983
GZ003234,18,Male,Northeast,Hispanic,Some college,Full-time,23301,TikTok,4.2,3,3,2,5,Mobile app,No,Influencer,449
GZ003235,24,Female,South,Black,High school,Full-time,20915,YouTube,6.8,3,4,2,3,Social commerce,No,Social media,591
GZ003236,24,Male,West,Black,Bachelor's,Student,5498,Instagram,8.4,5,5,1,3,Mobile app,Yes,Social media,156
GZ003237,21,Male,South,White,Some college,Part-time,15301,TikTok,3.9,3,4,2,3,Website,Yes,Social media,380
GZ003238,28,Male,West,Two+/Other,Some college,Student,6888,Snapchat,3.3,3,4,2,2,Mobile app,No,Social media,77
GZ003239,27,Male,Midwest,White,Bachelor's,Full-time,22331,TikTok,3.9,4,5,1,2,Website,No,Social media,355
GZ003240,18,Female,South,White,High school,Part-time,17597,Reddit,9.6,4,4,3,3,Website,No,Social media,370
GZ003241,20,Male,Northeast,Hispanic,Some college,Full-time,71505,Snapchat,4.8,2,5,2,3,Mobile app,No,Search,856
GZ003242,20,Male,Midwest,Hispanic,Bachelor's,Full-time,39168,YouTube,3.6,5,4,3,4,In-store,Yes,Search,1039
GZ003243,27,Male,South,Hispanic,High school,Student,8609,YouTube,6.7,3,4,3,3,Website,No,Friends/word-of-mouth,195
GZ003244,23,Male,Midwest,Hispanic,Some college,Full-time,48481,Snapchat,0.6,3,5,1,3,Website,No,Influencer,680
GZ003245,26,Male,Midwest,White,Some college,Full-time,54240,TikTok,4.1,4,5,2,5,Social commerce,No,Social media,1441
GZ003246,26,Female,West,White,Bachelor's,Part-time,29123,YouTube,8.8,5,4,2,5,Mobile app,Yes,Ads,661
GZ003247,26,Female,West,Hispanic,Bachelor's,Full-time,46536,TikTok,4.1,3,3,4,3,Social commerce,Yes,Search,1183
GZ003248,18,Male,Northeast,Hispanic,High school,Unemployed,3995,TikTok,5.5,3,2,3,4,In-store,Yes,Friends/word-of-mouth,86
GZ003249,19,Male,West,Hispanic,Some college,Unemployed,2215,TikTok,6.6,4,2,2,2,Mobile app,Yes,Social media,62
GZ003250,22,Male,South,White,Some college,Part-time,23993,TikTok,6.6,5,3,2,4,Mobile app,Yes,Search,629
GZ003251,21,Female,South,White,Some college,Full-time,26038,TikTok,4.9,4,4,2,5,Mobile app,No,Social media,730
GZ003252,26,Female,South,Black,High school,Part-time,10908,YouTube,7.1,3,2,1,5,In-store,Yes,Social media,301
GZ003253,19,Male,Midwest,White,High school,Part-time,19564,Instagram,8.9,4,2,1,3,Mobile app,No,Social media,415
GZ003254,22,Male,South,Hispanic,Some college,Part-time,30486,Reddit,3.9,2,4,2,4,Mobile app,No,Social media,795
GZ003255,20,Female,Midwest,White,Some college,Full-time,55730,Snapchat,5.0,3,5,1,3,In-store,Yes,Social media,892
GZ003256,20,Male,West,White,High school,Full-time,41290,Snapchat,5.8,2,5,1,2,In-store,Yes,Friends/word-of-mouth,429
GZ003257,19,Female,Northeast,White,Some college,Full-time,23447,Reddit,7.4,3,2,2,3,In-store,Yes,Social media,433
GZ003258,20,Male,West,White,Some college,Part-time,30329,Snapchat,6.1,3,4,5,4,Website,No,Friends/word-of-mouth,333
GZ003259,24,Female,Northeast,Hispanic,High school,Student,8770,TikTok,5.7,1,5,2,4,In-store,No,Search,110
GZ003260,22,Female,Northeast,White,Graduate,Gig/freelance,22604,TikTok,2.9,4,4,3,3,Website,Yes,Ads,464
GZ003261,22,Female,South,White,Bachelor's,Full-time,52492,Instagram,3.7,4,4,2,4,Social commerce,Yes,Social media,717
GZ003262,23,Male,Midwest,Two+/Other,High school,Student,7185,TikTok,6.4,4,4,3,1,In-store,No,Ads,62
GZ003263,26,Male,South,White,Some college,Full-time,27768,Reddit,5.0,2,4,1,4,Website,No,Social media,401
GZ003264,27,Male,Midwest,Hispanic,High school,Full-time,29580,Instagram,5.3,5,4,1,3,Website,Yes,Social media,590
GZ003265,23,Female,Midwest,White,Bachelor's,Student,6327,Reddit,5.9,5,5,4,2,Mobile app,Yes,Social media,117
GZ003266,25,Female,South,White,High school,Full-time,20692,Instagram,10.7,4,4,1,4,Website,No,Influencer,307
GZ003267,26,Female,South,White,Bachelor's,Unemployed,1769,Reddit,5.0,3,3,4,5,Social commerce,No,Friends/word-of-mouth,41
GZ003268,25,Male,West,Black,Some college,Unemployed,5749,TikTok,8.8,3,4,2,3,Social commerce,Yes,Social media,78
GZ003269,19,Female,Midwest,White,High school,Full-time,54641,Instagram,8.6,4,3,1,4,Mobile app,No,Social media,1272
GZ003270,28,Male,Midwest,Hispanic,High school,Full-time,26449,Reddit,7.6,4,4,2,3,Mobile app,Yes,Influencer,332
GZ003271,19,Male,South,Asian,High school,Full-time,58790,Instagram,4.3,4,5,4,5,Mobile app,No,Influencer,578
GZ003272,22,Male,South,White,Bachelor's,Unemployed,4556,YouTube,6.3,4,3,2,2,In-store,No,Social media,72
GZ003273,25,Female,West,Hispanic,High school,Full-time,35880,Instagram,5.2,3,5,2,3,Website,Yes,Social media,941
GZ003274,22,Male,West,White,High school,Student,4035,Snapchat,10.0,3,3,3,4,Social commerce,Yes,Ads,95
GZ003275,20,Female,South,White,Some college,Full-time,48453,YouTube,6.8,3,4,3,3,Mobile app,No,Social media,1114
GZ003276,28,Female,South,Black,Bachelor's,Student,16554,Snapchat,5.6,4,5,4,5,Website,Yes,Social media,164
GZ003277,18,Male,Northeast,White,Some college,Full-time,42275,Instagram,9.6,2,4,3,1,Website,Yes,Ads,509
GZ003278,20,Male,West,Two+/Other,Some college,Gig/freelance,37684,YouTube,5.3,3,2,2,3,Website,Yes,Friends/word-of-mouth,829
GZ003279,28,Male,Midwest,Hispanic,Bachelor's,Student,8142,Instagram,7.1,4,4,4,3,In-store,Yes,Social media,183
GZ003280,26,Female,West,White,Bachelor's,Full-time,59422,Instagram,7.4,3,3,1,3,In-store,Yes,Search,1004
GZ003281,18,Prefer not to say,West,White,Some college,Full-time,39161,YouTube,6.7,5,3,3,2,Mobile app,No,Search,1074
GZ003282,26,Prefer not to say,Midwest,Hispanic,High school,Part-time,0,TikTok,5.8,5,4,2,3,Social commerce,No,Social media,0
GZ003283,28,Female,South,White,High school,Part-time,12153,Snapchat,7.7,4,3,3,3,Social commerce,No,Friends/word-of-mouth,140
GZ003284,19,Male,South,White,Some college,Gig/freelance,27547,Instagram,4.7,5,4,4,4,In-store,Yes,Social media,357
GZ003285,22,Female,Northeast,White,Bachelor's,Part-time,26769,TikTok,8.2,5,5,1,4,Mobile app,Yes,Search,767
GZ003286,23,Male,Northeast,White,Bachelor's,Unemployed,3723,YouTube,5.4,4,4,3,4,Mobile app,No,Search,93
GZ003287,19,Male,Midwest,Two+/Other,High school,Full-time,42563,YouTube,8.7,3,4,3,4,Mobile app,No,Search,561
GZ003288,20,Male,South,White,High school,Gig/freelance,19128,YouTube,8.1,3,4,3,5,Social commerce,Yes,Social media,517
GZ003289,19,Male,South,White,Bachelor's,Gig/freelance,44262,Other,7.1,4,5,1,5,Website,No,Influencer,957
GZ003290,20,Female,South,Black,High school,Student,15077,Instagram,5.8,3,4,2,1,Social commerce,No,Search,299
GZ003291,22,Male,Northeast,Hispanic,Bachelor's,Unemployed,2782,Other,8.2,2,4,1,4,In-store,Yes,Ads,66
GZ003292,23,Male,Midwest,Black,Bachelor's,Part-time,5717,Instagram,7.1,3,3,3,4,Mobile app,No,Social media,74
GZ003293,20,Female,West,Asian,Some college,Student,1680,Instagram,0.5,5,3,1,3,Mobile app,No,Influencer,28
GZ003294,21,Female,Northeast,White,Some college,Full-time,53404,YouTube,4.4,1,5,2,3,Website,No,Social media,918
GZ003295,20,Male,South,White,High school,Full-time,44555,TikTok,6.3,5,4,3,2,Mobile app,No,Ads,740
GZ003296,26,Male,West,Hispanic,Bachelor's,Student,5833,X,6.6,4,5,2,1,Website,Yes,Friends/word-of-mouth,60
GZ003297,20,Male,South,White,Some college,Gig/freelance,29180,Instagram,7.4,3,5,2,4,Mobile app,No,Search,495
GZ003298,27,Male,South,Hispanic,Graduate,Unemployed,1785,TikTok,9.1,4,3,1,4,Website,Yes,Social media,20
GZ003299,23,Male,Northeast,White,Some college,Student,12219,YouTube,7.2,5,3,3,3,Social commerce,Yes,Friends/word-of-mouth,261
GZ003300,26,Female,Northeast,Asian,Some college,Gig/freelance,21526,TikTok,1.8,4,5,2,4,Mobile app,Yes,Search,585
GZ003301,25,Female,South,Hispanic,Graduate,Gig/freelance,13346,TikTok,6.4,5,4,2,4,Mobile app,No,Search,317
GZ003302,20,Male,South,Hispanic,Bachelor's,Student,7513,TikTok,8.4,5,4,2,2,Social commerce,No,Search,131
GZ003303,24,Male,West,White,Bachelor's,Full-time,34412,Reddit,6.2,4,4,2,4,In-store,Yes,Social media,625
GZ003304,21,Male,South,Two+/Other,Some college,Part-time,20956,TikTok,6.4,3,5,1,3,Mobile app,No,Social media,440
GZ003305,19,Male,West,Hispanic,High school,Part-time,27444,Instagram,5.0,4,4,2,4,Website,No,Ads,770
GZ003306,20,Male,West,Black,Bachelor's,Student,13512,Instagram,7.9,2,3,2,4,Mobile app,No,Social media,381
GZ003307,21,Male,South,Black,Some college,Student,9646,Reddit,5.3,4,4,2,4,Mobile app,Yes,Search,222
GZ003308,19,Male,South,White,Bachelor's,Gig/freelance,23809,Reddit,7.2,3,3,2,2,In-store,No,Search,416
GZ003309,18,Female,South,White,High school,Unemployed,2976,Reddit,6.9,3,4,3,5,Mobile app,Yes,Friends/word-of-mouth,38
GZ003310,28,Male,Northeast,White,Some college,Student,1839,Instagram,6.1,4,4,3,3,Mobile app,No,Social media,21
GZ003311,23,Male,West,Hispanic,High school,Gig/freelance,25775,Instagram,7.0,2,3,3,3,Mobile app,No,Friends/word-of-mouth,219
GZ003312,22,Female,West,Hispanic,High school,Student,5553,Snapchat,6.4,4,4,3,2,In-store,Yes,Social media,88
GZ003313,28,Male,South,White,Some college,Student,13934,TikTok,8.6,3,4,1,3,Mobile app,Yes,Friends/word-of-mouth,133
GZ003314,20,Male,Midwest,Two+/Other,High school,Part-time,16374,TikTok,7.4,4,5,4,3,Website,Yes,Influencer,373
GZ003315,22,Male,South,White,Some college,Unemployed,5344,Reddit,8.1,4,3,2,3,Mobile app,No,Influencer,60
GZ003316,27,Male,South,Black,High school,Gig/freelance,20354,TikTok,4.5,5,3,3,3,Social commerce,Yes,Social media,513
GZ003317,24,Female,Midwest,White,Some college,Student,6264,Instagram,4.3,4,4,2,2,Social commerce,No,Search,91
GZ003318,22,Female,Midwest,White,Bachelor's,Full-time,53430,TikTok,6.1,5,5,2,4,In-store,No,Influencer,1401
GZ003319,20,Female,South,White,Some college,Part-time,20248,TikTok,7.5,5,5,3,2,In-store,No,Friends/word-of-mouth,175
GZ003320,18,Female,South,Hispanic,Some college,Gig/freelance,29769,Other,7.1,4,4,3,4,Social commerce,No,Influencer,312
GZ003321,18,Male,Northeast,Black,Some college,Unemployed,3831,TikTok,4.5,2,5,2,5,Website,No,Friends/word-of-mouth,94
GZ003322,19,Male,South,White,High school,Unemployed,5420,Instagram,7.6,3,5,4,5,Social commerce,Yes,Influencer,117
GZ003323,26,Male,South,Hispanic,Some college,Student,11611,TikTok,4.7,3,4,1,2,Social commerce,Yes,Social media,130
GZ003324,25,Female,West,Hispanic,Bachelor's,Student,183,Instagram,7.3,5,3,1,4,Website,No,Social media,4
GZ003325,22,Female,South,White,High school,Full-time,37134,Snapchat,6.6,3,4,1,3,Mobile app,No,Friends/word-of-mouth,830
GZ003326,26,Female,Midwest,Hispanic,High school,Student,13109,YouTube,5.5,2,3,3,5,Website,No,Friends/word-of-mouth,246
GZ003327,19,Male,Midwest,White,Some college,Part-time,9741,Instagram,4.9,1,4,2,4,In-store,Yes,Social media,228
GZ003328,20,Female,West,Black,Some college,Gig/freelance,6198,Instagram,6.3,3,4,2,3,In-store,Yes,Friends/word-of-mouth,133
GZ003329,22,Male,West,Hispanic,Bachelor's,Full-time,39377,TikTok,6.2,4,4,3,2,In-store,Yes,Social media,329
GZ003330,28,Male,West,White,Bachelor's,Unemployed,4937,Instagram,3.9,5,4,3,3,Mobile app,No,Friends/word-of-mouth,133
GZ003331,24,Male,Midwest,Black,Graduate,Part-time,14270,Reddit,7.2,3,4,1,3,Mobile app,Yes,Search,366
GZ003332,27,Female,South,White,Bachelor's,Full-time,66436,Snapchat,8.3,5,4,4,3,Mobile app,No,Friends/word-of-mouth,1353
GZ003333,20,Female,South,Asian,High school,Student,16466,TikTok,7.7,4,4,2,3,Website,No,Search,317
GZ003334,27,Male,Midwest,Hispanic,High school,Student,1203,Snapchat,6.6,3,3,2,3,Mobile app,No,Social media,30
GZ003335,18,Male,South,White,High school,Student,7444,Snapchat,5.1,4,3,2,3,Mobile app,Yes,Influencer,84
GZ003336,20,Female,South,Hispanic,Some college,Student,0,Snapchat,6.3,5,4,1,4,Social commerce,Yes,Influencer,0
GZ003337,23,Male,South,White,Some college,Student,11677,Snapchat,5.7,4,3,3,4,In-store,No,Search,324
GZ003338,18,Male,Midwest,Black,Some college,Full-time,29150,Other,6.2,3,5,1,3,Mobile app,No,Influencer,505
GZ003339,27,Female,South,Asian,Some college,Gig/freelance,20433,TikTok,7.9,4,5,2,3,Mobile app,Yes,Social media,424
GZ003340,27,Female,Midwest,Hispanic,Some college,Unemployed,6066,Instagram,5.8,4,2,4,3,Mobile app,Yes,Search,134
GZ003341,23,Female,Midwest,Hispanic,Bachelor's,Student,3619,X,2.3,4,5,3,5,Mobile app,Yes,Social media,89
GZ003342,21,Female,Midwest,Hispanic,High school,Full-time,12146,Instagram,7.6,5,5,3,2,Mobile app,Yes,Friends/word-of-mouth,310
GZ003343,19,Female,South,White,High school,Student,0,YouTube,6.8,1,3,1,4,Mobile app,Yes,Social media,0
GZ003344,24,Male,Midwest,White,Some college,Full-time,66012,Instagram,6.3,4,4,2,4,In-store,No,Social media,1675
GZ003345,23,Female,South,Asian,Bachelor's,Unemployed,5868,TikTok,3.7,4,4,2,3,Mobile app,No,Search,82
GZ003346,26,Male,Northeast,White,Some college,Full-time,36445,Other,4.3,2,5,4,3,Social commerce,No,Search,676
GZ003347,24,Male,Midwest,White,Some college,Full-time,17897,Instagram,4.6,2,4,2,3,Social commerce,No,Friends/word-of-mouth,479
GZ003348,19,Female,South,White,Some college,Full-time,57764,Instagram,4.8,5,5,2,3,Website,No,Influencer,1312
GZ003349,19,Female,Midwest,Two+/Other,High school,Student,20156,TikTok,5.0,5,4,2,4,Mobile app,No,Ads,488
GZ003350,26,Male,West,Asian,Graduate,Student,8045,X,3.6,5,4,2,3,In-store,No,Friends/word-of-mouth,142
GZ003351,19,Prefer not to say,West,White,High school,Student,4128,TikTok,10.3,3,5,3,4,Social commerce,Yes,Social media,79
GZ003352,28,Male,West,White,Some college,Part-time,28057,Reddit,9.0,4,5,4,1,In-store,No,Ads,315
GZ003353,19,Female,West,Black,Some college,Gig/freelance,12749,TikTok,6.6,4,2,2,3,Mobile app,No,Friends/word-of-mouth,280
GZ003354,26,Female,Midwest,White,Bachelor's,Part-time,15029,X,5.9,2,1,1,3,In-store,No,Influencer,312
GZ003355,28,Female,Northeast,Two+/Other,Some college,Full-time,0,Instagram,9.7,4,4,2,4,Website,No,Social media,0
GZ003356,22,Male,South,Asian,High school,Student,7771,Reddit,9.2,4,3,1,2,Website,No,Social media,145
GZ003357,18,Male,Midwest,Hispanic,High school,Part-time,7645,YouTube,4.5,4,3,5,4,Mobile app,Yes,Friends/word-of-mouth,139
GZ003358,27,Male,Midwest,White,High school,Student,14098,TikTok,6.5,3,4,4,4,Website,Yes,Social media,270
GZ003359,20,Male,Midwest,Hispanic,High school,Part-time,10093,TikTok,5.6,5,5,4,2,In-store,Yes,Influencer,267
GZ003360,23,Female,West,Two+/Other,Bachelor's,Student,12158,Snapchat,5.5,4,3,3,4,Mobile app,No,Friends/word-of-mouth,244
GZ003361,28,Male,West,White,High school,Full-time,40016,YouTube,5.7,5,5,2,2,Social commerce,No,Search,724
GZ003362,26,Female,Midwest,Black,Bachelor's,Part-time,19015,Instagram,5.8,4,3,2,4,Mobile app,No,Social media,271
GZ003363,18,Male,South,White,High school,Part-time,22229,TikTok,6.4,4,3,2,4,Mobile app,No,Social media,648
GZ003364,27,Male,South,Two+/Other,Some college,Student,8783,Snapchat,6.4,3,3,5,4,Website,No,Social media,199
GZ003365,19,Male,West,Hispanic,High school,Full-time,29756,YouTube,8.9,2,3,2,3,Mobile app,No,Social media,318
GZ003366,26,Female,South,White,Bachelor's,Full-time,26652,YouTube,4.4,5,2,2,4,In-store,Yes,Social media,293
GZ003367,24,Male,South,White,Some college,Full-time,51619,Instagram,7.9,5,3,2,5,Website,Yes,Search,1030
GZ003368,21,Male,South,White,High school,Part-time,2595,Instagram,3.8,3,3,3,3,Website,No,Social media,57
GZ003369,22,Female,Midwest,White,Some college,Full-time,73717,Instagram,6.5,3,4,1,3,Website,No,Search,1114
GZ003370,19,Female,Northeast,Asian,Bachelor's,Student,9533,TikTok,8.1,4,4,3,4,Mobile app,Yes,Search,82
GZ003371,28,Male,West,White,Graduate,Full-time,35623,X,7.1,2,3,1,1,Mobile app,Yes,Social media,763
GZ003372,20,Female,South,Asian,High school,Part-time,20155,Instagram,5.4,3,5,4,2,Website,No,Ads,225
GZ003373,21,Female,Midwest,White,Some college,Student,6593,Instagram,6.6,4,3,1,4,In-store,No,Search,128
GZ003374,23,Female,South,Hispanic,Bachelor's,Part-time,16557,Instagram,9.3,4,4,1,4,Social commerce,No,Friends/word-of-mouth,451
GZ003375,25,Female,Northeast,Two+/Other,Some college,Student,4416,Instagram,4.8,3,2,1,3,Mobile app,Yes,Social media,81
GZ003376,23,Female,West,Hispanic,High school,Student,10519,YouTube,7.1,5,4,4,2,Mobile app,No,Social media,122
GZ003377,23,Male,South,Black,Graduate,Student,8682,YouTube,7.9,5,5,2,3,Mobile app,Yes,Social media,168
GZ003378,24,Female,West,Two+/Other,High school,Part-time,19518,Snapchat,5.2,3,5,5,3,Mobile app,Yes,Social media,203
GZ003379,27,Male,South,Hispanic,Some college,Part-time,30013,TikTok,9.5,2,4,4,2,Website,Yes,Social media,750
GZ003380,22,Female,Midwest,Black,Bachelor's,Full-time,26800,Reddit,10.1,4,3,4,5,Website,No,Social media,517
GZ003381,27,Female,South,White,Bachelor's,Part-time,16956,X,8.2,3,5,1,3,Website,Yes,Social media,277
GZ003382,26,Female,Northeast,White,Some college,Gig/freelance,6678,Other,8.2,3,4,2,3,Mobile app,No,Social media,131
GZ003383,28,Male,Midwest,White,High school,Full-time,52395,TikTok,2.5,4,3,4,2,Mobile app,No,Influencer,650
GZ003384,28,Male,Northeast,Black,Bachelor's,Full-time,41669,Instagram,3.4,4,3,3,3,In-store,Yes,Social media,609
GZ003385,26,Male,Northeast,Hispanic,Bachelor's,Student,9070,X,5.8,4,5,2,4,In-store,No,Friends/word-of-mouth,140
GZ003386,20,Female,South,Hispanic,High school,Student,8362,YouTube,4.7,4,4,3,4,Social commerce,No,Influencer,179
GZ003387,26,Female,West,Asian,Some college,Unemployed,2959,TikTok,7.3,1,4,3,3,Mobile app,No,Influencer,61
GZ003388,26,Female,Northeast,White,Some college,Full-time,89174,Reddit,0.5,5,4,1,3,Social commerce,Yes,Search,966
GZ003389,21,Male,South,Asian,High school,Gig/freelance,26447,Snapchat,7.2,3,4,2,3,Social commerce,No,Social media,708
GZ003390,25,Female,South,White,Bachelor's,Student,10200,Snapchat,5.6,4,4,3,4,In-store,No,Influencer,138
GZ003391,20,Male,South,White,Some college,Student,4385,Instagram,4.9,4,5,3,2,Mobile app,No,Ads,115
GZ003392,23,Male,South,Hispanic,Some college,Part-time,25169,YouTube,9.8,5,4,3,4,Mobile app,Yes,Friends/word-of-mouth,390
GZ003393,26,Male,Northeast,White,Graduate,Full-time,39666,YouTube,5.4,5,3,2,4,Social commerce,No,Search,756
GZ003394,20,Male,West,Hispanic,Some college,Full-time,50425,Instagram,2.8,3,4,2,3,Website,Yes,Social media,917
GZ003395,21,Female,Midwest,Black,Some college,Student,12654,Snapchat,6.9,2,4,2,3,In-store,No,Search,280
GZ003396,26,Male,Northeast,Black,Graduate,Full-time,40036,TikTok,6.8,2,4,2,3,Mobile app,Yes,Social media,552
GZ003397,22,Female,South,White,Some college,Full-time,29204,TikTok,5.7,4,4,3,4,Website,No,Social media,642
GZ003398,28,Male,Midwest,White,Bachelor's,Full-time,0,Snapchat,10.7,3,3,5,5,Mobile app,Yes,Social media,0
GZ003399,18,Male,South,White,Some college,Gig/freelance,21469,TikTok,6.4,3,5,1,5,In-store,No,Social media,508
GZ003400,25,Female,South,White,Some college,Full-time,29102,TikTok,8.0,3,5,4,3,Mobile app,Yes,Search,579
GZ003401,26,Male,South,White,Some college,Part-time,8741,Snapchat,6.6,4,2,3,3,Website,Yes,Social media,215
GZ003402,28,Female,South,White,High school,Student,14884,Snapchat,8.5,4,4,1,5,Social commerce,No,Social media,398
GZ003403,19,Female,West,Black,High school,Gig/freelance,37498,Snapchat,5.3,3,3,2,4,Social commerce,No,Search,639
GZ003404,28,Male,West,Asian,Some college,Gig/freelance,4590,Instagram,3.9,3,3,2,4,In-store,Yes,Social media,56
GZ003405,22,Female,South,Black,Some college,Part-time,19245,YouTube,7.5,4,2,2,2,Mobile app,Yes,Search,189
GZ003406,21,Male,South,White,High school,Full-time,26554,TikTok,6.6,4,4,3,4,Website,Yes,Social media,413
GZ003407,21,Male,Midwest,Hispanic,Some college,Full-time,48932,TikTok,7.6,4,4,4,3,Mobile app,No,Social media,995
GZ003408,25,Male,South,White,High school,Full-time,26886,TikTok,4.8,2,3,4,4,Social commerce,Yes,Influencer,617
GZ003409,25,Female,Midwest,White,High school,Part-time,13634,Instagram,7.0,4,5,3,3,Website,Yes,Friends/word-of-mouth,296
GZ003410,23,Female,Northeast,White,Graduate,Part-time,25800,YouTube,2.8,3,4,3,5,Social commerce,No,Friends/word-of-mouth,312
GZ003411,18,Male,Midwest,Asian,High school,Part-time,24636,TikTok,5.0,3,4,4,2,Mobile app,Yes,Search,456
GZ003412,28,Female,West,Hispanic,Some college,Part-time,30226,Reddit,4.6,3,3,1,5,In-store,No,Influencer,736
GZ003413,20,Male,Midwest,White,Some college,Student,8120,X,7.0,5,3,4,3,Website,Yes,Search,200
GZ003414,19,Female,Midwest,Hispanic,Some college,Full-time,14487,TikTok,5.0,5,5,1,3,Website,No,Social media,301
GZ003415,24,Female,Northeast,Asian,High school,Unemployed,5658,Snapchat,3.3,4,5,1,3,In-store,Yes,Search,62
GZ003416,22,Male,Northeast,White,High school,Gig/freelance,36846,YouTube,4.9,3,5,3,3,Mobile app,No,Search,646
GZ003417,24,Male,West,Black,Some college,Full-time,53874,Instagram,7.2,2,3,1,3,Mobile app,Yes,Influencer,449
GZ003418,27,Male,West,White,High school,Part-time,11975,Instagram,6.3,3,4,2,4,Mobile app,No,Search,270
GZ003419,19,Male,Midwest,White,High school,Unemployed,2072,YouTube,4.5,4,5,4,4,Website,Yes,Social media,33
GZ003420,21,Female,South,Black,High school,Unemployed,4964,TikTok,7.7,4,5,1,3,In-store,Yes,Search,61
GZ003421,23,Female,West,White,Some college,Part-time,10822,YouTube,9.1,3,5,4,4,Social commerce,No,Search,141
GZ003422,26,Female,Midwest,Hispanic,Some college,Full-time,36179,TikTok,7.8,5,4,1,5,In-store,No,Search,306
GZ003423,24,Male,Midwest,White,Bachelor's,Unemployed,9231,TikTok,1.4,4,4,3,4,Website,Yes,Social media,238
GZ003424,22,Female,South,Hispanic,Graduate,Student,17622,Instagram,6.5,1,2,1,4,Website,No,Social media,148
GZ003425,24,Male,South,Hispanic,Some college,Student,12210,TikTok,5.7,4,4,2,4,Website,Yes,Ads,192
GZ003426,28,Female,South,Black,High school,Full-time,29483,YouTube,1.9,4,5,3,2,Website,Yes,Search,635
GZ003427,23,Male,West,Black,Bachelor's,Gig/freelance,17548,YouTube,3.4,4,5,2,4,In-store,No,Influencer,445
GZ003428,27,Male,Northeast,Hispanic,High school,Student,11898,TikTok,7.6,4,3,2,2,Mobile app,No,Ads,336
GZ003429,26,Male,Northeast,White,High school,Part-time,30125,Reddit,6.4,3,4,1,4,Mobile app,No,Friends/word-of-mouth,427
GZ003430,21,Female,South,White,High school,Student,6927,Instagram,6.2,4,2,4,4,Social commerce,Yes,Social media,57
GZ003431,20,Prefer not to say,South,Hispanic,Some college,Part-time,14299,YouTube,4.7,4,2,1,5,Social commerce,No,Social media,339
GZ003432,26,Female,Midwest,White,High school,Part-time,18710,TikTok,8.2,4,5,1,5,In-store,No,Friends/word-of-mouth,353
GZ003433,20,Female,Midwest,White,Some college,Student,3374,TikTok,3.5,3,5,2,4,In-store,Yes,Search,57
GZ003434,21,Female,West,Asian,Bachelor's,Student,3498,Reddit,4.2,5,5,2,3,Mobile app,No,Social media,80
GZ003435,20,Female,West,White,Some college,Unemployed,1883,Reddit,5.4,5,4,3,1,In-store,Yes,Friends/word-of-mouth,54
GZ003436,24,Male,South,White,High school,Student,11211,Instagram,2.9,3,5,2,4,In-store,No,Search,146
GZ003437,21,Female,Midwest,Asian,High school,Full-time,47140,TikTok,4.2,3,4,2,3,Website,No,Friends/word-of-mouth,1009
GZ003438,25,Female,West,Hispanic,Bachelor's,Full-time,63488,YouTube,8.1,2,5,2,4,Mobile app,Yes,Search,1317
GZ003439,28,Male,South,Hispanic,Bachelor's,Part-time,3928,TikTok,4.3,4,3,3,4,Mobile app,Yes,Search,83
GZ003440,27,Male,Northeast,White,Some college,Full-time,13330,Reddit,7.6,4,1,2,4,Website,Yes,Social media,258
GZ003441,28,Male,Midwest,White,Bachelor's,Student,10845,TikTok,7.3,4,4,1,4,Website,Yes,Social media,310
GZ003442,18,Male,Northeast,Hispanic,Some college,Part-time,10936,TikTok,5.7,4,4,1,2,Website,No,Friends/word-of-mouth,148
GZ003443,23,Female,West,White,Some college,Part-time,11524,TikTok,3.2,3,4,3,5,Mobile app,No,Social media,305
GZ003444,20,Male,West,Hispanic,Some college,Full-time,61141,TikTok,6.1,2,4,3,2,Website,No,Social media,1349
GZ003445,28,Female,Northeast,White,Bachelor's,Part-time,13521,Reddit,1.8,3,4,2,3,In-store,No,Social media,368
GZ003446,25,Female,Northeast,White,High school,Full-time,33761,YouTube,4.9,5,5,2,3,Website,Yes,Friends/word-of-mouth,841
GZ003447,21,Female,Northeast,White,Some college,Student,7987,TikTok,6.5,4,5,2,3,Website,Yes,Influencer,176
GZ003448,24,Male,Midwest,White,Some college,Full-time,38419,TikTok,7.7,4,3,3,3,Social commerce,No,Social media,357
GZ003449,24,Female,West,White,High school,Gig/freelance,34013,TikTok,5.7,5,1,3,3,Website,No,Friends/word-of-mouth,712
GZ003450,23,Male,South,Black,High school,Part-time,8198,YouTube,4.8,3,3,2,4,In-store,Yes,Social media,106
GZ003451,23,Female,West,Hispanic,Some college,Student,8238,YouTube,4.6,4,5,3,2,Mobile app,No,Social media,126
GZ003452,18,Female,Northeast,White,Bachelor's,Gig/freelance,39599,TikTok,5.1,4,3,3,3,Mobile app,No,Social media,657
GZ003453,22,Female,South,Hispanic,Bachelor's,Gig/freelance,50953,Snapchat,7.2,3,5,1,1,Social commerce,No,Social media,1352
GZ003454,21,Female,Midwest,White,High school,Gig/freelance,10127,YouTube,6.7,4,5,1,2,Social commerce,No,Social media,281
GZ003455,27,Female,Northeast,White,Some college,Full-time,48256,Other,6.0,5,4,5,2,Mobile app,Yes,Social media,1177
GZ003456,27,Male,Northeast,Black,Graduate,Full-time,38406,Instagram,7.3,3,4,3,4,Social commerce,No,Social media,441
GZ003457,26,Male,Northeast,Hispanic,Bachelor's,Student,8599,TikTok,6.0,2,3,4,4,In-store,Yes,Search,142
GZ003458,18,Female,West,Hispanic,Some college,Part-time,11604,TikTok,3.3,4,5,3,3,Mobile app,Yes,Friends/word-of-mouth,97
GZ003459,27,Male,West,White,High school,Student,12061,Reddit,3.8,3,3,3,1,Mobile app,No,Search,315
GZ003460,22,Female,Northeast,White,High school,Student,11853,TikTok,7.2,4,5,1,2,In-store,No,Social media,132
GZ003461,22,Female,South,Hispanic,Some college,Full-time,89682,Instagram,3.3,3,5,1,2,Mobile app,No,Search,1958
GZ003462,28,Female,South,Hispanic,Bachelor's,Full-time,17031,Instagram,5.2,4,5,3,3,In-store,No,Influencer,330
GZ003463,27,Male,Northeast,Hispanic,Bachelor's,Student,1920,Instagram,5.8,5,4,1,4,In-store,Yes,Search,26
GZ003464,18,Female,Midwest,Two+/Other,High school,Student,17321,YouTube,3.9,4,3,2,2,Website,No,Influencer,353
GZ003465,21,Male,West,White,Some college,Gig/freelance,25392,YouTube,2.7,2,3,3,2,In-store,No,Social media,372
GZ003466,26,Female,South,Black,Bachelor's,Student,7149,TikTok,3.7,4,3,2,2,In-store,No,Social media,106
GZ003467,23,Male,West,Hispanic,Bachelor's,Full-time,45557,YouTube,2.4,4,4,3,3,Website,No,Friends/word-of-mouth,505
GZ003468,20,Female,Northeast,White,High school,Full-time,15637,Reddit,7.2,4,5,4,1,Website,No,Social media,308
GZ003469,23,Male,West,White,High school,Part-time,21044,TikTok,6.8,5,4,4,2,In-store,No,Social media,568
GZ003470,27,Male,West,Hispanic,Graduate,Part-time,17349,TikTok,4.5,3,4,2,4,Social commerce,No,Influencer,269
GZ003471,20,Female,West,White,Bachelor's,Student,13348,Other,3.3,3,5,4,5,Mobile app,Yes,Social media,271
GZ003472,26,Female,Northeast,Hispanic,High school,Student,12470,TikTok,8.3,3,2,1,3,Mobile app,No,Influencer,201
GZ003473,26,Male,Northeast,Hispanic,High school,Gig/freelance,37001,Instagram,6.9,4,2,3,3,In-store,No,Ads,525
GZ003474,27,Prefer not to say,West,White,Some college,Part-time,19545,TikTok,4.8,4,2,3,5,Social commerce,Yes,Social media,363
GZ003475,21,Male,West,Hispanic,Bachelor's,Full-time,72322,Instagram,8.4,3,5,2,3,Website,Yes,Ads,984
GZ003476,20,Female,South,Hispanic,Some college,Part-time,22667,YouTube,6.3,4,2,2,3,Mobile app,No,Friends/word-of-mouth,515
GZ003477,24,Male,West,White,Graduate,Full-time,31924,YouTube,6.6,3,4,1,3,Social commerce,No,Friends/word-of-mouth,873
GZ003478,23,Female,South,Black,Some college,Full-time,26705,Instagram,3.9,4,3,2,5,Mobile app,Yes,Social media,455
GZ003479,22,Female,West,White,Graduate,Part-time,12358,TikTok,3.0,4,4,1,4,Mobile app,No,Social media,276
GZ003480,26,Male,West,Two+/Other,Bachelor's,Part-time,22769,Instagram,2.9,3,4,2,4,Website,No,Search,306
GZ003481,26,Male,South,White,Bachelor's,Full-time,16832,Instagram,10.2,2,4,2,4,Website,No,Social media,321
GZ003482,20,Male,South,White,Some college,Student,9628,YouTube,4.3,2,4,3,3,Mobile app,Yes,Friends/word-of-mouth,199
GZ003483,26,Male,South,Hispanic,Bachelor's,Student,5626,YouTube,6.1,4,5,1,3,Website,No,Influencer,145
GZ003484,20,Female,South,White,Some college,Full-time,18316,Reddit,6.9,5,5,3,2,Website,Yes,Ads,415
GZ003485,22,Male,Midwest,White,High school,Student,4578,TikTok,6.0,3,5,3,3,Mobile app,No,Social media,66
GZ003486,18,Female,South,White,Some college,Full-time,41550,TikTok,5.7,4,4,2,4,Website,No,Search,1021
GZ003487,21,Female,South,Hispanic,Some college,Part-time,24186,Snapchat,5.6,1,3,3,3,Mobile app,Yes,Social media,628
GZ003488,28,Female,Northeast,Hispanic,Bachelor's,Student,6262,YouTube,7.0,4,4,3,4,Mobile app,Yes,Social media,123
GZ003489,22,Male,South,White,Some college,Part-time,1184,TikTok,3.9,3,5,1,4,Social commerce,Yes,Social media,23
GZ003490,25,Female,Northeast,White,Some college,Student,21775,X,5.1,3,4,1,4,Mobile app,Yes,Search,489
GZ003491,19,Female,West,White,High school,Part-time,27054,YouTube,1.4,4,5,4,3,Website,No,Social media,488
GZ003492,24,Male,Midwest,Two+/Other,Bachelor's,Full-time,59620,Instagram,2.3,2,5,3,2,Website,No,Social media,1211
GZ003493,22,Male,West,White,Some college,Part-time,31185,Snapchat,3.4,5,5,2,2,Mobile app,No,Social media,709
GZ003494,26,Male,South,Hispanic,Bachelor's,Part-time,18748,YouTube,7.7,3,5,3,4,Website,No,Social media,262
GZ003495,28,Male,Northeast,White,Some college,Full-time,39448,Instagram,5.5,4,3,3,2,Mobile app,Yes,Social media,397
GZ003496,23,Female,Midwest,Hispanic,High school,Part-time,28981,TikTok,7.4,5,3,4,4,Website,No,Search,430
GZ003497,19,Male,South,Asian,Bachelor's,Full-time,67496,Instagram,6.8,4,4,2,4,Mobile app,No,Friends/word-of-mouth,1121
GZ003498,23,Male,Midwest,White,High school,Part-time,22983,Instagram,6.5,2,5,2,3,In-store,Yes,Influencer,619
GZ003499,19,Male,West,Hispanic,Some college,Student,12574,YouTube,4.1,4,5,2,3,Social commerce,No,Social media,342
GZ003500,22,Male,Northeast,White,High school,Student,3982,Instagram,6.1,2,4,2,4,Social commerce,Yes,Social media,84
GZ003501,18,Female,Midwest,Hispanic,High school,Gig/freelance,22987,TikTok,6.5,3,5,2,2,Social commerce,No,Friends/word-of-mouth,237
GZ003502,25,Female,South,White,Graduate,Student,15900,YouTube,10.4,5,4,2,3,In-store,No,Search,178
GZ003503,21,Male,Northeast,White,Some college,Gig/freelance,35410,TikTok,5.3,2,3,2,3,Mobile app,No,Influencer,296
GZ003504,20,Female,Northeast,White,Some college,Student,3078,Snapchat,7.5,3,3,2,3,Mobile app,Yes,Search,54
GZ003505,18,Female,Midwest,White,Some college,Student,6849,YouTube,5.8,5,4,4,2,Mobile app,Yes,Influencer,153
GZ003506,27,Male,South,Asian,High school,Student,15240,YouTube,4.6,4,4,1,3,In-store,Yes,Social media,425
GZ003507,27,Male,Midwest,Black,Graduate,Gig/freelance,31326,Instagram,7.7,3,5,3,3,In-store,No,Ads,407
GZ003508,26,Male,Midwest,White,High school,Student,9736,TikTok,9.8,4,5,1,4,Mobile app,No,Social media,108
GZ003509,18,Male,South,Hispanic,Some college,Gig/freelance,28479,YouTube,6.5,3,4,3,3,Mobile app,No,Influencer,396
GZ003510,21,Male,Northeast,Hispanic,Some college,Part-time,17323,TikTok,4.6,1,4,3,3,Mobile app,Yes,Social media,340
GZ003511,28,Male,West,White,Bachelor's,Unemployed,3056,YouTube,6.9,2,4,1,4,Social commerce,No,Social media,27
GZ003512,24,Male,Northeast,White,Some college,Part-time,11247,TikTok,6.6,5,2,2,4,Mobile app,No,Search,288
GZ003513,19,Female,Midwest,Hispanic,Some college,Full-time,61095,YouTube,10.4,4,3,3,2,In-store,No,Social media,1294
GZ003514,19,Male,South,White,High school,Full-time,46489,TikTok,7.5,5,5,2,3,In-store,No,Search,1129
GZ003515,20,Female,Northeast,Hispanic,Some college,Student,11863,TikTok,4.1,3,4,4,1,In-store,Yes,Social media,334
GZ003516,28,Female,West,White,Bachelor's,Full-time,52332,Instagram,8.5,4,3,1,2,Website,No,Search,1228
GZ003517,19,Female,West,White,High school,Full-time,68624,YouTube,7.6,4,5,3,5,Mobile app,No,Friends/word-of-mouth,1729
GZ003518,27,Male,West,Hispanic,Some college,Part-time,21682,TikTok,7.9,3,5,5,2,Mobile app,No,Search,476
GZ003519,25,Male,South,Hispanic,Some college,Student,12335,Instagram,6.9,4,5,3,4,Social commerce,No,Friends/word-of-mouth,173
GZ003520,28,Male,Midwest,Two+/Other,High school,Full-time,45161,Snapchat,8.0,3,4,2,4,Website,No,Social media,575
GZ003521,27,Non-binary,West,White,Bachelor's,Student,5162,Instagram,6.9,5,4,2,3,In-store,No,Friends/word-of-mouth,148
GZ003522,21,Male,Northeast,Hispanic,Bachelor's,Student,8086,YouTube,5.5,4,4,2,3,Website,Yes,Search,136
GZ003523,27,Female,Northeast,Asian,High school,Student,11389,TikTok,6.3,4,4,3,5,Mobile app,No,Search,215
GZ003524,19,Male,Midwest,Hispanic,Some college,Student,11744,TikTok,5.8,4,5,1,4,In-store,No,Search,148
GZ003525,21,Male,South,Two+/Other,Some college,Full-time,69424,TikTok,6.7,3,5,2,5,Social commerce,Yes,Search,747
GZ003526,20,Male,Midwest,Two+/Other,High school,Unemployed,3172,Other,6.2,2,4,2,1,Mobile app,No,Search,56
GZ003527,19,Female,South,Black,Some college,Gig/freelance,28644,TikTok,5.4,3,1,4,4,Mobile app,Yes,Social media,617
GZ003528,18,Female,Midwest,Two+/Other,Some college,Part-time,16953,TikTok,5.6,4,5,4,1,Mobile app,Yes,Search,449
GZ003529,20,Male,West,Hispanic,Some college,Full-time,72699,TikTok,6.0,3,4,2,3,Social commerce,No,Social media,1104
GZ003530,19,Female,Northeast,White,Some college,Part-time,21049,Snapchat,2.4,4,3,1,3,In-store,No,Social media,351
GZ003531,22,Female,South,Asian,Some college,Gig/freelance,30628,Instagram,8.0,4,4,2,2,In-store,Yes,Social media,810
GZ003532,18,Female,South,Black,Some college,Gig/freelance,25582,Snapchat,6.7,3,4,2,3,Mobile app,No,Influencer,590
GZ003533,18,Female,Northeast,White,High school,Gig/freelance,23366,Instagram,4.8,3,2,3,3,Mobile app,Yes,Influencer,332
GZ003534,28,Female,West,White,Bachelor's,Unemployed,1392,Snapchat,7.2,4,3,2,4,Mobile app,No,Ads,38
GZ003535,18,Prefer not to say,Northeast,White,Some college,Student,3892,Reddit,5.0,4,3,1,2,In-store,No,Search,36
GZ003536,18,Male,Northeast,Black,High school,Full-time,45380,Instagram,5.0,3,3,2,3,Mobile app,Yes,Social media,986
GZ003537,18,Male,West,White,Some college,Full-time,43023,Other,6.7,3,5,2,4,Social commerce,Yes,Ads,1229
GZ003538,19,Female,West,White,Some college,Full-time,45485,X,8.9,3,3,2,4,In-store,No,Search,434
GZ003539,23,Female,West,Hispanic,Some college,Full-time,59792,TikTok,6.6,4,4,1,5,Mobile app,Yes,Influencer,1186
GZ003540,27,Female,Northeast,White,Graduate,Full-time,43756,Instagram,4.4,5,5,1,3,Mobile app,Yes,Social media,700
GZ003541,26,Female,Northeast,Two+/Other,High school,Part-time,15178,YouTube,5.3,3,4,3,4,Mobile app,Yes,Friends/word-of-mouth,256
GZ003542,24,Female,South,White,High school,Student,8149,Snapchat,7.7,3,5,3,3,Mobile app,No,Friends/word-of-mouth,108
GZ003543,18,Male,Midwest,White,Some college,Full-time,46609,YouTube,6.8,5,5,1,5,Social commerce,No,Friends/word-of-mouth,1268
GZ003544,26,Prefer not to say,South,White,Graduate,Gig/freelance,21553,YouTube,7.9,3,5,3,2,Social commerce,Yes,Social media,251
GZ003545,18,Male,West,Black,Some college,Unemployed,5915,TikTok,6.8,3,5,1,3,Mobile app,Yes,Influencer,59
GZ003546,24,Female,Midwest,Hispanic,Some college,Full-time,41786,Snapchat,7.5,3,5,2,4,Mobile app,No,Search,435
GZ003547,22,Female,Northeast,White,High school,Full-time,46756,TikTok,10.0,3,4,3,4,Mobile app,Yes,Friends/word-of-mouth,428
GZ003548,27,Female,West,White,Bachelor's,Part-time,11385,YouTube,3.3,5,5,3,4,Website,Yes,Search,229
GZ003549,21,Female,South,Asian,High school,Gig/freelance,38459,TikTok,10.8,2,3,2,3,Website,No,Social media,523
GZ003550,25,Male,South,Black,Some college,Student,14827,Snapchat,7.9,4,4,3,4,Website,No,Search,401
GZ003551,22,Female,South,Hispanic,Some college,Full-time,16236,Snapchat,11.2,4,4,2,2,Mobile app,No,Social media,398
GZ003552,23,Male,South,White,Some college,Student,10623,TikTok,4.0,3,4,3,4,Mobile app,No,Influencer,223
GZ003553,28,Male,Northeast,Two+/Other,Bachelor's,Gig/freelance,24737,Snapchat,6.8,3,5,4,1,Website,Yes,Influencer,345
GZ003554,25,Female,West,Hispanic,High school,Full-time,47368,Snapchat,6.3,3,4,1,3,Mobile app,No,Social media,1343
GZ003555,22,Female,South,White,Some college,Student,10830,TikTok,7.8,4,2,2,5,Website,Yes,Search,127
GZ003556,22,Female,Midwest,Two+/Other,High school,Part-time,0,Instagram,6.9,3,4,3,4,Mobile app,No,Search,0
GZ003557,25,Female,South,Black,Bachelor's,Full-time,56354,TikTok,6.7,4,5,1,3,Mobile app,No,Friends/word-of-mouth,852
GZ003558,21,Male,South,Hispanic,High school,Gig/freelance,39015,TikTok,7.6,3,3,3,4,In-store,No,Search,897
GZ003559,19,Male,Northeast,Black,Some college,Full-time,65148,Snapchat,5.8,5,4,2,3,Website,No,Social media,1497
GZ003560,23,Male,South,White,Some college,Gig/freelance,14947,TikTok,5.0,5,4,1,2,Social commerce,No,Friends/word-of-mouth,291
GZ003561,18,Male,West,White,Bachelor's,Student,8874,YouTube,6.9,4,4,2,1,Mobile app,Yes,Ads,135
GZ003562,19,Female,West,White,High school,Full-time,31814,TikTok,5.0,3,3,2,3,Mobile app,Yes,Social media,435
GZ003563,22,Female,South,Hispanic,Some college,Student,1243,TikTok,5.7,5,5,3,3,Website,No,Social media,21
GZ003564,26,Female,South,White,Some college,Full-time,30271,YouTube,3.1,4,5,2,3,Mobile app,No,Search,825
GZ003565,26,Female,South,White,Some college,Full-time,21510,Instagram,6.1,4,3,5,4,Mobile app,Yes,Friends/word-of-mouth,320
GZ003566,20,Male,South,Asian,Some college,Full-time,48322,Reddit,4.1,3,3,2,5,Mobile app,Yes,Influencer,1020
GZ003567,22,Male,Northeast,White,Some college,Gig/freelance,6912,TikTok,5.9,4,4,3,4,Website,No,Social media,69
GZ003568,19,Female,West,Black,High school,Unemployed,2236,YouTube,3.8,5,5,2,3,Mobile app,No,Search,26
GZ003569,26,Female,West,White,High school,Full-time,32182,YouTube,6.0,4,4,1,3,Mobile app,Yes,Influencer,277
GZ003570,20,Female,West,White,Some college,Part-time,24238,YouTube,7.8,3,4,4,4,Mobile app,No,Social media,663
GZ003571,26,Male,Northeast,White,Bachelor's,Unemployed,8999,YouTube,4.8,4,3,2,4,In-store,No,Social media,190
GZ003572,27,Female,South,White,Bachelor's,Student,10227,TikTok,4.1,4,5,2,4,Mobile app,Yes,Influencer,243
GZ003573,25,Female,Northeast,White,High school,Full-time,22493,Snapchat,7.6,3,4,3,3,Website,No,Social media,525
GZ003574,21,Female,South,White,Some college,Part-time,12499,Instagram,7.8,3,4,3,4,Social commerce,Yes,Ads,109
GZ003575,28,Male,Northeast,Hispanic,Bachelor's,Part-time,23330,Snapchat,6.8,4,3,1,5,Mobile app,No,Social media,422
GZ003576,25,Male,South,White,Some college,Full-time,16560,TikTok,5.1,5,3,2,4,In-store,Yes,Search,447
GZ003577,25,Male,South,White,Some college,Part-time,26883,TikTok,4.7,5,4,3,5,In-store,No,Influencer,634
GZ003578,27,Female,West,White,Some college,Student,10107,Instagram,5.3,4,4,2,4,Website,No,Social media,232
GZ003579,27,Female,South,White,Some college,Student,8493,Instagram,5.9,4,5,3,5,In-store,No,Search,180
GZ003580,18,Male,Midwest,White,Some college,Part-time,4352,TikTok,2.5,5,2,2,4,In-store,Yes,Search,62
GZ003581,27,Female,Midwest,White,High school,Student,12727,TikTok,4.0,3,3,1,3,In-store,No,Search,202
GZ003582,26,Female,Midwest,Hispanic,Bachelor's,Part-time,11830,TikTok,8.5,4,3,2,2,Mobile app,No,Social media,98
GZ003583,20,Male,South,Hispanic,High school,Student,9622,TikTok,6.4,5,4,2,3,Website,No,Search,215
GZ003584,21,Female,Midwest,Black,Some college,Full-time,39029,TikTok,8.5,5,3,2,3,Mobile app,Yes,Search,536
GZ003585,26,Female,South,Hispanic,Graduate,Part-time,5171,Snapchat,8.0,5,4,2,2,Mobile app,No,Social media,82
GZ003586,20,Male,Northeast,Hispanic,High school,Part-time,16131,X,5.4,3,3,2,3,Website,No,Search,162
GZ003587,22,Male,Midwest,White,High school,Part-time,8196,Instagram,5.4,3,4,2,3,Mobile app,Yes,Social media,217
GZ003588,25,Female,West,White,High school,Student,6359,TikTok,7.9,3,3,3,5,Mobile app,No,Social media,75
GZ003589,25,Female,Northeast,Hispanic,Some college,Student,10752,TikTok,7.5,3,3,3,2,Social commerce,Yes,Social media,189
GZ003590,28,Male,West,White,Some college,Part-time,23689,Snapchat,8.0,4,4,1,4,Social commerce,No,Influencer,375
GZ003591,19,Female,West,White,Some college,Part-time,17852,Reddit,6.0,4,5,4,4,Mobile app,No,Search,224
GZ003592,21,Female,South,Two+/Other,Bachelor's,Student,5420,TikTok,6.3,4,5,2,4,Mobile app,Yes,Social media,140
GZ003593,28,Male,Midwest,White,Bachelor's,Student,6377,TikTok,5.5,4,5,1,3,Mobile app,No,Friends/word-of-mouth,87
GZ003594,24,Male,South,White,Some college,Student,6307,TikTok,5.9,5,5,3,5,Mobile app,No,Social media,94
GZ003595,20,Non-binary,South,Asian,Some college,Gig/freelance,996,Instagram,4.6,4,4,2,3,Mobile app,No,Search,25
GZ003596,21,Female,Midwest,White,High school,Student,9296,TikTok,5.9,3,5,2,3,In-store,Yes,Social media,158
GZ003597,21,Female,South,White,Bachelor's,Full-time,10511,YouTube,5.7,1,5,1,4,Mobile app,Yes,Social media,211
GZ003598,24,Male,Midwest,White,High school,Gig/freelance,26891,TikTok,5.1,3,3,2,4,In-store,Yes,Ads,656
GZ003599,21,Male,South,White,Some college,Full-time,14416,TikTok,7.6,4,3,2,4,Social commerce,No,Social media,226
GZ003600,24,Female,West,Two+/Other,High school,Student,4114,YouTube,3.2,4,4,2,3,Mobile app,Yes,Social media,73
GZ003601,22,Male,Northeast,Hispanic,High school,Unemployed,5203,Snapchat,6.7,4,5,2,4,Website,No,Friends/word-of-mouth,78
GZ003602,24,Female,South,White,Bachelor's,Full-time,42464,TikTok,4.2,3,4,2,4,Mobile app,No,Search,432
GZ003603,19,Male,Midwest,White,High school,Full-time,6376,Snapchat,4.3,3,3,3,3,Website,Yes,Search,143
GZ003604,24,Male,West,White,Some college,Full-time,31438,TikTok,4.5,3,5,1,5,Mobile app,No,Search,504
GZ003605,28,Female,Northeast,Hispanic,High school,Unemployed,4471,TikTok,6.9,4,3,1,4,Website,No,Friends/word-of-mouth,42
GZ003606,19,Male,South,White,High school,Part-time,12983,TikTok,1.5,5,4,4,3,Website,No,Social media,366
GZ003607,21,Non-binary,Midwest,White,Bachelor's,Student,7610,TikTok,6.3,2,4,2,5,Social commerce,No,Social media,134
GZ003608,25,Female,West,Hispanic,High school,Full-time,46612,TikTok,6.1,4,3,2,1,Mobile app,No,Social media,404
GZ003609,24,Female,West,Black,Some college,Full-time,42844,YouTube,4.1,4,5,2,2,Mobile app,Yes,Search,678
GZ003610,25,Male,South,Asian,High school,Full-time,23246,Snapchat,6.4,4,4,1,3,Mobile app,No,Friends/word-of-mouth,550
GZ003611,24,Female,West,Black,High school,Gig/freelance,26260,TikTok,3.6,4,3,2,2,Mobile app,Yes,Social media,364
GZ003612,25,Female,West,Hispanic,Bachelor's,Full-time,36569,TikTok,5.9,5,4,2,4,Website,No,Search,328
GZ003613,24,Female,South,Black,Graduate,Unemployed,7103,Instagram,3.5,4,2,3,4,Social commerce,No,Social media,205
GZ003614,18,Male,West,Asian,Some college,Student,8582,Instagram,10.1,3,4,2,5,Website,No,Search,182
GZ003615,26,Female,Midwest,White,High school,Gig/freelance,27579,Snapchat,7.7,5,5,1,3,In-store,No,Search,515
GZ003616,22,Male,West,White,Some college,Part-time,20104,TikTok,6.5,3,5,1,4,Website,Yes,Social media,496
GZ003617,18,Female,South,White,Some college,Part-time,15389,YouTube,4.1,3,4,3,5,Mobile app,No,Social media,224
GZ003618,22,Female,South,Two+/Other,High school,Full-time,28393,Instagram,5.4,4,3,1,4,Social commerce,No,Friends/word-of-mouth,613
GZ003619,22,Male,West,Asian,Bachelor's,Part-time,21724,Snapchat,5.5,3,4,3,4,Social commerce,Yes,Influencer,196
GZ003620,18,Female,Midwest,Black,Some college,Student,10895,TikTok,6.5,3,5,2,3,Mobile app,Yes,Social media,156
GZ003621,28,Female,Northeast,White,Bachelor's,Full-time,81360,TikTok,6.8,3,5,3,5,Mobile app,No,Search,752
GZ003622,20,Female,West,Asian,High school,Unemployed,5336,TikTok,6.4,4,5,2,3,Website,No,Search,68
GZ003623,21,Male,Midwest,White,Some college,Full-time,56350,YouTube,6.7,4,5,1,2,Social commerce,Yes,Search,1455
GZ003624,22,Female,South,White,Some college,Full-time,55565,Instagram,5.7,2,5,1,3,Website,Yes,Influencer,896
GZ003625,27,Female,Northeast,Hispanic,Bachelor's,Student,6204,YouTube,6.7,4,3,1,3,Mobile app,No,Search,62
GZ003626,26,Female,South,Black,High school,Part-time,7810,TikTok,4.7,2,3,3,4,Mobile app,No,Influencer,224
GZ003627,26,Female,South,Black,Some college,Full-time,23032,TikTok,3.9,3,2,1,4,Website,Yes,Search,404
GZ003628,20,Female,South,White,Some college,Unemployed,5238,Instagram,9.7,4,3,2,3,Social commerce,No,Social media,63
GZ003629,27,Male,South,White,High school,Full-time,68868,TikTok,6.8,3,3,2,2,In-store,Yes,Social media,1087
GZ003630,27,Female,Midwest,White,Some college,Student,11972,Reddit,9.6,4,5,3,5,In-store,No,Friends/word-of-mouth,109
GZ003631,23,Female,South,White,High school,Full-time,38844,Snapchat,5.5,4,3,2,3,Mobile app,Yes,Social media,659
GZ003632,24,Male,South,Black,Graduate,Full-time,73689,TikTok,10.8,2,4,1,3,Mobile app,Yes,Search,1170
GZ003633,18,Male,South,White,High school,Part-time,14406,YouTube,6.2,5,4,1,4,In-store,Yes,Friends/word-of-mouth,395
GZ003634,26,Female,Northeast,White,Bachelor's,Gig/freelance,12566,TikTok,8.3,4,4,1,2,Mobile app,No,Search,273
GZ003635,28,Female,Midwest,White,Some college,Part-time,20049,X,6.1,3,4,1,3,Mobile app,Yes,Friends/word-of-mouth,429
GZ003636,23,Female,Northeast,Hispanic,High school,Full-time,66416,YouTube,6.3,3,3,3,4,In-store,No,Social media,1864
GZ003637,23,Male,Northeast,Black,Some college,Full-time,26052,TikTok,5.8,2,5,3,2,Website,Yes,Influencer,294
GZ003638,23,Female,Northeast,White,High school,Unemployed,931,YouTube,5.0,4,3,1,2,Website,Yes,Social media,17
GZ003639,18,Female,West,White,High school,Full-time,42712,TikTok,8.0,4,3,4,3,Mobile app,Yes,Friends/word-of-mouth,931
GZ003640,24,Female,South,Asian,Bachelor's,Student,12124,TikTok,6.0,3,4,2,4,Mobile app,Yes,Social media,220
GZ003641,25,Female,South,Hispanic,High school,Full-time,0,TikTok,7.7,3,5,3,5,Social commerce,No,Social media,0
GZ003642,28,Female,South,White,High school,Full-time,60472,Instagram,7.8,4,3,3,4,Mobile app,No,Search,840
GZ003643,28,Female,Midwest,White,High school,Full-time,16167,TikTok,8.8,5,4,2,4,Website,Yes,Social media,139
GZ003644,23,Male,South,Two+/Other,Some college,Full-time,55699,X,6.8,5,4,1,2,Website,No,Social media,761
GZ003645,28,Male,South,Hispanic,High school,Part-time,1826,Instagram,3.0,5,4,2,4,Website,No,Social media,36
GZ003646,23,Male,Midwest,White,Some college,Part-time,6053,Snapchat,5.4,5,4,3,2,In-store,No,Search,156
GZ003647,25,Male,South,White,High school,Gig/freelance,33239,TikTok,5.9,5,3,2,4,Mobile app,No,Social media,757
GZ003648,24,Female,South,White,High school,Full-time,64978,Snapchat,6.0,5,4,2,4,Mobile app,Yes,Ads,1820
GZ003649,28,Male,South,White,Bachelor's,Part-time,17925,YouTube,8.6,4,3,2,3,In-store,Yes,Social media,520
GZ003650,26,Male,Midwest,White,Graduate,Part-time,37402,YouTube,8.3,3,2,1,4,Mobile app,Yes,Influencer,524
GZ003651,19,Male,South,White,Some college,Full-time,22672,Snapchat,5.7,5,4,2,3,Social commerce,No,Search,496
GZ003652,18,Male,South,White,Bachelor's,Full-time,22431,Instagram,10.9,3,3,2,3,Mobile app,No,Friends/word-of-mouth,532
GZ003653,22,Female,South,White,Some college,Full-time,36288,YouTube,5.3,4,5,3,2,Website,Yes,Influencer,341
GZ003654,23,Female,Midwest,White,Bachelor's,Full-time,35388,Reddit,5.5,3,5,2,5,Mobile app,No,Search,670
GZ003655,25,Female,South,White,Some college,Part-time,20296,TikTok,3.8,4,5,2,3,Website,No,Search,496
GZ003656,23,Female,South,Black,Some college,Full-time,27960,TikTok,2.9,4,4,1,3,Mobile app,Yes,Search,506
GZ003657,23,Female,Northeast,White,Some college,Part-time,22596,Other,3.6,4,4,5,4,Mobile app,Yes,Ads,383
GZ003658,28,Female,Northeast,Black,Graduate,Part-time,22403,Reddit,8.0,4,5,2,3,Social commerce,No,Social media,442
GZ003659,21,Female,South,Asian,Bachelor's,Part-time,31068,Instagram,7.5,4,3,1,1,In-store,No,Search,328
GZ003660,23,Male,South,Asian,High school,Full-time,32730,Snapchat,4.2,4,4,3,5,In-store,Yes,Search,323
GZ003661,24,Male,South,White,Some college,Part-time,20729,Reddit,6.2,2,5,2,3,Social commerce,No,Friends/word-of-mouth,177
GZ003662,23,Male,Midwest,White,Some college,Part-time,22907,Instagram,7.6,4,3,3,3,Mobile app,No,Social media,387
GZ003663,28,Female,South,Hispanic,High school,Unemployed,3986,TikTok,1.9,3,4,3,3,Mobile app,No,Friends/word-of-mouth,71
GZ003664,28,Male,Northeast,White,Bachelor's,Full-time,37999,Instagram,9.5,4,4,3,3,In-store,No,Social media,1065
GZ003665,23,Male,Midwest,White,Bachelor's,Full-time,2994,Instagram,8.1,3,3,1,3,Mobile app,Yes,Friends/word-of-mouth,81
GZ003666,22,Male,West,White,Graduate,Gig/freelance,26975,TikTok,7.6,5,5,2,4,In-store,No,Social media,438
GZ003667,24,Male,South,Hispanic,Graduate,Full-time,53254,X,8.4,4,3,1,2,Website,No,Influencer,1519
GZ003668,19,Female,Northeast,Black,Some college,Full-time,40907,YouTube,1.9,5,5,2,4,Mobile app,Yes,Social media,475
GZ003669,22,Female,Midwest,White,Bachelor's,Gig/freelance,16847,Snapchat,5.6,3,4,3,4,In-store,No,Influencer,223
GZ003670,20,Male,Midwest,Asian,Some college,Part-time,4398,YouTube,8.5,3,5,1,2,Website,No,Search,84
GZ003671,19,Non-binary,South,Black,High school,Student,10834,TikTok,6.0,3,4,5,4,Mobile app,No,Influencer,174
GZ003672,19,Female,Midwest,White,Some college,Full-time,42626,YouTube,7.5,4,4,2,3,In-store,No,Social media,826
GZ003673,24,Female,Midwest,White,Graduate,Full-time,68270,YouTube,8.9,3,5,1,3,Mobile app,No,Influencer,576
GZ003674,18,Female,Northeast,White,Some college,Full-time,14606,YouTube,7.4,2,3,3,4,Mobile app,Yes,Search,327
GZ003675,25,Female,West,Asian,Bachelor's,Student,7095,TikTok,5.5,3,3,5,4,In-store,No,Social media,99
GZ003676,22,Non-binary,West,Hispanic,High school,Part-time,7297,Snapchat,7.2,4,5,1,4,Website,No,Ads,107
GZ003677,22,Male,West,Hispanic,Bachelor's,Student,13152,TikTok,2.7,3,5,3,2,Mobile app,Yes,Social media,359
GZ003678,26,Female,Midwest,Hispanic,Some college,Unemployed,6230,Instagram,7.0,4,4,1,3,Website,No,Social media,166
GZ003679,23,Female,Northeast,White,Bachelor's,Unemployed,7460,Instagram,7.5,3,5,2,4,In-store,No,Social media,125
GZ003680,26,Female,West,Asian,Bachelor's,Full-time,51854,Other,6.3,2,4,1,3,Mobile app,No,Search,838
GZ003681,25,Female,South,Asian,Some college,Student,12196,TikTok,8.3,5,5,3,3,Social commerce,Yes,Friends/word-of-mouth,302
GZ003682,18,Male,South,Hispanic,High school,Student,10766,TikTok,6.6,4,4,2,3,Mobile app,No,Social media,253
GZ003683,20,Male,West,White,Some college,Student,11321,Other,6.3,4,3,3,4,Mobile app,Yes,Friends/word-of-mouth,126
GZ003684,24,Male,Northeast,White,High school,Unemployed,4088,X,9.7,4,5,1,3,Mobile app,No,Influencer,68
GZ003685,28,Female,South,White,High school,Student,11506,TikTok,4.1,3,5,2,4,Social commerce,No,Search,215
GZ003686,19,Male,West,White,High school,Student,17666,Snapchat,8.8,3,4,1,2,Mobile app,No,Ads,321
GZ003687,19,Male,Northeast,Hispanic,Some college,Full-time,46133,Reddit,8.6,5,4,5,4,In-store,Yes,Social media,483
GZ003688,28,Female,West,Black,High school,Student,9097,TikTok,7.7,4,5,4,2,Mobile app,Yes,Friends/word-of-mouth,195
GZ003689,28,Male,South,Asian,Some college,Student,9802,YouTube,5.2,4,3,4,4,Social commerce,Yes,Friends/word-of-mouth,211
GZ003690,19,Male,South,White,Some college,Student,8396,TikTok,6.7,3,4,4,4,Social commerce,No,Search,207
GZ003691,22,Male,West,White,Some college,Student,9998,Snapchat,4.4,4,4,2,3,Mobile app,No,Social media,209
GZ003692,24,Female,South,White,Bachelor's,Part-time,16517,TikTok,4.9,5,4,2,4,Mobile app,Yes,Search,152
GZ003693,20,Female,Midwest,Two+/Other,High school,Part-time,27266,YouTube,6.3,4,2,3,4,Mobile app,No,Social media,365
GZ003694,21,Male,West,Black,Some college,Unemployed,5879,Snapchat,4.2,4,3,3,2,Social commerce,No,Social media,114
GZ003695,22,Female,Midwest,White,Bachelor's,Full-time,82936,TikTok,5.5,5,4,1,2,In-store,Yes,Search,1408
GZ003696,25,Female,West,Hispanic,Some college,Student,8904,YouTube,3.8,4,5,1,3,Social commerce,No,Search,187
GZ003697,21,Male,South,Hispanic,High school,Student,10168,TikTok,7.3,5,4,1,3,Website,No,Friends/word-of-mouth,99
GZ003698,22,Female,South,White,High school,Part-time,20000,TikTok,9.3,4,5,2,3,In-store,Yes,Social media,294
GZ003699,21,Female,South,White,Some college,Part-time,19616,Reddit,10.4,4,3,2,2,Social commerce,Yes,Influencer,252
GZ003700,26,Non-binary,South,White,Some college,Part-time,27152,Reddit,3.9,4,4,2,1,Mobile app,No,Search,556
GZ003701,19,Male,Midwest,White,High school,Gig/freelance,6987,YouTube,4.3,5,4,3,5,Mobile app,No,Friends/word-of-mouth,76
GZ003702,20,Male,South,Hispanic,High school,Full-time,50707,Reddit,5.9,3,4,1,5,Mobile app,Yes,Social media,781
GZ003703,20,Male,Midwest,White,Some college,Unemployed,7592,TikTok,7.6,4,5,1,3,Website,Yes,Friends/word-of-mouth,197
GZ003704,27,Female,South,Hispanic,High school,Student,14519,Instagram,5.8,5,4,2,2,In-store,No,Friends/word-of-mouth,334
GZ003705,28,Female,South,Hispanic,Bachelor's,Part-time,28113,Reddit,8.2,4,4,3,5,Social commerce,No,Social media,494
GZ003706,23,Male,South,Hispanic,High school,Full-time,57914,Reddit,7.3,3,5,2,1,In-store,Yes,Search,1088
GZ003707,19,Female,West,Asian,High school,Full-time,30739,Instagram,2.7,3,3,3,4,Mobile app,No,Social media,265
GZ003708,26,Female,Midwest,White,Bachelor's,Full-time,27827,TikTok,6.3,4,3,1,4,Social commerce,Yes,Ads,703
GZ003709,23,Female,Midwest,Hispanic,Some college,Full-time,27975,YouTube,3.7,3,4,2,3,In-store,Yes,Ads,417
GZ003710,27,Male,South,White,Bachelor's,Full-time,20483,TikTok,5.1,3,3,2,5,Mobile app,Yes,Search,276
GZ003711,21,Female,West,Hispanic,Some college,Unemployed,5703,Snapchat,5.4,2,5,2,3,Social commerce,No,Social media,85
GZ003712,28,Male,Midwest,White,High school,Student,14946,TikTok,7.7,3,2,3,4,Mobile app,Yes,Search,186
GZ003713,26,Female,South,White,Bachelor's,Gig/freelance,31082,Instagram,6.2,5,4,2,3,Website,Yes,Social media,788
GZ003714,20,Male,South,White,High school,Student,12259,TikTok,5.3,3,5,2,2,In-store,No,Friends/word-of-mouth,116
GZ003715,25,Female,South,Hispanic,Some college,Student,10188,YouTube,10.4,5,5,2,5,Mobile app,Yes,Search,185
GZ003716,21,Female,South,Hispanic,Some college,Gig/freelance,32654,X,4.4,3,4,1,3,In-store,No,Search,718
GZ003717,21,Male,Northeast,Hispanic,High school,Full-time,1987,Instagram,6.8,3,5,2,3,Website,Yes,Social media,18
GZ003718,20,Male,South,White,Some college,Student,10274,X,7.6,4,5,2,4,Website,Yes,Social media,197
GZ003719,25,Female,West,Hispanic,Graduate,Gig/freelance,21021,Instagram,6.6,2,4,2,5,Website,No,Social media,352
GZ003720,20,Female,Midwest,Hispanic,High school,Unemployed,3927,TikTok,4.4,5,4,1,2,Mobile app,No,Search,92
GZ003721,25,Female,South,White,Bachelor's,Part-time,19828,Snapchat,4.3,4,3,2,5,Mobile app,Yes,Search,530
GZ003722,24,Female,Midwest,Hispanic,High school,Gig/freelance,17627,TikTok,7.5,5,2,3,3,Mobile app,Yes,Influencer,159
GZ003723,26,Male,South,Hispanic,Some college,Part-time,9287,TikTok,8.3,3,5,3,3,Mobile app,No,Friends/word-of-mouth,129
GZ003724,28,Female,West,Black,High school,Full-time,27901,YouTube,6.1,4,5,2,3,Website,No,Search,609
GZ003725,18,Male,South,White,Some college,Full-time,14626,TikTok,3.6,5,3,1,3,Website,No,Social media,413
GZ003726,28,Female,South,White,High school,Part-time,8642,Reddit,6.2,4,4,2,2,Mobile app,No,Search,243
GZ003727,19,Male,South,Two+/Other,Some college,Full-time,22761,Instagram,9.3,3,3,3,4,In-store,Yes,Ads,662
GZ003728,23,Female,Midwest,Black,High school,Full-time,14876,TikTok,4.2,3,4,4,4,In-store,Yes,Search,387
GZ003729,21,Female,Midwest,White,High school,Full-time,51993,Instagram,5.6,3,4,2,3,Mobile app,Yes,Search,561
GZ003730,25,Female,Midwest,Asian,Bachelor's,Gig/freelance,15464,TikTok,6.3,4,5,1,4,Mobile app,Yes,Social media,389
GZ003731,25,Male,South,White,High school,Gig/freelance,4200,YouTube,8.4,4,3,3,3,Mobile app,No,Social media,49
GZ003732,27,Male,Northeast,Black,High school,Gig/freelance,21305,TikTok,5.2,3,3,3,3,In-store,No,Search,403
GZ003733,22,Male,South,White,Some college,Student,4491,Snapchat,7.2,4,5,2,4,Mobile app,No,Influencer,90
GZ003734,28,Female,Midwest,White,Graduate,Unemployed,6626,TikTok,9.0,3,4,2,3,Mobile app,No,Friends/word-of-mouth,141
GZ003735,21,Female,Midwest,Two+/Other,Some college,Part-time,19076,TikTok,3.3,3,5,1,3,Social commerce,Yes,Influencer,208
GZ003736,20,Female,West,White,Some college,Part-time,6089,YouTube,3.6,5,5,3,4,Website,No,Friends/word-of-mouth,147
GZ003737,22,Female,West,Black,High school,Part-time,22606,Instagram,6.0,4,5,3,2,Mobile app,No,Search,221
GZ003738,23,Male,Midwest,White,Some college,Full-time,43606,Instagram,8.2,2,4,2,4,Website,Yes,Search,1233
GZ003739,25,Male,Midwest,White,Some college,Student,8033,Instagram,6.9,2,4,4,3,Mobile app,No,Social media,153
GZ003740,27,Male,South,Asian,Some college,Part-time,30754,TikTok,8.4,3,4,3,4,Social commerce,No,Friends/word-of-mouth,464
GZ003741,20,Male,Midwest,Hispanic,High school,Unemployed,2244,Instagram,2.8,4,4,2,5,Social commerce,No,Search,27
GZ003742,21,Female,South,Black,Some college,Full-time,61564,X,6.9,5,5,1,3,Mobile app,No,Search,1698
GZ003743,28,Female,West,Black,Bachelor's,Full-time,34260,TikTok,0.5,5,4,1,4,Social commerce,No,Ads,795
GZ003744,22,Male,Midwest,White,Bachelor's,Part-time,17851,YouTube,8.9,4,4,2,4,In-store,Yes,Social media,355
GZ003745,20,Female,Midwest,White,Some college,Full-time,27828,TikTok,8.6,5,4,3,4,Mobile app,No,Search,651
GZ003746,28,Female,West,White,Some college,Unemployed,2765,Reddit,5.6,4,4,5,4,In-store,No,Social media,72
GZ003747,22,Male,South,Hispanic,Some college,Student,7234,TikTok,1.6,5,3,2,3,Mobile app,Yes,Social media,131
GZ003748,28,Male,West,White,Some college,Part-time,2603,TikTok,5.8,3,4,3,5,Mobile app,No,Influencer,73
GZ003749,28,Male,South,White,High school,Student,10403,Instagram,8.5,2,3,1,3,In-store,Yes,Social media,136
GZ003750,27,Female,West,Black,High school,Part-time,18930,YouTube,7.0,3,4,3,3,Mobile app,No,Influencer,466
GZ003751,24,Male,West,White,Some college,Full-time,13693,TikTok,9.9,4,5,2,3,Social commerce,No,Search,295
GZ003752,26,Female,Midwest,Hispanic,High school,Part-time,23345,Snapchat,5.6,5,5,1,4,Website,Yes,Search,680
GZ003753,28,Female,South,White,High school,Full-time,69538,TikTok,10.3,4,5,4,2,Website,No,Ads,1815
GZ003754,20,Female,South,White,High school,Student,6308,Reddit,2.2,3,5,2,5,In-store,Yes,Search,182
GZ003755,18,Male,West,White,Some college,Gig/freelance,16818,Reddit,4.7,5,3,3,5,In-store,No,Social media,383
GZ003756,21,Male,South,White,High school,Full-time,63043,Snapchat,3.6,3,5,2,2,Mobile app,Yes,Friends/word-of-mouth,1280
GZ003757,25,Male,South,Hispanic,Bachelor's,Student,10633,YouTube,7.7,4,3,2,4,Mobile app,No,Search,187
GZ003758,24,Female,South,White,High school,Student,8449,YouTube,3.8,5,5,2,2,Social commerce,Yes,Search,146
GZ003759,18,Female,West,Black,High school,Part-time,24597,Snapchat,8.2,3,3,2,3,Mobile app,Yes,Influencer,572
GZ003760,24,Female,South,Black,Some college,Part-time,20220,TikTok,7.6,5,3,4,3,Website,No,Friends/word-of-mouth,232
GZ003761,19,Male,West,White,Some college,Part-time,29570,Snapchat,6.6,5,5,1,3,Mobile app,No,Social media,412
GZ003762,23,Female,Northeast,Black,Bachelor's,Part-time,17864,Instagram,6.0,4,5,3,4,In-store,No,Social media,311
GZ003763,24,Female,West,Asian,Some college,Part-time,21454,Snapchat,4.1,5,5,2,4,Mobile app,No,Social media,557
GZ003764,25,Male,South,White,Some college,Full-time,62753,Instagram,7.4,3,4,3,4,In-store,No,Social media,546
GZ003765,22,Female,South,Asian,Some college,Part-time,0,YouTube,5.2,4,3,3,3,In-store,No,Ads,0
GZ003766,22,Male,South,White,Graduate,Student,13593,Instagram,7.7,4,4,1,3,Website,Yes,Social media,355
GZ003767,25,Female,West,Hispanic,Bachelor's,Part-time,13908,Instagram,9.2,3,4,2,3,Mobile app,Yes,Ads,263
GZ003768,26,Male,Midwest,White,Some college,Unemployed,4899,Instagram,5.6,3,4,4,5,Mobile app,No,Search,82
GZ003769,26,Female,South,Black,Bachelor's,Full-time,73451,YouTube,8.8,5,3,3,3,Mobile app,No,Search,669
GZ003770,21,Female,South,Black,High school,Part-time,15522,TikTok,6.6,5,5,3,5,Mobile app,Yes,Influencer,318
GZ003771,22,Female,South,Two+/Other,Some college,Student,7155,X,7.4,5,5,3,3,Mobile app,Yes,Social media,159
GZ003772,21,Female,South,Two+/Other,Bachelor's,Student,8778,Snapchat,3.6,3,5,3,3,Website,No,Social media,96
GZ003773,23,Male,Northeast,White,Some college,Unemployed,1385,Reddit,4.8,4,2,2,4,Social commerce,No,Social media,30
GZ003774,19,Female,South,Hispanic,High school,Full-time,83563,Reddit,4.8,3,3,2,5,In-store,Yes,Friends/word-of-mouth,2356
GZ003775,22,Female,South,White,Bachelor's,Part-time,17655,Instagram,8.9,5,4,3,4,Mobile app,Yes,Search,349
GZ003776,20,Male,South,White,Some college,Student,15664,Reddit,5.5,5,4,2,4,In-store,Yes,Search,203
GZ003777,23,Female,South,White,Bachelor's,Student,7650,Instagram,7.5,5,4,3,3,Mobile app,No,Friends/word-of-mouth,186
GZ003778,27,Male,South,Asian,Some college,Student,9137,TikTok,6.1,5,3,1,2,Mobile app,No,Search,104
GZ003779,28,Male,West,Hispanic,Bachelor's,Gig/freelance,37047,TikTok,5.5,4,3,2,3,Mobile app,Yes,Search,462
GZ003780,22,Female,South,White,High school,Full-time,21168,TikTok,3.3,4,5,2,5,In-store,No,Influencer,504
GZ003781,18,Male,South,Two+/Other,Some college,Student,8584,TikTok,2.4,5,3,5,2,Mobile app,No,Search,227
GZ003782,20,Female,West,Black,Some college,Student,12672,Instagram,5.5,4,2,2,3,Mobile app,No,Friends/word-of-mouth,187
GZ003783,19,Female,West,White,Bachelor's,Student,8137,Other,5.6,3,3,3,2,Mobile app,Yes,Search,161
GZ003784,26,Female,South,White,Bachelor's,Full-time,32869,TikTok,4.4,5,4,1,3,In-store,No,Social media,659
GZ003785,28,Male,Northeast,Hispanic,High school,Gig/freelance,39048,Reddit,6.5,3,4,1,2,Social commerce,No,Ads,927
GZ003786,24,Male,South,Hispanic,High school,Student,14674,Snapchat,10.1,4,4,3,2,Website,No,Social media,173
GZ003787,19,Male,Northeast,White,Some college,Full-time,71486,Reddit,9.2,3,3,2,4,Social commerce,No,Social media,715
GZ003788,18,Male,Northeast,Hispanic,Some college,Full-time,29242,Snapchat,6.2,1,4,2,4,Website,Yes,Social media,689
GZ003789,28,Female,West,White,Bachelor's,Student,6653,Other,6.2,4,4,2,4,Website,Yes,Ads,186
GZ003790,21,Male,South,White,Some college,Unemployed,3151,TikTok,7.4,5,5,2,2,Social commerce,Yes,Search,89
GZ003791,19,Male,Northeast,White,Some college,Part-time,23820,Instagram,6.6,4,5,1,2,Website,Yes,Social media,606
GZ003792,19,Male,South,White,Some college,Gig/freelance,11997,Instagram,7.4,5,4,2,1,Website,No,Social media,330
GZ003793,20,Male,South,White,High school,Part-time,8763,TikTok,6.7,4,5,2,2,Mobile app,No,Social media,116
GZ003794,25,Non-binary,West,Hispanic,High school,Part-time,12213,Instagram,6.3,4,4,3,2,Social commerce,Yes,Social media,108
GZ003795,27,Female,West,White,Bachelor's,Student,5200,Instagram,4.8,4,5,3,3,Mobile app,No,Social media,62
GZ003796,21,Male,Northeast,White,Some college,Full-time,58714,Other,6.8,4,4,1,4,Website,Yes,Search,1231
GZ003797,25,Male,Midwest,White,Bachelor's,Full-time,57440,TikTok,1.6,4,5,2,3,In-store,Yes,Social media,1109
GZ003798,18,Male,Northeast,Two+/Other,High school,Student,7049,Reddit,6.6,5,5,4,5,Website,No,Ads,200
GZ003799,18,Female,Midwest,White,Some college,Full-time,38335,TikTok,2.0,3,4,3,5,In-store,No,Social media,401
GZ003800,18,Male,Midwest,White,High school,Full-time,0,YouTube,6.6,4,4,3,3,In-store,Yes,Influencer,0
GZ003801,28,Female,West,White,Some college,Full-time,33354,TikTok,4.1,4,5,2,1,Social commerce,No,Influencer,289
GZ003802,24,Male,Northeast,Hispanic,High school,Full-time,65510,X,8.7,5,4,3,3,Mobile app,Yes,Social media,882
GZ003803,26,Male,Northeast,White,High school,Full-time,32326,YouTube,6.3,2,3,1,3,Mobile app,No,Social media,540
GZ003804,18,Female,Northeast,White,Bachelor's,Part-time,9150,TikTok,6.1,2,2,2,4,Social commerce,Yes,Friends/word-of-mouth,146
GZ003805,18,Male,Midwest,Black,Some college,Unemployed,6477,Reddit,6.9,4,4,3,2,Mobile app,Yes,Ads,60
GZ003806,27,Female,West,Hispanic,Some college,Student,4486,TikTok,4.4,5,5,3,2,In-store,No,Search,91
GZ003807,19,Male,South,Hispanic,Some college,Student,15261,Reddit,8.3,3,2,3,4,Website,Yes,Social media,215
GZ003808,19,Male,Northeast,White,High school,Full-time,96581,TikTok,7.5,4,3,3,3,Social commerce,Yes,Social media,920
GZ003809,23,Female,South,Asian,Some college,Full-time,39932,TikTok,5.0,5,5,2,3,Mobile app,Yes,Friends/word-of-mouth,665
GZ003810,24,Male,South,Asian,Bachelor's,Gig/freelance,40552,TikTok,4.0,4,4,2,3,In-store,No,Social media,1122
GZ003811,20,Female,West,Hispanic,Bachelor's,Student,2240,YouTube,5.3,3,4,4,3,Website,Yes,Social media,61
GZ003812,22,Male,West,Black,High school,Gig/freelance,5958,Snapchat,5.8,4,5,4,4,Mobile app,Yes,Social media,75
GZ003813,25,Male,West,Black,Some college,Part-time,11546,YouTube,3.8,4,4,2,1,Website,Yes,Friends/word-of-mouth,140
GZ003814,22,Female,South,Two+/Other,High school,Student,12330,TikTok,5.1,4,4,1,3,Website,Yes,Social media,271
GZ003815,22,Male,South,White,Some college,Part-time,18014,Instagram,4.8,4,3,2,4,Mobile app,Yes,Friends/word-of-mouth,484
GZ003816,18,Male,South,Two+/Other,Some college,Full-time,38477,Instagram,5.6,3,4,2,4,Mobile app,Yes,Social media,750
GZ003817,22,Male,South,Hispanic,Bachelor's,Gig/freelance,10897,Instagram,5.6,3,3,1,5,Social commerce,No,Friends/word-of-mouth,224
GZ003818,26,Male,South,Hispanic,High school,Full-time,39593,Instagram,7.0,4,3,4,3,In-store,Yes,Influencer,827
GZ003819,24,Male,Midwest,White,High school,Part-time,12786,Instagram,6.1,3,3,2,3,In-store,Yes,Influencer,280
GZ003820,27,Male,South,White,High school,Full-time,24564,Instagram,6.8,3,5,1,5,Mobile app,Yes,Social media,669
GZ003821,19,Female,South,Black,Some college,Student,4920,YouTube,6.5,3,4,2,3,Website,Yes,Search,107
GZ003822,18,Female,South,Hispanic,High school,Gig/freelance,28245,TikTok,5.6,3,3,2,5,Mobile app,Yes,Ads,308
GZ003823,24,Male,West,White,Some college,Part-time,12165,Reddit,7.4,4,5,2,4,Mobile app,No,Friends/word-of-mouth,334
GZ003824,19,Female,Northeast,Hispanic,High school,Unemployed,3988,Snapchat,0.5,3,4,3,4,Social commerce,Yes,Influencer,67
GZ003825,24,Male,South,White,Bachelor's,Full-time,8565,Snapchat,5.3,3,5,4,3,Mobile app,No,Influencer,72
GZ003826,27,Female,South,White,Some college,Gig/freelance,31886,Snapchat,4.9,4,3,3,3,Website,Yes,Social media,665
GZ003827,21,Male,Midwest,Hispanic,Some college,Student,9974,Instagram,6.2,2,5,1,3,Social commerce,Yes,Social media,265
GZ003828,24,Male,South,Hispanic,Some college,Unemployed,3583,X,4.7,3,5,2,3,In-store,Yes,Friends/word-of-mouth,77
GZ003829,25,Female,Midwest,White,Bachelor's,Student,9654,Instagram,7.1,5,5,2,4,Mobile app,Yes,Friends/word-of-mouth,85
GZ003830,19,Female,Northeast,White,High school,Part-time,25566,Instagram,7.5,3,4,3,5,Website,No,Social media,493
GZ003831,27,Female,West,White,Graduate,Part-time,6264,Snapchat,3.2,4,4,3,2,Website,No,Influencer,152
GZ003832,20,Male,Northeast,Hispanic,High school,Gig/freelance,26780,Reddit,6.4,3,4,2,5,Website,Yes,Social media,466
GZ003833,26,Male,West,Asian,Some college,Gig/freelance,10729,Instagram,3.4,4,3,2,4,In-store,Yes,Influencer,139
GZ003834,25,Female,West,Black,Graduate,Student,9354,Snapchat,7.0,3,3,3,4,Website,Yes,Social media,263
GZ003835,19,Male,South,Hispanic,Some college,Student,7951,YouTube,5.1,2,4,2,3,In-store,Yes,Search,75
GZ003836,25,Female,South,White,Some college,Part-time,17798,Instagram,4.4,3,3,3,3,Mobile app,No,Ads,165
GZ003837,20,Female,South,White,Some college,Full-time,58035,Reddit,2.6,4,5,3,5,In-store,No,Search,1254
GZ003838,24,Female,West,Black,Some college,Full-time,57469,Instagram,5.8,4,5,4,3,Website,No,Social media,855
GZ003839,28,Female,West,White,Some college,Student,13401,Snapchat,3.7,4,5,3,4,In-store,Yes,Social media,367
GZ003840,28,Male,South,White,Some college,Student,7394,Snapchat,3.0,3,5,4,3,In-store,Yes,Search,186
GZ003841,27,Male,West,Hispanic,Bachelor's,Student,11847,TikTok,6.4,5,3,2,3,Mobile app,No,Friends/word-of-mouth,217
GZ003842,23,Male,South,Hispanic,Bachelor's,Student,11051,Reddit,7.9,3,5,3,4,Mobile app,No,Friends/word-of-mouth,201
GZ003843,24,Male,South,White,Some college,Part-time,14993,TikTok,6.8,3,4,3,4,In-store,Yes,Search,379
GZ003844,21,Female,South,White,Some college,Full-time,44215,Snapchat,3.1,3,5,1,4,Website,Yes,Social media,1067
GZ003845,28,Female,Midwest,Hispanic,Bachelor's,Full-time,39501,YouTube,5.7,3,5,2,3,Website,No,Social media,849
GZ003846,23,Male,West,White,Bachelor's,Full-time,68363,YouTube,7.4,3,5,2,3,Social commerce,No,Friends/word-of-mouth,1541
GZ003847,26,Male,Midwest,White,Some college,Student,12281,Reddit,5.7,4,5,2,4,Mobile app,No,Search,332
GZ003848,21,Male,South,Black,Bachelor's,Student,7639,YouTube,6.7,2,4,2,5,Website,No,Social media,77
GZ003849,26,Male,West,Two+/Other,High school,Gig/freelance,21256,TikTok,5.1,3,4,2,3,Mobile app,Yes,Ads,267
GZ003850,20,Male,Northeast,White,High school,Full-time,60098,YouTube,5.2,3,5,2,5,Mobile app,No,Search,899
GZ003851,26,Male,South,White,High school,Gig/freelance,41677,YouTube,4.7,4,4,2,3,Website,Yes,Friends/word-of-mouth,667
GZ003852,18,Male,West,White,Some college,Student,10277,Instagram,7.2,4,4,2,4,Mobile app,No,Search,112
GZ003853,19,Male,South,White,Some college,Full-time,54447,TikTok,7.4,3,4,2,4,Mobile app,No,Social media,1191
GZ003854,21,Female,South,Black,Some college,Student,14277,Instagram,4.9,4,5,1,3,Mobile app,No,Influencer,242
GZ003855,23,Female,West,Hispanic,Some college,Unemployed,3685,Reddit,7.5,4,5,1,3,Website,Yes,Search,49
GZ003856,25,Male,South,White,Some college,Part-time,18676,YouTube,3.1,4,3,1,2,Social commerce,No,Friends/word-of-mouth,489
GZ003857,21,Female,West,Black,Some college,Student,10971,Reddit,5.7,3,5,2,4,In-store,No,Search,213
GZ003858,18,Male,Northeast,White,Some college,Full-time,33891,Instagram,3.3,4,5,3,3,In-store,Yes,Friends/word-of-mouth,507
GZ003859,21,Male,South,Hispanic,High school,Full-time,74111,X,3.7,5,4,2,3,Mobile app,No,Ads,1894
GZ003860,22,Female,South,Asian,Bachelor's,Full-time,33721,Snapchat,3.3,4,3,2,3,Mobile app,No,Social media,613
GZ003861,23,Female,Midwest,White,Some college,Full-time,43158,Instagram,4.7,5,5,2,4,In-store,No,Influencer,736
GZ003862,25,Male,West,White,Some college,Student,16761,Instagram,7.2,4,5,4,4,Mobile app,Yes,Social media,391
GZ003863,20,Male,Northeast,Black,Some college,Full-time,6812,Other,5.8,5,5,2,2,In-store,Yes,Search,189
GZ003864,24,Female,South,White,Some college,Student,9874,X,4.8,5,3,2,3,Mobile app,Yes,Influencer,229
GZ003865,24,Male,Midwest,White,Some college,Gig/freelance,18271,Instagram,5.7,2,4,1,2,Website,Yes,Search,500
GZ003866,26,Female,Northeast,White,Some college,Gig/freelance,26001,Snapchat,1.9,5,4,4,3,Website,No,Social media,755
GZ003867,23,Female,South,White,Some college,Full-time,19208,Reddit,7.1,4,5,1,4,Mobile app,Yes,Social media,495
GZ003868,26,Female,Midwest,White,Some college,Full-time,34990,TikTok,1.5,4,5,2,4,In-store,Yes,Friends/word-of-mouth,808
GZ003869,20,Male,Midwest,White,High school,Part-time,18200,Instagram,4.6,3,4,2,4,Mobile app,Yes,Social media,336
GZ003870,25,Male,Midwest,White,High school,Full-time,46504,YouTube,5.8,3,4,2,4,Mobile app,No,Social media,758
GZ003871,18,Male,South,White,Some college,Part-time,25254,TikTok,6.9,3,5,3,3,Mobile app,Yes,Friends/word-of-mouth,573
GZ003872,19,Female,West,Hispanic,Some college,Student,0,Snapchat,6.5,5,5,2,3,In-store,No,Social media,0
GZ003873,27,Non-binary,South,Black,Bachelor's,Student,8490,TikTok,5.9,4,5,2,2,Website,No,Social media,160
GZ003874,23,Male,Northeast,Hispanic,Bachelor's,Full-time,38698,Instagram,8.9,2,5,1,3,Social commerce,No,Friends/word-of-mouth,963
GZ003875,24,Female,South,Hispanic,Bachelor's,Full-time,40785,Instagram,10.0,3,5,4,3,Mobile app,Yes,Friends/word-of-mouth,1028
GZ003876,24,Female,South,Black,Some college,Gig/freelance,26377,YouTube,6.0,2,3,3,4,Mobile app,No,Social media,342
GZ003877,25,Female,Northeast,White,Some college,Unemployed,2505,TikTok,5.8,5,3,3,4,Social commerce,No,Search,52
GZ003878,20,Male,South,White,High school,Student,2734,Instagram,5.7,4,3,2,5,Mobile app,Yes,Social media,78
GZ003879,19,Female,West,White,Some college,Student,9879,TikTok,4.8,4,4,2,3,Mobile app,No,Influencer,266
GZ003880,18,Female,South,White,Bachelor's,Student,4973,TikTok,6.8,4,4,3,4,In-store,No,Friends/word-of-mouth,45
GZ003881,27,Male,Midwest,Two+/Other,Some college,Full-time,49611,Snapchat,8.5,5,5,1,4,Mobile app,No,Friends/word-of-mouth,1291
GZ003882,20,Male,South,White,Some college,Gig/freelance,15034,TikTok,1.0,3,5,3,5,Website,No,Friends/word-of-mouth,399
GZ003883,24,Male,West,Black,Some college,Full-time,55092,TikTok,5.7,4,4,2,4,Mobile app,Yes,Social media,770
GZ003884,23,Male,West,White,Graduate,Student,8779,TikTok,9.0,4,5,3,3,Social commerce,Yes,Social media,250
GZ003885,19,Female,South,White,High school,Full-time,42282,Instagram,6.8,3,3,4,4,Website,No,Search,729
GZ003886,22,Male,South,White,Bachelor's,Student,8002,TikTok,6.8,3,3,2,4,Website,No,Friends/word-of-mouth,191
GZ003887,18,Female,South,White,Some college,Student,7352,Instagram,2.8,3,3,1,5,Mobile app,Yes,Ads,67
GZ003888,19,Female,Midwest,White,Some college,Student,8056,YouTube,7.4,4,5,1,3,Mobile app,No,Social media,94
GZ003889,19,Non-binary,South,Hispanic,Some college,Part-time,27571,TikTok,8.0,5,5,2,3,Mobile app,No,Influencer,465
GZ003890,27,Female,South,White,Graduate,Student,2785,TikTok,6.4,4,5,4,5,Social commerce,Yes,Social media,28
GZ003891,24,Female,South,Black,Bachelor's,Student,6375,Instagram,4.7,4,4,2,2,Mobile app,No,Social media,131
GZ003892,28,Male,West,Asian,Bachelor's,Student,13279,Reddit,6.9,4,5,4,4,Mobile app,Yes,Social media,182
GZ003893,22,Female,Midwest,White,Graduate,Part-time,24640,TikTok,3.9,4,3,1,4,Website,Yes,Social media,351
GZ003894,20,Female,West,Two+/Other,High school,Part-time,28882,YouTube,3.7,4,5,2,4,Mobile app,Yes,Influencer,643
GZ003895,24,Male,Northeast,White,Bachelor's,Student,8760,X,7.6,5,5,3,2,Mobile app,Yes,Search,164
GZ003896,28,Male,Midwest,White,Some college,Full-time,17084,TikTok,8.2,3,5,3,5,Mobile app,No,Friends/word-of-mouth,219
GZ003897,23,Male,Northeast,White,Bachelor's,Student,4513,TikTok,4.5,4,2,1,4,Mobile app,Yes,Influencer,57
GZ003898,18,Female,Midwest,Hispanic,High school,Full-time,36354,Snapchat,3.7,3,5,1,3,Social commerce,No,Search,553
GZ003899,21,Male,South,Hispanic,Some college,Student,12080,X,4.2,5,5,2,2,Mobile app,No,Social media,180
GZ003900,28,Male,Northeast,Hispanic,Some college,Part-time,15937,TikTok,6.4,3,4,2,1,Mobile app,No,Social media,439
GZ003901,23,Female,Midwest,Black,Bachelor's,Gig/freelance,22119,YouTube,3.7,4,4,3,4,In-store,No,Friends/word-of-mouth,528
GZ003902,28,Female,West,White,Bachelor's,Full-time,49502,YouTube,8.6,5,4,2,3,Website,No,Ads,689
GZ003903,23,Female,South,Black,Bachelor's,Part-time,18224,Instagram,5.1,3,3,1,3,Mobile app,No,Social media,511
GZ003904,18,Male,South,Hispanic,Some college,Full-time,33672,YouTube,6.7,5,4,3,3,Website,No,Influencer,923
GZ003905,27,Female,West,White,Bachelor's,Gig/freelance,14282,Instagram,4.5,2,3,3,4,Website,Yes,Ads,373
GZ003906,26,Male,West,White,Bachelor's,Full-time,59897,X,7.2,3,4,1,4,Mobile app,Yes,Friends/word-of-mouth,1412
GZ003907,25,Male,Midwest,White,Some college,Part-time,26487,Instagram,7.3,4,5,1,4,Social commerce,Yes,Search,645
GZ003908,28,Female,South,White,Some college,Full-time,22009,Instagram,2.6,5,4,2,4,In-store,No,Influencer,400
GZ003909,20,Male,West,Black,High school,Gig/freelance,21289,YouTube,4.6,4,4,4,3,Mobile app,No,Ads,307
GZ003910,27,Female,South,White,Bachelor's,Full-time,54605,TikTok,5.7,4,4,2,2,Mobile app,Yes,Search,1051
GZ003911,20,Female,South,White,Bachelor's,Student,4392,Instagram,4.9,5,4,1,3,Website,Yes,Social media,106
GZ003912,28,Male,South,Hispanic,Some college,Full-time,48901,TikTok,7.7,3,5,1,4,Mobile app,No,Friends/word-of-mouth,795
GZ003913,20,Female,Midwest,Hispanic,Some college,Part-time,15355,YouTube,4.8,1,4,3,4,Mobile app,No,Social media,232
GZ003914,24,Male,West,Asian,Graduate,Full-time,19003,Instagram,7.4,5,5,2,2,Mobile app,Yes,Search,217
GZ003915,26,Male,Northeast,Hispanic,Some college,Student,16198,Snapchat,7.0,4,5,1,3,Mobile app,No,Search,392
GZ003916,18,Female,Midwest,Hispanic,Some college,Full-time,35546,Snapchat,5.8,3,5,2,2,Mobile app,Yes,Social media,787
GZ003917,18,Female,Midwest,White,Some college,Unemployed,4943,Instagram,7.5,4,4,3,3,Website,No,Social media,97
GZ003918,27,Female,West,Hispanic,High school,Part-time,8918,YouTube,2.9,5,4,4,4,Website,No,Search,131
GZ003919,18,Male,Midwest,White,High school,Student,15286,TikTok,5.9,4,5,2,1,Website,Yes,Search,303
GZ003920,24,Male,Northeast,White,High school,Full-time,78805,Instagram,4.5,4,4,3,5,In-store,Yes,Ads,745
GZ003921,28,Female,Midwest,Two+/Other,High school,Full-time,13608,TikTok,5.8,5,4,2,2,Mobile app,No,Social media,156
GZ003922,24,Male,South,Hispanic,Graduate,Gig/freelance,24074,TikTok,5.1,2,3,3,4,Mobile app,No,Influencer,349
GZ003923,23,Male,Midwest,Hispanic,Some college,Student,14377,Snapchat,6.1,4,2,1,4,Website,Yes,Search,149
GZ003924,22,Male,South,White,High school,Student,7102,Other,6.0,2,4,4,3,Website,No,Social media,63
GZ003925,25,Female,South,Hispanic,Some college,Student,10657,Instagram,6.3,5,3,2,4,Mobile app,Yes,Social media,138
GZ003926,24,Female,Midwest,White,Some college,Full-time,10241,TikTok,6.4,4,5,1,3,Mobile app,No,Social media,273
GZ003927,23,Female,Northeast,White,Bachelor's,Unemployed,2581,TikTok,7.1,3,3,2,2,Mobile app,No,Search,21
GZ003928,19,Female,South,White,Some college,Part-time,20470,TikTok,3.5,2,5,3,5,Website,No,Influencer,512
GZ003929,25,Female,South,White,Some college,Gig/freelance,19103,Reddit,7.0,3,3,2,3,Website,Yes,Friends/word-of-mouth,386
GZ003930,26,Female,Northeast,White,Some college,Student,7539,Instagram,3.0,4,4,4,5,In-store,Yes,Social media,70
GZ003931,25,Female,South,Hispanic,Bachelor's,Full-time,13355,Reddit,0.5,5,3,3,4,Website,Yes,Social media,227
GZ003932,18,Female,South,White,Some college,Student,11648,Instagram,9.9,3,3,3,3,Mobile app,No,Social media,250
GZ003933,25,Female,Midwest,Black,Some college,Unemployed,1588,YouTube,4.1,3,4,2,4,In-store,No,Social media,15
GZ003934,26,Male,Northeast,Asian,Bachelor's,Full-time,71119,YouTube,5.1,3,4,2,4,Mobile app,No,Social media,752
GZ003935,20,Male,West,White,High school,Part-time,12470,TikTok,2.3,3,5,2,5,Website,No,Friends/word-of-mouth,131
GZ003936,27,Female,West,Hispanic,Some college,Student,12242,YouTube,5.1,3,5,1,3,Website,No,Search,294
GZ003937,23,Male,South,White,High school,Full-time,55271,Snapchat,6.4,3,2,3,3,Mobile app,No,Social media,559
GZ003938,23,Female,South,Asian,Some college,Full-time,23382,TikTok,6.5,4,5,3,4,Mobile app,Yes,Social media,499
GZ003939,25,Male,Midwest,White,Bachelor's,Student,6668,TikTok,3.6,3,3,2,3,Mobile app,No,Friends/word-of-mouth,97
GZ003940,23,Male,Northeast,White,High school,Unemployed,3176,Instagram,5.1,4,4,3,2,Website,Yes,Social media,66
GZ003941,23,Male,South,White,High school,Part-time,14843,Other,6.7,4,3,3,4,Mobile app,No,Social media,131
GZ003942,21,Male,South,Asian,Some college,Unemployed,1664,Other,6.5,2,3,3,5,Social commerce,Yes,Social media,32
GZ003943,28,Male,South,White,Bachelor's,Full-time,52090,TikTok,6.3,4,2,4,4,Website,Yes,Influencer,1325
GZ003944,28,Male,South,Black,High school,Full-time,28982,Snapchat,7.5,4,4,3,2,Mobile app,Yes,Friends/word-of-mouth,711
GZ003945,19,Female,South,White,Some college,Full-time,39842,Snapchat,5.8,4,4,2,3,Mobile app,Yes,Social media,773
GZ003946,26,Female,South,Hispanic,High school,Part-time,26151,Reddit,8.8,4,4,4,2,Mobile app,No,Search,333
GZ003947,18,Male,Midwest,White,High school,Student,11315,TikTok,5.4,3,2,2,3,Website,Yes,Influencer,273
GZ003948,22,Female,South,White,Bachelor's,Full-time,30257,Other,7.4,4,2,2,4,Social commerce,No,Search,594
GZ003949,28,Male,Midwest,White,Some college,Part-time,26431,Snapchat,7.5,4,4,2,4,In-store,Yes,Search,379
GZ003950,19,Male,West,White,Some college,Student,11695,YouTube,2.7,3,5,2,5,Mobile app,No,Influencer,323
GZ003951,22,Female,Northeast,Black,Some college,Student,6141,TikTok,6.9,5,4,3,4,Mobile app,No,Friends/word-of-mouth,119
GZ003952,20,Female,Northeast,Hispanic,High school,Student,6918,TikTok,4.7,3,5,1,2,Social commerce,No,Search,187
GZ003953,26,Male,South,White,High school,Student,13052,Instagram,4.0,4,4,1,4,Mobile app,No,Social media,225
GZ003954,23,Female,South,White,High school,Unemployed,5401,Snapchat,5.2,5,4,1,3,In-store,Yes,Social media,96
GZ003955,24,Male,Midwest,White,Some college,Student,2914,Snapchat,6.3,3,4,3,3,Mobile app,No,Social media,46
GZ003956,28,Male,South,Hispanic,High school,Gig/freelance,14234,X,2.9,4,3,3,3,Mobile app,Yes,Search,231
GZ003957,23,Female,South,Black,Bachelor's,Unemployed,5251,Instagram,6.1,2,4,4,4,Mobile app,Yes,Search,81
GZ003958,26,Male,South,Black,Some college,Gig/freelance,12259,Reddit,5.6,2,5,2,4,Mobile app,Yes,Search,295
GZ003959,19,Male,Northeast,Black,Some college,Full-time,57213,Reddit,8.1,4,5,1,4,Mobile app,No,Social media,810
GZ003960,20,Male,South,White,High school,Part-time,33679,TikTok,4.7,4,4,4,2,Website,No,Search,437
GZ003961,28,Female,West,White,Some college,Part-time,21023,TikTok,8.4,5,5,2,2,Website,No,Search,559
GZ003962,27,Male,West,Black,Some college,Full-time,24555,Snapchat,6.8,5,4,3,4,Website,Yes,Influencer,705
GZ003963,25,Male,Midwest,White,High school,Student,9714,YouTube,5.9,2,4,1,4,Mobile app,No,Social media,185
GZ003964,22,Female,South,White,Graduate,Full-time,61554,TikTok,8.5,5,5,2,5,In-store,No,Social media,721
GZ003965,20,Male,Northeast,White,High school,Student,9400,Snapchat,9.8,3,3,2,3,Mobile app,Yes,Ads,97
GZ003966,27,Male,Midwest,Black,Bachelor's,Gig/freelance,31660,TikTok,5.6,5,5,1,4,In-store,Yes,Social media,668
GZ003967,26,Female,West,Hispanic,Bachelor's,Part-time,11524,YouTube,4.5,3,3,4,4,Mobile app,No,Search,283
GZ003968,20,Male,South,Two+/Other,Some college,Unemployed,2697,X,6.9,5,4,1,2,Website,Yes,Influencer,62
GZ003969,24,Male,Midwest,White,High school,Student,12669,TikTok,3.2,3,2,1,2,In-store,Yes,Search,341
GZ003970,24,Male,Midwest,White,Bachelor's,Gig/freelance,17668,TikTok,3.4,4,4,2,4,Website,No,Search,300
GZ003971,23,Female,West,White,High school,Full-time,0,YouTube,8.6,4,5,1,4,Website,No,Social media,0
GZ003972,28,Male,South,Black,Graduate,Unemployed,3448,YouTube,7.1,3,3,2,5,Website,Yes,Friends/word-of-mouth,77
GZ003973,19,Non-binary,South,White,Bachelor's,Full-time,47938,TikTok,4.3,3,4,2,5,Website,Yes,Ads,1145
GZ003974,20,Male,South,Asian,High school,Gig/freelance,38384,Instagram,12.3,5,4,3,3,Mobile app,No,Search,829
GZ003975,19,Female,South,Hispanic,Some college,Full-time,73105,Instagram,3.2,3,4,3,3,Mobile app,No,Influencer,733
GZ003976,25,Female,South,Black,Some college,Full-time,43600,Snapchat,7.2,3,3,1,2,In-store,No,Social media,1159
GZ003977,25,Male,South,Black,Bachelor's,Full-time,54447,YouTube,4.4,4,4,2,4,In-store,No,Influencer,754
GZ003978,28,Female,Northeast,White,Bachelor's,Student,9488,TikTok,9.6,4,5,4,1,Mobile app,No,Ads,98
GZ003979,23,Female,Midwest,Hispanic,Bachelor's,Gig/freelance,30142,TikTok,4.9,3,3,1,2,In-store,No,Influencer,821
GZ003980,19,Female,Northeast,White,High school,Student,8243,TikTok,5.4,5,4,3,4,In-store,No,Social media,115
GZ003981,22,Male,Midwest,Black,Some college,Student,10565,TikTok,2.4,4,4,2,3,Website,No,Search,305
GZ003982,18,Female,Midwest,Black,Some college,Full-time,28204,TikTok,10.2,4,4,1,3,Social commerce,Yes,Social media,739
GZ003983,25,Male,South,Hispanic,Bachelor's,Unemployed,7564,Snapchat,4.8,4,4,2,3,Mobile app,No,Social media,167
GZ003984,25,Male,Midwest,White,Some college,Part-time,0,Snapchat,7.0,3,4,4,2,Mobile app,Yes,Social media,0
GZ003985,27,Non-binary,South,Two+/Other,High school,Unemployed,5027,TikTok,6.0,3,4,1,1,Mobile app,Yes,Social media,127
GZ003986,21,Male,West,Asian,Some college,Student,10294,Snapchat,4.9,4,4,3,4,Mobile app,Yes,Search,226
GZ003987,21,Female,Northeast,Hispanic,Some college,Part-time,21007,Instagram,1.5,5,3,4,3,In-store,No,Friends/word-of-mouth,430
GZ003988,18,Male,Northeast,Two+/Other,Some college,Part-time,8419,YouTube,5.5,3,2,2,4,Website,No,Social media,199
GZ003989,22,Female,South,White,High school,Student,2203,Reddit,5.5,3,2,3,3,Mobile app,No,Social media,27
GZ003990,23,Non-binary,Midwest,White,High school,Unemployed,5090,TikTok,6.6,2,4,3,3,In-store,Yes,Search,112
GZ003991,26,Female,South,White,High school,Student,14431,YouTube,10.3,3,5,1,4,Mobile app,No,Search,137
GZ003992,26,Male,South,White,Some college,Gig/freelance,28576,TikTok,7.3,2,3,1,3,Website,Yes,Search,758
GZ003993,19,Male,South,Hispanic,Bachelor's,Unemployed,5449,Reddit,7.7,2,4,2,3,Social commerce,Yes,Search,125
GZ003994,21,Female,South,Hispanic,Bachelor's,Full-time,33341,TikTok,5.4,4,3,2,2,Mobile app,Yes,Ads,364
GZ003995,23,Male,Midwest,White,Graduate,Part-time,20685,YouTube,3.4,5,3,2,5,In-store,Yes,Social media,587
GZ003996,21,Female,South,White,High school,Student,13963,TikTok,5.4,4,5,3,4,Mobile app,Yes,Search,395
GZ003997,18,Female,South,Hispanic,Some college,Full-time,36073,Instagram,4.5,4,3,2,5,Mobile app,Yes,Influencer,725
GZ003998,27,Female,Northeast,Black,Graduate,Gig/freelance,39872,Instagram,5.9,3,3,1,5,Mobile app,Yes,Search,337
GZ003999,26,Female,West,Two+/Other,Bachelor's,Full-time,11106,YouTube,5.0,3,3,2,3,In-store,Yes,Social media,292
GZ004000,23,Male,West,White,Some college,Student,6517,TikTok,2.6,5,4,3,3,Mobile app,Yes,Social media,176
GZ004001,21,Male,West,Black,High school,Part-time,22421,TikTok,8.5,3,3,4,3,Mobile app,No,Friends/word-of-mouth,251
GZ004002,27,Female,West,White,Some college,Gig/freelance,48262,TikTok,5.7,2,4,3,3,Mobile app,Yes,Social media,885
GZ004003,18,Male,West,White,Some college,Part-time,18115,TikTok,5.3,4,3,3,4,Website,No,Friends/word-of-mouth,502
GZ004004,22,Male,West,Hispanic,High school,Student,4812,TikTok,3.8,3,3,2,3,Mobile app,No,Social media,124
GZ004005,26,Male,Northeast,White,Bachelor's,Full-time,77533,Instagram,5.0,4,3,2,2,Mobile app,No,Friends/word-of-mouth,2187
GZ004006,28,Female,South,Black,Bachelor's,Gig/freelance,24524,Instagram,4.3,5,4,2,2,Website,No,Search,567
GZ004007,20,Male,West,White,High school,Part-time,23384,Other,3.6,4,5,2,3,Website,No,Friends/word-of-mouth,318
GZ004008,25,Female,South,White,Some college,Student,7645,Instagram,6.3,4,5,2,3,Mobile app,No,Social media,177
GZ004009,20,Male,Northeast,Hispanic,Some college,Gig/freelance,27664,TikTok,5.1,4,5,2,3,Social commerce,Yes,Ads,479
GZ004010,19,Male,South,White,Some college,Part-time,13446,Snapchat,7.5,5,3,2,3,Mobile app,Yes,Search,309
GZ004011,21,Male,South,White,Bachelor's,Full-time,84669,TikTok,5.3,5,3,2,2,In-store,No,Friends/word-of-mouth,1543
GZ004012,27,Female,Northeast,White,Some college,Full-time,64514,Snapchat,6.2,3,3,4,4,Website,No,Friends/word-of-mouth,1683
GZ004013,25,Female,West,White,Some college,Student,16160,Instagram,6.2,5,4,3,2,Mobile app,No,Social media,340
GZ004014,23,Male,South,Black,Some college,Full-time,27098,TikTok,6.8,5,3,3,2,In-store,Yes,Social media,439
GZ004015,21,Female,South,White,Some college,Full-time,7507,Other,4.3,4,3,3,3,Mobile app,Yes,Social media,104
GZ004016,19,Female,South,Hispanic,Some college,Full-time,36463,Instagram,7.8,4,5,2,3,Social commerce,Yes,Social media,854
GZ004017,20,Male,Northeast,Hispanic,Some college,Part-time,38383,Snapchat,3.6,3,5,3,4,In-store,No,Social media,1021
GZ004018,19,Male,West,Hispanic,Some college,Part-time,15392,Instagram,6.1,4,5,2,3,In-store,Yes,Influencer,429
GZ004019,20,Female,South,White,High school,Part-time,26519,Instagram,3.6,3,4,1,2,Social commerce,No,Social media,718
GZ004020,25,Female,West,Hispanic,Some college,Student,4849,Instagram,5.8,5,3,2,4,Social commerce,No,Social media,43
GZ004021,19,Male,West,Black,Some college,Student,5642,Instagram,7.8,5,4,4,4,Mobile app,No,Friends/word-of-mouth,118
GZ004022,18,Female,South,White,Bachelor's,Part-time,17353,Snapchat,7.1,3,5,3,3,Social commerce,Yes,Social media,404
GZ004023,23,Female,Northeast,Black,Bachelor's,Gig/freelance,50683,TikTok,8.1,3,5,2,4,In-store,Yes,Social media,652
GZ004024,21,Female,South,White,Bachelor's,Part-time,26911,Instagram,5.4,3,5,3,5,Website,No,Influencer,396
GZ004025,23,Female,Northeast,White,High school,Gig/freelance,1977,TikTok,7.8,4,5,3,3,Website,Yes,Influencer,46
GZ004026,19,Prefer not to say,Midwest,Hispanic,Some college,Student,11700,Instagram,4.6,4,4,4,4,Website,Yes,Search,325
GZ004027,20,Female,South,White,High school,Part-time,8695,TikTok,5.1,2,5,2,5,Website,Yes,Search,107
GZ004028,22,Female,Midwest,White,Bachelor's,Student,6239,Instagram,6.3,5,4,3,4,Website,Yes,Social media,148
GZ004029,25,Male,Midwest,White,Bachelor's,Full-time,51646,Instagram,7.7,2,5,2,2,Website,Yes,Search,888
GZ004030,22,Female,West,White,Some college,Unemployed,6517,YouTube,4.9,2,5,2,5,In-store,No,Social media,96
GZ004031,23,Female,West,Hispanic,Bachelor's,Student,14464,X,7.4,5,5,1,4,Social commerce,Yes,Search,209
GZ004032,23,Prefer not to say,South,White,Some college,Full-time,48266,TikTok,6.5,4,5,3,4,In-store,No,Social media,1230
GZ004033,20,Male,South,Black,Some college,Part-time,20799,Instagram,6.7,3,4,3,3,Social commerce,Yes,Search,198
GZ004034,21,Female,Midwest,Black,High school,Student,14452,Instagram,4.3,3,5,4,5,Social commerce,No,Search,345
GZ004035,22,Female,South,White,Bachelor's,Full-time,12222,YouTube,5.2,4,3,3,3,In-store,Yes,Social media,168
GZ004036,18,Female,South,White,High school,Full-time,76537,Instagram,5.8,4,5,2,4,Mobile app,No,Social media,1142
GZ004037,25,Female,West,White,Bachelor's,Unemployed,2675,TikTok,6.7,3,4,1,3,Website,Yes,Search,61
GZ004038,24,Male,South,Black,Bachelor's,Part-time,20110,YouTube,4.4,5,4,2,2,Social commerce,No,Influencer,372
GZ004039,21,Male,Midwest,White,High school,Full-time,32620,TikTok,3.4,4,4,1,2,Mobile app,Yes,Influencer,311
GZ004040,22,Male,Midwest,White,High school,Full-time,20151,TikTok,1.7,5,3,2,4,In-store,No,Search,500
GZ004041,21,Male,Northeast,Two+/Other,Some college,Student,10869,Reddit,7.5,4,5,1,4,Social commerce,Yes,Search,193
GZ004042,25,Female,South,White,Bachelor's,Student,9957,Reddit,7.9,5,4,2,4,In-store,No,Search,164
GZ004043,26,Male,West,White,Some college,Student,8573,Instagram,2.0,3,4,2,3,Social commerce,No,Social media,170
GZ004044,19,Male,Northeast,Black,High school,Unemployed,3725,TikTok,6.2,4,4,3,4,In-store,No,Search,83
GZ004045,22,Female,South,Asian,Some college,Full-time,70840,Instagram,5.2,4,4,1,4,Social commerce,Yes,Search,1988
GZ004046,18,Male,Midwest,White,High school,Full-time,83443,Instagram,8.4,5,2,2,5,Social commerce,No,Influencer,807
GZ004047,22,Female,West,White,Some college,Full-time,65679,YouTube,5.6,4,4,3,3,Website,No,Social media,1470
GZ004048,20,Male,South,White,Some college,Part-time,20247,Snapchat,7.1,2,3,4,4,Website,No,Social media,233
GZ004049,21,Male,South,White,High school,Full-time,11055,Instagram,5.1,3,4,2,4,Social commerce,No,Social media,93
GZ004050,23,Female,Midwest,White,Bachelor's,Part-time,23079,Instagram,4.6,4,5,4,4,In-store,Yes,Social media,590
GZ004051,21,Male,South,White,High school,Gig/freelance,33855,TikTok,7.5,4,3,3,2,Website,Yes,Search,954
GZ004052,22,Female,Northeast,Hispanic,Bachelor's,Full-time,56578,YouTube,8.2,5,5,2,5,In-store,Yes,Ads,833
GZ004053,26,Male,West,Hispanic,Graduate,Unemployed,1946,Instagram,3.5,4,3,4,4,Mobile app,No,Social media,34
GZ004054,26,Female,South,Two+/Other,Some college,Unemployed,5530,YouTube,8.3,3,4,2,3,Social commerce,Yes,Social media,113
GZ004055,18,Female,Midwest,Black,High school,Part-time,30648,YouTube,4.1,5,3,1,3,Website,Yes,Social media,640
GZ004056,22,Female,West,White,Some college,Gig/freelance,14503,TikTok,1.3,3,5,3,4,Mobile app,Yes,Search,372
GZ004057,27,Male,South,White,Some college,Student,11772,Reddit,6.0,5,5,3,2,Mobile app,Yes,Ads,182
GZ004058,23,Female,Northeast,Hispanic,Bachelor's,Part-time,11424,Snapchat,7.0,5,4,3,3,Website,No,Friends/word-of-mouth,240
GZ004059,20,Male,Midwest,White,Some college,Student,8577,YouTube,3.0,4,5,3,3,Social commerce,No,Friends/word-of-mouth,87
GZ004060,24,Female,West,White,Bachelor's,Full-time,24069,TikTok,2.0,3,5,4,3,Website,Yes,Search,612
GZ004061,19,Female,Northeast,Hispanic,High school,Part-time,15159,TikTok,5.0,3,4,1,4,Mobile app,Yes,Ads,335
GZ004062,18,Female,West,White,Some college,Gig/freelance,21987,TikTok,4.7,3,5,2,3,Mobile app,No,Search,458
GZ004063,24,Female,West,White,High school,Student,10669,Instagram,8.7,3,3,2,3,Website,Yes,Friends/word-of-mouth,101
GZ004064,23,Male,South,White,Some college,Part-time,25211,TikTok,6.0,4,2,3,4,Social commerce,No,Ads,236
GZ004065,26,Female,South,Two+/Other,Bachelor's,Student,13925,Snapchat,7.5,3,3,3,3,Mobile app,No,Search,140
GZ004066,21,Male,West,Hispanic,Some college,Unemployed,2826,Instagram,6.4,2,5,3,3,Social commerce,No,Social media,37
GZ004067,27,Male,West,White,High school,Full-time,48801,Instagram,9.1,3,4,3,3,Mobile app,No,Ads,841
GZ004068,22,Male,Midwest,Hispanic,Graduate,Full-time,21244,Reddit,4.2,4,4,2,4,Website,Yes,Search,370
GZ004069,26,Male,West,Asian,Some college,Full-time,39907,Instagram,5.8,3,4,3,5,Social commerce,No,Friends/word-of-mouth,462
GZ004070,19,Male,West,White,Some college,Unemployed,4076,Instagram,2.9,3,4,3,2,Website,Yes,Social media,71
GZ004071,19,Male,Northeast,Hispanic,Some college,Student,5263,Other,7.6,1,5,3,4,Website,No,Ads,100
GZ004072,26,Male,Northeast,Hispanic,High school,Full-time,52567,Instagram,8.2,5,5,3,3,Mobile app,No,Friends/word-of-mouth,547
GZ004073,27,Male,South,Hispanic,High school,Student,8369,Instagram,7.7,4,3,3,3,In-store,Yes,Search,91
GZ004074,28,Male,Northeast,White,Some college,Part-time,19250,Instagram,5.8,4,5,3,3,Social commerce,No,Friends/word-of-mouth,458
GZ004075,21,Female,Midwest,Asian,Some college,Full-time,65143,YouTube,3.0,4,4,2,5,Website,No,Friends/word-of-mouth,1896
GZ004076,18,Male,South,White,High school,Gig/freelance,20996,Snapchat,5.8,4,3,2,1,Social commerce,Yes,Influencer,256
GZ004077,28,Female,South,White,Some college,Student,12443,YouTube,4.6,4,4,1,2,Mobile app,No,Search,223
GZ004078,24,Male,South,White,Bachelor's,Full-time,69270,TikTok,7.8,4,5,3,4,In-store,No,Friends/word-of-mouth,847
GZ004079,20,Male,Midwest,White,Some college,Unemployed,6486,X,5.1,4,3,4,5,Mobile app,No,Ads,62
GZ004080,26,Male,West,White,Bachelor's,Full-time,38444,Instagram,5.1,5,4,1,5,Mobile app,No,Search,464
GZ004081,27,Male,West,Black,Bachelor's,Full-time,23616,Snapchat,10.3,5,2,3,4,Website,Yes,Social media,373
GZ004082,21,Male,Midwest,Black,Some college,Part-time,12249,TikTok,7.6,3,4,2,4,Website,Yes,Social media,241
GZ004083,26,Male,South,White,High school,Full-time,12011,Instagram,8.2,4,4,2,2,Website,No,Friends/word-of-mouth,231
GZ004084,26,Female,West,Black,High school,Student,11778,X,5.0,2,5,3,3,In-store,No,Social media,208
GZ004085,23,Female,Northeast,Two+/Other,High school,Full-time,56138,YouTube,3.8,3,3,2,4,Website,Yes,Friends/word-of-mouth,888
GZ004086,24,Female,Northeast,White,Bachelor's,Full-time,44218,TikTok,8.1,4,5,3,3,Mobile app,No,Influencer,721
GZ004087,20,Female,Midwest,Hispanic,Some college,Unemployed,1522,YouTube,9.0,4,4,2,3,In-store,Yes,Search,12
GZ004088,28,Male,South,Two+/Other,High school,Full-time,35096,TikTok,3.4,4,5,4,5,In-store,No,Social media,455
GZ004089,28,Male,South,Black,High school,Part-time,29180,Instagram,5.0,4,4,2,5,Website,No,Influencer,349
GZ004090,28,Male,South,White,Bachelor's,Full-time,53522,TikTok,4.2,3,4,2,4,Website,No,Search,1095
GZ004091,26,Female,West,Black,Some college,Gig/freelance,35161,TikTok,7.0,3,5,3,3,Website,Yes,Social media,620
GZ004092,18,Male,South,Hispanic,High school,Full-time,104522,TikTok,8.2,3,4,1,4,Website,No,Social media,1347
GZ004093,22,Female,Northeast,White,Bachelor's,Full-time,48200,YouTube,5.3,4,5,3,3,Mobile app,Yes,Friends/word-of-mouth,533
GZ004094,22,Male,Midwest,White,Bachelor's,Gig/freelance,743,YouTube,5.3,3,5,4,4,In-store,No,Search,16
GZ004095,28,Prefer not to say,West,Hispanic,Some college,Full-time,21189,TikTok,2.1,1,3,2,3,In-store,Yes,Search,573
GZ004096,24,Female,South,White,Some college,Gig/freelance,29575,YouTube,4.1,4,5,1,4,In-store,No,Social media,403
GZ004097,23,Female,West,White,Bachelor's,Student,9075,Instagram,9.0,3,4,2,3,Social commerce,Yes,Social media,191
GZ004098,19,Female,West,White,High school,Gig/freelance,23987,Other,7.0,4,3,3,3,Website,Yes,Friends/word-of-mouth,280
GZ004099,26,Female,Midwest,Black,Graduate,Full-time,39081,Snapchat,7.9,3,4,2,4,Social commerce,No,Social media,522
GZ004100,21,Female,South,Hispanic,Some college,Unemployed,2588,X,5.3,4,2,3,3,Mobile app,No,Ads,31
GZ004101,19,Female,Northeast,White,High school,Full-time,49065,Snapchat,5.5,1,4,2,4,Social commerce,Yes,Social media,963
GZ004102,28,Female,South,White,Bachelor's,Full-time,68353,YouTube,6.0,4,5,2,2,Website,No,Social media,630
GZ004103,20,Female,South,White,Some college,Student,16015,TikTok,6.6,3,5,3,4,Website,Yes,Social media,288
GZ004104,18,Female,Northeast,White,High school,Full-time,74205,Snapchat,8.8,2,5,4,3,Social commerce,No,Social media,2011
GZ004105,18,Male,South,Hispanic,High school,Part-time,10256,Snapchat,4.7,4,3,2,5,Social commerce,No,Social media,115
GZ004106,22,Female,South,White,Bachelor's,Student,8918,TikTok,5.7,4,3,2,4,Mobile app,Yes,Search,184
GZ004107,19,Male,Midwest,Two+/Other,Some college,Full-time,36068,TikTok,4.4,3,5,3,3,Mobile app,No,Influencer,331
GZ004108,27,Female,West,White,Bachelor's,Full-time,53188,Instagram,2.1,3,4,2,3,In-store,No,Social media,1053
GZ004109,23,Female,South,White,Some college,Part-time,17330,TikTok,7.8,5,4,3,5,Mobile app,No,Social media,430
GZ004110,21,Female,South,Black,Some college,Part-time,16172,Other,9.5,3,5,2,4,Mobile app,No,Social media,200
GZ004111,18,Male,South,White,High school,Student,14891,TikTok,7.5,5,2,2,3,Mobile app,Yes,Social media,242
GZ004112,23,Female,West,White,Bachelor's,Student,9398,TikTok,6.5,5,5,2,4,Mobile app,Yes,Social media,159
GZ004113,19,Male,South,White,Some college,Part-time,19005,TikTok,9.7,5,3,1,3,In-store,Yes,Social media,499
GZ004114,28,Female,Midwest,Hispanic,High school,Part-time,21347,Instagram,6.9,5,5,1,4,Mobile app,Yes,Social media,196
GZ004115,21,Non-binary,Northeast,White,Some college,Full-time,54780,YouTube,7.6,3,4,3,1,Website,Yes,Social media,818
GZ004116,23,Female,South,Black,High school,Full-time,54888,YouTube,6.3,4,4,3,4,Mobile app,Yes,Ads,568
GZ004117,18,Female,South,Hispanic,High school,Full-time,71335,TikTok,6.6,3,2,3,3,In-store,No,Social media,1573
GZ004118,19,Male,South,Black,Some college,Student,3793,Reddit,5.7,5,3,3,3,Social commerce,Yes,Friends/word-of-mouth,72
GZ004119,20,Female,South,Hispanic,Some college,Full-time,48132,Instagram,7.7,4,4,2,2,Mobile app,No,Social media,935
GZ004120,18,Female,South,Black,High school,Student,8585,TikTok,3.8,3,4,1,4,Social commerce,Yes,Search,102
GZ004121,25,Male,Midwest,Hispanic,Some college,Full-time,36313,TikTok,6.8,5,5,1,3,Social commerce,No,Social media,582
GZ004122,28,Female,South,White,Graduate,Full-time,56322,Instagram,4.3,3,3,3,2,Mobile app,Yes,Social media,1495
GZ004123,28,Female,West,Hispanic,Bachelor's,Full-time,66504,Instagram,7.0,3,5,1,3,Mobile app,No,Social media,1410
GZ004124,20,Female,Midwest,Hispanic,Bachelor's,Part-time,13206,YouTube,10.8,3,4,2,3,Mobile app,Yes,Friends/word-of-mouth,347
GZ004125,26,Female,Midwest,White,High school,Student,15832,TikTok,7.4,5,5,2,5,Social commerce,Yes,Ads,339
GZ004126,23,Male,South,Hispanic,High school,Student,3201,Reddit,8.3,4,5,1,3,Website,No,Search,64
GZ004127,18,Male,South,White,High school,Unemployed,5062,TikTok,7.8,4,4,3,4,Website,Yes,Friends/word-of-mouth,136
GZ004128,18,Male,Northeast,Hispanic,Some college,Part-time,10785,TikTok,1.3,4,4,4,2,Mobile app,Yes,Search,202
GZ004129,24,Female,South,White,High school,Full-time,29870,YouTube,5.7,2,4,2,3,Mobile app,Yes,Influencer,695
GZ004130,22,Male,Midwest,White,Bachelor's,Gig/freelance,26702,YouTube,6.9,3,5,2,4,Social commerce,Yes,Search,288
GZ004131,18,Male,Midwest,White,High school,Student,7384,Other,1.8,3,5,1,4,Social commerce,Yes,Social media,89
GZ004132,28,Female,West,White,High school,Full-time,0,Instagram,5.4,4,3,2,3,Mobile app,Yes,Friends/word-of-mouth,0
GZ004133,26,Male,South,White,Bachelor's,Full-time,53556,TikTok,5.8,3,3,3,5,In-store,Yes,Influencer,829
GZ004134,23,Male,South,White,Graduate,Part-time,24316,Other,3.5,3,5,2,3,In-store,Yes,Influencer,320
GZ004135,28,Male,West,Hispanic,High school,Part-time,16695,Instagram,4.1,3,3,2,4,Website,No,Friends/word-of-mouth,253
GZ004136,28,Female,West,White,Some college,Student,8029,YouTube,8.7,5,5,3,3,In-store,No,Social media,181
GZ004137,28,Female,Midwest,Two+/Other,Bachelor's,Full-time,34952,TikTok,0.5,2,3,2,3,Social commerce,No,Search,758
GZ004138,20,Male,Midwest,Black,Some college,Unemployed,919,TikTok,6.5,1,3,2,2,In-store,Yes,Search,9
GZ004139,27,Male,Northeast,White,Bachelor's,Part-time,3279,Other,8.3,5,4,2,2,Website,No,Ads,94
GZ004140,23,Female,Northeast,White,Some college,Student,12254,X,5.9,2,3,4,4,Website,No,Social media,280
GZ004141,25,Female,Midwest,White,Bachelor's,Full-time,62122,Other,8.8,3,3,2,5,In-store,No,Search,806
GZ004142,27,Male,South,White,Bachelor's,Student,11417,Snapchat,5.1,2,2,1,4,In-store,No,Friends/word-of-mouth,115
GZ004143,19,Female,West,White,Some college,Gig/freelance,30437,Instagram,4.2,3,5,3,3,Social commerce,Yes,Social media,817
GZ004144,22,Female,West,Hispanic,Some college,Full-time,56793,Instagram,6.0,4,4,2,3,In-store,No,Influencer,902
GZ004145,19,Male,West,Hispanic,High school,Part-time,23800,TikTok,5.2,5,4,3,4,Mobile app,Yes,Friends/word-of-mouth,312
GZ004146,21,Female,South,White,Some college,Full-time,27160,Snapchat,4.9,4,4,1,2,In-store,Yes,Social media,385
GZ004147,22,Female,West,Hispanic,High school,Part-time,19801,YouTube,5.6,2,4,2,4,Mobile app,Yes,Friends/word-of-mouth,275
GZ004148,27,Female,South,White,Bachelor's,Gig/freelance,22535,YouTube,4.4,2,4,2,4,In-store,Yes,Search,552
GZ004149,27,Male,South,Black,Bachelor's,Student,7854,Instagram,4.3,4,5,1,2,Mobile app,No,Social media,170
GZ004150,22,Female,Northeast,Two+/Other,High school,Student,13617,TikTok,3.8,3,2,1,5,Mobile app,No,Ads,211
GZ004151,21,Male,West,White,Some college,Full-time,71761,Snapchat,6.8,3,3,2,2,Mobile app,No,Search,1092
GZ004152,23,Non-binary,West,Black,Some college,Gig/freelance,0,Other,4.0,5,5,1,3,Social commerce,No,Search,0
GZ004153,28,Male,West,Black,Graduate,Student,7966,Instagram,3.5,2,4,1,4,Social commerce,Yes,Friends/word-of-mouth,173
GZ004154,28,Male,West,White,High school,Full-time,36189,TikTok,3.9,3,2,1,4,Website,No,Social media,847
GZ004155,20,Male,South,White,High school,Gig/freelance,39589,Reddit,6.4,4,4,1,3,Website,Yes,Search,575
GZ004156,20,Female,West,Black,High school,Full-time,14587,YouTube,7.3,3,2,2,3,Website,Yes,Social media,422
GZ004157,25,Male,South,White,Bachelor's,Full-time,0,YouTube,7.5,5,5,1,2,In-store,No,Influencer,0
GZ004158,21,Male,Midwest,White,Some college,Gig/freelance,35604,X,6.4,3,5,2,4,Mobile app,No,Influencer,474
GZ004159,20,Male,South,Hispanic,Some college,Full-time,60199,YouTube,7.1,4,5,1,4,Mobile app,Yes,Friends/word-of-mouth,1658
GZ004160,18,Female,Northeast,White,Some college,Full-time,8282,YouTube,5.9,3,4,3,1,Website,No,Social media,136
GZ004161,22,Female,Midwest,White,Some college,Full-time,39648,YouTube,6.9,1,3,3,4,Mobile app,No,Search,386
GZ004162,22,Male,West,Two+/Other,High school,Gig/freelance,43903,Instagram,6.9,3,3,2,3,Website,Yes,Ads,709
GZ004163,24,Female,South,White,Some college,Full-time,21624,TikTok,4.5,4,3,2,3,Social commerce,No,Social media,545
GZ004164,20,Male,West,Hispanic,Some college,Part-time,18818,TikTok,3.8,3,4,3,2,In-store,No,Social media,326
GZ004165,25,Female,Midwest,Hispanic,Some college,Full-time,51600,YouTube,8.7,3,2,2,3,Website,No,Social media,989
GZ004166,25,Male,Midwest,White,Some college,Part-time,6436,TikTok,6.3,3,4,2,5,Mobile app,Yes,Social media,118
GZ004167,23,Male,Midwest,Hispanic,High school,Full-time,31343,X,8.1,4,3,1,3,Website,Yes,Social media,884
GZ004168,19,Female,Northeast,Hispanic,Some college,Gig/freelance,6217,Instagram,3.8,3,3,2,3,Mobile app,No,Social media,57
GZ004169,23,Female,West,White,High school,Student,8333,YouTube,5.2,4,5,2,2,Mobile app,Yes,Social media,117
GZ004170,25,Male,Midwest,Hispanic,Some college,Gig/freelance,16745,TikTok,3.2,4,5,3,5,Social commerce,No,Search,411
GZ004171,22,Female,West,Asian,Some college,Student,9841,Instagram,7.3,3,5,2,4,Social commerce,No,Search,94
GZ004172,20,Female,Midwest,Asian,High school,Full-time,53998,Instagram,4.8,5,5,2,3,Website,Yes,Search,839
GZ004173,23,Male,West,White,Bachelor's,Full-time,68245,YouTube,4.9,3,4,3,4,Website,No,Influencer,1802
GZ004174,21,Female,Midwest,White,High school,Part-time,36891,TikTok,9.9,4,4,1,4,Mobile app,Yes,Influencer,383
GZ004175,22,Male,South,Hispanic,Bachelor's,Part-time,19682,Instagram,7.3,5,2,2,3,Mobile app,Yes,Social media,231
GZ004176,21,Female,South,Asian,Some college,Student,7717,Snapchat,7.3,4,3,1,3,Mobile app,Yes,Search,116
GZ004177,21,Female,South,Black,Some college,Full-time,34918,YouTube,3.6,4,4,2,2,Social commerce,No,Influencer,815
GZ004178,25,Male,Northeast,White,Bachelor's,Student,5092,Snapchat,2.3,4,3,2,3,In-store,No,Social media,81
GZ004179,23,Female,West,Black,High school,Full-time,50470,Snapchat,7.9,3,5,4,3,Mobile app,No,Social media,1291
GZ004180,23,Female,South,White,Bachelor's,Part-time,13991,YouTube,1.5,2,4,2,4,Mobile app,Yes,Search,117
GZ004181,25,Male,West,White,Graduate,Unemployed,4932,Instagram,5.0,3,4,1,3,Mobile app,No,Search,47
GZ004182,21,Male,West,Hispanic,Some college,Full-time,24365,Instagram,4.4,5,3,2,4,Mobile app,Yes,Search,629
GZ004183,19,Male,Northeast,White,Some college,Full-time,33191,TikTok,4.1,4,4,4,3,Mobile app,No,Social media,541
GZ004184,27,Male,Northeast,Hispanic,Some college,Full-time,50171,TikTok,5.1,4,5,1,3,Mobile app,No,Search,944
GZ004185,18,Female,Northeast,White,High school,Part-time,16988,Instagram,3.9,4,3,3,5,Social commerce,Yes,Ads,462
GZ004186,24,Female,Northeast,Black,Some college,Part-time,2445,Reddit,3.6,4,3,3,3,Mobile app,Yes,Ads,27
GZ004187,20,Male,South,Asian,Some college,Unemployed,3972,YouTube,6.5,4,4,2,4,Website,No,Friends/word-of-mouth,85
GZ004188,20,Male,South,White,Some college,Gig/freelance,16619,Instagram,8.1,3,4,2,2,Website,Yes,Influencer,396
GZ004189,18,Male,West,Hispanic,Bachelor's,Student,13784,Snapchat,2.5,4,4,4,4,Website,Yes,Friends/word-of-mouth,247
GZ004190,27,Female,Midwest,Hispanic,Bachelor's,Student,12933,Instagram,6.4,3,4,3,2,Mobile app,Yes,Social media,174
GZ004191,22,Female,South,White,Some college,Full-time,0,TikTok,7.1,3,5,1,5,In-store,No,Friends/word-of-mouth,0
GZ004192,21,Female,Midwest,Black,Some college,Unemployed,5442,TikTok,6.9,5,4,2,4,Mobile app,No,Ads,110
GZ004193,26,Male,South,Hispanic,Bachelor's,Part-time,21153,Snapchat,5.6,4,3,4,3,In-store,No,Friends/word-of-mouth,258
GZ004194,18,Male,South,White,Some college,Full-time,13951,YouTube,4.8,4,5,3,4,Mobile app,No,Friends/word-of-mouth,187
GZ004195,24,Female,South,Black,Bachelor's,Unemployed,5580,YouTube,7.5,4,5,3,2,Social commerce,No,Friends/word-of-mouth,85
GZ004196,23,Female,Northeast,White,Graduate,Part-time,7632,YouTube,6.7,4,3,1,3,Mobile app,No,Social media,156
GZ004197,24,Female,Midwest,White,High school,Full-time,63647,YouTube,2.2,3,4,5,4,In-store,Yes,Social media,1704
GZ004198,19,Female,West,White,High school,Student,6382,Instagram,5.6,2,5,3,4,In-store,Yes,Friends/word-of-mouth,152
GZ004199,28,Male,Midwest,Black,Some college,Full-time,13308,YouTube,6.1,3,4,4,3,Social commerce,No,Social media,264
GZ004200,20,Male,Midwest,Asian,High school,Full-time,82082,TikTok,3.8,4,5,3,4,Social commerce,No,Search,857
GZ004201,25,Female,West,White,High school,Full-time,12774,TikTok,5.5,4,5,2,4,Website,No,Social media,154
GZ004202,26,Male,Midwest,White,High school,Student,5735,Instagram,7.0,3,4,2,4,In-store,No,Social media,79
GZ004203,21,Non-binary,South,White,Some college,Full-time,30472,TikTok,4.3,4,5,3,2,Website,Yes,Social media,631
GZ004204,19,Female,West,Hispanic,Some college,Full-time,33387,Snapchat,6.5,4,5,4,3,Social commerce,Yes,Search,750
GZ004205,21,Female,South,White,High school,Part-time,23660,TikTok,4.0,5,4,3,3,Website,Yes,Social media,339
GZ004206,26,Male,West,White,Graduate,Full-time,43094,Instagram,3.5,5,4,5,2,In-store,No,Ads,862
GZ004207,27,Female,West,White,Some college,Part-time,26134,Instagram,7.2,4,4,2,2,Mobile app,Yes,Ads,618
GZ004208,28,Male,South,White,Some college,Part-time,21012,YouTube,8.3,3,3,2,5,Mobile app,No,Social media,427
GZ004209,20,Male,West,Hispanic,High school,Full-time,10380,TikTok,3.6,4,3,3,3,Mobile app,No,Social media,296
GZ004210,24,Female,Midwest,Hispanic,Bachelor's,Full-time,52392,Snapchat,7.9,3,3,3,3,In-store,Yes,Social media,653
GZ004211,19,Female,West,White,Some college,Full-time,46418,Instagram,6.0,5,4,2,3,In-store,No,Search,1030
GZ004212,25,Male,South,White,Bachelor's,Part-time,12940,TikTok,1.6,2,5,2,4,Mobile app,Yes,Search,120
GZ004213,22,Female,South,White,Some college,Gig/freelance,50262,TikTok,3.1,4,4,3,4,Website,Yes,Social media,488
GZ004214,25,Male,South,Hispanic,Bachelor's,Full-time,53497,Reddit,7.2,4,4,3,5,Website,No,Friends/word-of-mouth,449
GZ004215,25,Male,Northeast,White,Some college,Full-time,59798,Instagram,2.8,3,5,2,3,In-store,No,Social media,893
GZ004216,28,Male,Northeast,White,High school,Full-time,60457,Instagram,4.8,3,5,3,4,Mobile app,No,Search,541
GZ004217,23,Male,South,Hispanic,Bachelor's,Student,7298,TikTok,5.8,5,3,3,2,Mobile app,Yes,Friends/word-of-mouth,192
GZ004218,21,Male,Midwest,White,High school,Full-time,53970,Instagram,6.9,4,5,3,2,In-store,No,Social media,1016
GZ004219,23,Male,West,Hispanic,Bachelor's,Student,10279,TikTok,6.4,4,3,2,5,Mobile app,No,Influencer,237
GZ004220,19,Female,Northeast,White,Some college,Student,6744,TikTok,9.1,5,4,1,5,In-store,Yes,Social media,154
GZ004221,19,Female,South,White,Some college,Full-time,18912,YouTube,4.4,4,3,1,4,Mobile app,No,Search,508
GZ004222,23,Female,West,Hispanic,High school,Part-time,18196,Reddit,6.2,4,3,3,5,Mobile app,Yes,Ads,190
GZ004223,27,Female,West,White,Some college,Unemployed,5056,Instagram,6.9,2,5,2,2,Mobile app,Yes,Ads,46
GZ004224,23,Female,South,White,High school,Full-time,42306,TikTok,7.4,2,4,3,5,Mobile app,No,Friends/word-of-mouth,981
GZ004225,26,Female,South,Black,Some college,Part-time,16523,Instagram,8.1,4,3,2,2,Social commerce,No,Search,420
GZ004226,19,Female,South,White,High school,Part-time,18221,Reddit,5.1,4,3,2,4,Website,No,Search,156
GZ004227,22,Female,West,Asian,Some college,Full-time,36576,YouTube,7.3,5,3,3,5,Website,No,Social media,717
GZ004228,24,Female,Midwest,White,Some college,Student,15274,TikTok,4.1,3,4,3,3,In-store,No,Search,254
GZ004229,21,Male,Midwest,Black,Some college,Full-time,47107,YouTube,5.8,4,5,2,5,Mobile app,No,Social media,1286
GZ004230,18,Male,South,Black,High school,Full-time,32805,Instagram,7.0,3,4,1,4,Website,No,Influencer,750
GZ004231,18,Male,Northeast,White,Some college,Student,1677,TikTok,8.0,5,5,3,3,In-store,No,Social media,48
GZ004232,28,Male,South,Hispanic,Bachelor's,Unemployed,3645,X,7.1,4,3,3,5,Social commerce,Yes,Search,57
GZ004233,24,Male,Northeast,Hispanic,High school,Full-time,31098,TikTok,6.2,4,4,1,2,Mobile app,No,Influencer,350
GZ004234,20,Male,South,White,High school,Student,6513,Instagram,5.8,3,5,2,3,In-store,No,Social media,155
GZ004235,20,Female,Northeast,White,Some college,Full-time,59815,YouTube,7.1,3,4,2,4,Mobile app,No,Search,1434
GZ004236,18,Non-binary,Northeast,Asian,Some college,Student,9322,YouTube,10.4,3,5,2,3,Website,Yes,Search,159
GZ004237,28,Female,Midwest,Hispanic,Bachelor's,Part-time,4372,TikTok,7.7,4,3,2,5,Mobile app,No,Social media,53
GZ004238,19,Male,Midwest,Two+/Other,High school,Part-time,23012,YouTube,6.8,1,4,2,2,In-store,Yes,Friends/word-of-mouth,229
GZ004239,26,Male,South,Black,Graduate,Unemployed,1152,YouTube,3.3,3,3,3,5,In-store,No,Social media,24
GZ004240,20,Female,Midwest,Black,Bachelor's,Student,11807,Snapchat,4.3,5,4,2,1,In-store,No,Search,147
GZ004241,21,Male,West,Hispanic,High school,Full-time,33021,TikTok,5.4,5,4,1,1,Mobile app,No,Social media,326
GZ004242,21,Female,West,Hispanic,Some college,Unemployed,4156,TikTok,7.8,2,5,3,3,Mobile app,Yes,Social media,89
GZ004243,27,Female,Northeast,Black,High school,Full-time,41529,X,4.1,4,3,3,4,Mobile app,Yes,Social media,886
GZ004244,18,Female,South,Hispanic,Some college,Student,8400,YouTube,7.3,3,4,2,5,Mobile app,Yes,Friends/word-of-mouth,162
GZ004245,21,Female,West,White,Some college,Student,9848,Instagram,6.2,3,5,1,5,Website,No,Friends/word-of-mouth,237
GZ004246,21,Female,Northeast,Hispanic,Bachelor's,Gig/freelance,26958,YouTube,6.7,4,3,3,4,Website,Yes,Social media,425
GZ004247,21,Male,South,White,Some college,Part-time,33144,TikTok,5.6,3,2,1,4,Mobile app,Yes,Social media,633
GZ004248,20,Male,South,Asian,Some college,Student,9906,X,4.8,5,3,2,4,In-store,Yes,Ads,279
GZ004249,28,Female,South,Hispanic,High school,Student,10001,YouTube,4.1,4,5,2,5,In-store,No,Search,139
GZ004250,22,Male,Midwest,Hispanic,High school,Part-time,12252,Reddit,7.2,4,4,1,2,In-store,Yes,Friends/word-of-mouth,134
GZ004251,22,Female,Northeast,White,Bachelor's,Unemployed,4685,Instagram,5.8,5,3,2,3,In-store,No,Social media,76
GZ004252,22,Female,South,Hispanic,Bachelor's,Full-time,22654,Snapchat,3.8,5,4,3,4,Mobile app,Yes,Social media,426
GZ004253,28,Male,Midwest,White,Some college,Full-time,63737,TikTok,6.4,5,4,2,4,Social commerce,No,Social media,1600
GZ004254,21,Male,West,Hispanic,High school,Student,2988,TikTok,12.8,3,2,2,5,In-store,Yes,Friends/word-of-mouth,55
GZ004255,21,Female,Midwest,Hispanic,Some college,Full-time,26054,Instagram,5.6,3,4,2,3,In-store,Yes,Search,574
GZ004256,21,Female,Midwest,White,Bachelor's,Gig/freelance,6939,Reddit,9.3,3,5,4,3,Social commerce,No,Influencer,144
GZ004257,21,Male,Northeast,White,Some college,Full-time,49931,YouTube,0.8,4,4,2,4,In-store,Yes,Social media,886
GZ004258,18,Male,South,Hispanic,Some college,Part-time,14566,Instagram,5.5,2,2,1,2,Website,Yes,Search,363
GZ004259,24,Female,South,White,Bachelor's,Student,11778,TikTok,7.9,4,5,3,5,Website,No,Search,127
GZ004260,18,Female,West,Black,Some college,Gig/freelance,14585,YouTube,6.0,4,3,3,3,Website,Yes,Social media,350
GZ004261,20,Female,West,Black,High school,Student,11152,YouTube,4.7,4,4,3,3,Social commerce,Yes,Social media,238
GZ004262,20,Male,West,Hispanic,Bachelor's,Full-time,52958,Instagram,5.9,4,5,2,4,Mobile app,Yes,Search,1484
GZ004263,21,Male,South,White,High school,Full-time,46002,YouTube,8.0,4,4,2,3,Mobile app,No,Social media,660
GZ004264,26,Male,South,White,Some college,Student,9125,TikTok,10.3,4,4,1,2,Mobile app,Yes,Influencer,108
GZ004265,24,Female,Northeast,Asian,High school,Gig/freelance,27605,Instagram,8.1,4,2,2,5,Website,No,Social media,396
GZ004266,28,Male,South,Two+/Other,Bachelor's,Student,5311,TikTok,5.0,5,5,1,2,Website,Yes,Influencer,71
GZ004267,21,Male,West,White,High school,Student,4645,TikTok,5.5,4,3,3,4,In-store,No,Search,122
GZ004268,28,Female,Midwest,Hispanic,Some college,Part-time,22405,TikTok,5.5,3,5,1,3,Mobile app,Yes,Friends/word-of-mouth,486
GZ004269,18,Male,South,White,Bachelor's,Part-time,15013,Snapchat,4.3,2,5,2,2,Website,Yes,Search,283
GZ004270,23,Female,South,White,Bachelor's,Part-time,21672,TikTok,5.7,2,3,3,2,Mobile app,Yes,Friends/word-of-mouth,517
GZ004271,26,Female,South,Two+/Other,Some college,Full-time,71313,TikTok,5.5,3,3,2,4,In-store,No,Social media,685
GZ004272,23,Male,West,Asian,Some college,Full-time,33359,Instagram,3.6,4,4,2,5,Mobile app,Yes,Social media,541
GZ004273,28,Female,South,Two+/Other,High school,Student,6569,Instagram,7.7,3,5,3,3,Mobile app,Yes,Search,102
GZ004274,21,Non-binary,Midwest,White,High school,Part-time,15373,Snapchat,6.8,4,3,3,3,Mobile app,No,Social media,423
GZ004275,18,Male,South,White,High school,Full-time,42736,Snapchat,4.7,3,4,3,4,Website,Yes,Search,645
GZ004276,26,Female,South,Black,High school,Gig/freelance,33185,YouTube,6.3,4,3,3,4,Mobile app,No,Social media,484
GZ004277,18,Female,South,Hispanic,High school,Full-time,41463,TikTok,4.1,5,5,3,4,In-store,No,Friends/word-of-mouth,1157
GZ004278,26,Male,South,White,High school,Student,17418,TikTok,4.9,3,3,1,4,Social commerce,Yes,Friends/word-of-mouth,445
GZ004279,26,Female,South,Hispanic,High school,Student,10704,TikTok,7.4,4,3,3,3,Mobile app,No,Search,253
GZ004280,27,Male,Northeast,White,High school,Gig/freelance,35135,YouTube,6.9,3,3,4,4,Website,Yes,Social media,333
GZ004281,23,Female,South,Hispanic,Some college,Gig/freelance,25568,TikTok,5.0,2,3,3,3,Social commerce,Yes,Search,345
GZ004282,27,Female,West,Black,Some college,Gig/freelance,37838,Snapchat,6.6,4,5,3,4,Social commerce,No,Influencer,471
GZ004283,19,Male,West,White,Some college,Part-time,16337,Other,5.9,4,4,2,3,In-store,No,Social media,425
GZ004284,22,Female,Midwest,White,Bachelor's,Student,6390,YouTube,4.0,4,3,2,3,Mobile app,No,Social media,177
GZ004285,19,Male,Midwest,Hispanic,Some college,Gig/freelance,36592,Instagram,5.7,5,2,3,4,Website,No,Search,821
GZ004286,26,Male,South,Hispanic,Bachelor's,Part-time,17535,Snapchat,6.9,3,4,3,1,Social commerce,Yes,Search,458
GZ004287,25,Female,Midwest,White,High school,Student,9993,TikTok,6.6,4,3,3,5,Mobile app,Yes,Search,182
GZ004288,26,Male,South,White,Some college,Full-time,60557,X,2.6,3,3,1,3,Mobile app,No,Search,675
GZ004289,26,Male,Midwest,Hispanic,High school,Student,9562,Instagram,6.3,4,3,2,1,Website,No,Search,226
GZ004290,21,Male,South,White,Bachelor's,Full-time,39179,YouTube,6.1,4,4,1,4,Mobile app,Yes,Ads,1047
GZ004291,18,Female,Midwest,Hispanic,Some college,Student,6831,TikTok,2.2,4,3,3,3,Website,No,Social media,180
GZ004292,28,Female,Midwest,Hispanic,Bachelor's,Part-time,26599,YouTube,4.4,3,4,2,2,Website,No,Social media,335
GZ004293,23,Male,Midwest,White,Some college,Full-time,35541,TikTok,7.0,3,5,2,5,Mobile app,Yes,Ads,1007
GZ004294,19,Male,South,Hispanic,Bachelor's,Part-time,17586,TikTok,8.8,3,3,2,4,Mobile app,Yes,Ads,308
GZ004295,28,Male,Midwest,Hispanic,High school,Student,10161,Instagram,2.7,4,3,1,3,Website,No,Search,189
GZ004296,28,Male,Midwest,Hispanic,Graduate,Gig/freelance,29308,TikTok,8.0,4,5,2,3,In-store,No,Search,546
GZ004297,22,Male,West,Hispanic,High school,Full-time,61158,TikTok,2.2,3,4,3,4,In-store,Yes,Search,796
GZ004298,26,Female,South,White,High school,Full-time,40680,Reddit,8.8,4,4,4,2,Mobile app,No,Search,755
GZ004299,18,Male,South,White,High school,Student,14574,TikTok,5.5,5,5,4,5,Mobile app,Yes,Friends/word-of-mouth,297
GZ004300,19,Female,South,White,High school,Student,7992,YouTube,4.6,3,4,2,3,Social commerce,No,Search,222
GZ004301,21,Female,Midwest,White,Some college,Full-time,49007,TikTok,6.7,3,4,1,5,Mobile app,No,Friends/word-of-mouth,1388
GZ004302,25,Male,West,White,Some college,Student,8255,YouTube,4.1,5,2,3,3,Website,Yes,Friends/word-of-mouth,107
GZ004303,19,Male,Midwest,White,Some college,Gig/freelance,50489,Other,7.0,4,3,4,4,Mobile app,No,Social media,566
GZ004304,18,Female,Midwest,Hispanic,High school,Full-time,35372,Instagram,5.8,4,5,3,2,Mobile app,No,Friends/word-of-mouth,449
GZ004305,25,Male,Midwest,White,Some college,Part-time,15892,X,0.5,5,3,2,1,In-store,Yes,Search,234
GZ004306,26,Male,Midwest,Asian,High school,Full-time,44168,YouTube,4.4,3,4,2,4,Mobile app,No,Ads,865
GZ004307,26,Male,West,Hispanic,Some college,Unemployed,3519,YouTube,6.4,4,5,3,4,Website,Yes,Search,62
GZ004308,26,Male,West,White,Some college,Gig/freelance,29679,TikTok,8.1,4,5,3,3,Website,No,Friends/word-of-mouth,253
GZ004309,26,Female,South,Hispanic,Some college,Part-time,27955,X,6.7,5,4,3,1,Mobile app,Yes,Social media,261
GZ004310,24,Male,Northeast,White,Bachelor's,Unemployed,4265,Reddit,8.1,4,3,1,3,In-store,Yes,Friends/word-of-mouth,100
GZ004311,23,Female,Northeast,Asian,Bachelor's,Full-time,45482,TikTok,4.2,5,3,1,4,Mobile app,Yes,Social media,1159
GZ004312,27,Female,West,Asian,Some college,Student,8071,TikTok,7.5,3,4,2,2,Website,No,Friends/word-of-mouth,199
GZ004313,21,Female,Northeast,Black,Some college,Student,6954,Instagram,7.5,4,4,3,4,Social commerce,No,Social media,58
GZ004314,19,Female,Northeast,Hispanic,Some college,Gig/freelance,27129,TikTok,2.7,4,5,3,3,Mobile app,No,Search,487
GZ004315,26,Male,West,Asian,Bachelor's,Student,9030,TikTok,8.2,4,4,2,2,Mobile app,No,Search,251
GZ004316,21,Female,Midwest,Hispanic,Some college,Full-time,64174,X,6.7,4,3,1,3,In-store,No,Friends/word-of-mouth,1863
GZ004317,28,Male,Midwest,Black,Some college,Full-time,23873,Reddit,5.4,4,4,4,1,Mobile app,No,Social media,686
GZ004318,22,Female,South,White,High school,Full-time,69490,Instagram,5.4,3,5,4,4,Mobile app,Yes,Social media,1849
GZ004319,27,Female,South,Asian,High school,Gig/freelance,24282,TikTok,3.9,3,4,2,3,Website,No,Search,525
GZ004320,18,Male,West,Hispanic,Bachelor's,Part-time,19203,Instagram,7.3,2,4,2,4,Website,Yes,Social media,510
GZ004321,25,Male,Midwest,White,High school,Student,4687,X,6.6,4,3,2,5,In-store,No,Social media,127
GZ004322,22,Male,South,Two+/Other,Bachelor's,Full-time,52620,Snapchat,7.2,3,5,3,3,Mobile app,No,Search,1072
GZ004323,23,Male,Midwest,Hispanic,Some college,Part-time,10220,Reddit,6.2,5,4,3,1,Website,No,Search,113
GZ004324,20,Female,Midwest,Asian,High school,Part-time,21024,Snapchat,6.4,3,4,2,3,Social commerce,Yes,Friends/word-of-mouth,251
GZ004325,28,Male,Midwest,White,Some college,Part-time,20233,Instagram,5.4,5,3,5,2,Social commerce,No,Social media,457
GZ004326,22,Male,South,Hispanic,High school,Part-time,15362,TikTok,8.2,5,3,1,5,Website,Yes,Social media,331
GZ004327,27,Female,West,Hispanic,Bachelor's,Full-time,2966,Snapchat,7.2,3,4,2,3,Website,No,Search,50
GZ004328,22,Male,South,White,Graduate,Full-time,82835,YouTube,6.3,3,3,2,4,In-store,No,Influencer,882
GZ004329,18,Male,South,Black,Some college,Unemployed,2102,Snapchat,5.7,4,3,2,5,Social commerce,No,Social media,27
GZ004330,27,Male,South,Hispanic,Bachelor's,Student,10104,YouTube,2.5,5,5,3,3,Mobile app,Yes,Friends/word-of-mouth,294
GZ004331,20,Male,South,White,High school,Student,6044,TikTok,2.0,5,5,3,3,Mobile app,No,Influencer,51
GZ004332,20,Male,South,Hispanic,Bachelor's,Unemployed,5886,TikTok,5.3,2,4,2,3,Mobile app,Yes,Social media,151
GZ004333,27,Female,West,White,High school,Student,7463,Snapchat,8.5,4,3,1,5,Social commerce,No,Friends/word-of-mouth,157
GZ004334,27,Non-binary,West,Black,High school,Student,5954,Instagram,4.6,3,4,3,5,In-store,Yes,Social media,54
GZ004335,28,Female,South,Black,Some college,Part-time,22820,TikTok,4.7,3,4,1,2,Mobile app,No,Friends/word-of-mouth,391
GZ004336,22,Female,Northeast,White,High school,Full-time,17960,YouTube,4.1,5,4,2,3,Social commerce,Yes,Social media,454
GZ004337,26,Female,West,White,Some college,Full-time,34189,TikTok,3.4,3,4,2,3,In-store,No,Search,724
GZ004338,21,Male,Northeast,White,Some college,Gig/freelance,34075,YouTube,4.2,2,3,1,3,Social commerce,No,Influencer,941
GZ004339,26,Non-binary,Midwest,White,Some college,Part-time,30205,YouTube,6.6,4,2,1,3,Social commerce,No,Social media,856
GZ004340,23,Male,South,Black,Some college,Full-time,23810,YouTube,5.0,4,4,3,3,Mobile app,No,Search,608
GZ004341,18,Male,Northeast,White,Some college,Gig/freelance,18844,Other,4.9,3,4,4,3,Mobile app,No,Search,441
GZ004342,22,Non-binary,Northeast,White,Some college,Full-time,48655,TikTok,4.7,3,4,2,3,Mobile app,No,Friends/word-of-mouth,515
GZ004343,23,Male,Midwest,White,Bachelor's,Student,910,Other,6.5,4,5,1,5,In-store,Yes,Social media,22
GZ004344,20,Female,West,Hispanic,Some college,Student,14498,Snapchat,6.8,2,5,3,3,In-store,No,Social media,313
GZ004345,22,Male,West,Black,Some college,Full-time,23109,Snapchat,2.3,4,5,2,2,Website,Yes,Influencer,375
GZ004346,23,Female,West,White,Some college,Full-time,33732,Snapchat,4.5,3,5,3,3,Website,Yes,Social media,834
GZ004347,18,Female,Midwest,White,High school,Part-time,20112,TikTok,5.8,5,4,3,3,Website,Yes,Friends/word-of-mouth,353
GZ004348,19,Female,West,White,High school,Student,9207,Instagram,6.9,4,4,1,5,Mobile app,No,Friends/word-of-mouth,211
GZ004349,26,Female,South,White,Some college,Gig/freelance,14725,TikTok,6.3,4,4,2,4,In-store,No,Social media,340
GZ004350,21,Male,South,White,High school,Gig/freelance,46141,YouTube,7.6,3,2,3,5,Website,No,Social media,1116
GZ004351,24,Prefer not to say,South,Black,Some college,Full-time,0,TikTok,3.2,2,5,2,4,In-store,Yes,Social media,0
GZ004352,24,Female,South,Hispanic,High school,Full-time,20794,TikTok,6.8,4,5,1,1,Mobile app,Yes,Social media,253
GZ004353,24,Male,South,White,Some college,Student,6421,Reddit,10.1,3,2,3,3,Mobile app,No,Influencer,150
GZ004354,22,Female,Northeast,Hispanic,Graduate,Student,5153,Reddit,6.1,4,5,1,2,Website,No,Friends/word-of-mouth,85
GZ004355,23,Female,South,Black,High school,Full-time,65049,YouTube,6.2,4,4,3,5,Mobile app,No,Social media,1861
GZ004356,27,Female,South,White,High school,Full-time,10657,Instagram,7.0,5,4,2,4,Website,Yes,Search,310
GZ004357,28,Female,South,White,High school,Full-time,71436,Snapchat,4.9,3,4,3,4,In-store,Yes,Search,2001
GZ004358,20,Female,West,Black,High school,Part-time,15747,X,4.1,3,4,2,3,Mobile app,No,Social media,285
GZ004359,25,Female,West,White,Graduate,Student,3488,TikTok,6.1,2,5,3,3,Mobile app,No,Social media,97
GZ004360,28,Female,West,Black,Bachelor's,Unemployed,218,TikTok,2.7,3,4,4,3,Website,Yes,Search,1
GZ004361,18,Female,Northeast,Black,Some college,Full-time,37934,Reddit,6.8,3,4,3,4,Social commerce,No,Social media,826
GZ004362,26,Male,Northeast,Black,Bachelor's,Part-time,12314,TikTok,7.1,2,4,3,4,Mobile app,No,Social media,353
GZ004363,23,Female,Northeast,White,Bachelor's,Part-time,19915,YouTube,2.8,3,3,3,4,Website,Yes,Search,170
GZ004364,28,Female,Midwest,White,Some college,Part-time,14350,Instagram,6.3,5,4,1,4,Mobile app,Yes,Friends/word-of-mouth,347
GZ004365,24,Male,South,Black,Some college,Full-time,60064,Instagram,5.6,5,3,2,4,Website,No,Friends/word-of-mouth,1243
GZ004366,27,Female,West,White,Bachelor's,Full-time,39306,TikTok,9.0,2,5,3,4,Website,Yes,Search,383
GZ004367,19,Male,South,White,Some college,Full-time,33988,YouTube,8.6,4,3,3,5,Website,No,Friends/word-of-mouth,432
GZ004368,19,Female,Midwest,Hispanic,Some college,Student,12941,YouTube,7.7,4,3,2,4,Website,Yes,Social media,144
GZ004369,28,Male,South,White,Some college,Student,9924,Reddit,8.4,4,3,3,3,Website,No,Social media,236
GZ004370,23,Male,South,Hispanic,Bachelor's,Student,12137,Instagram,5.3,5,3,1,4,Social commerce,No,Friends/word-of-mouth,298
GZ004371,24,Male,South,Asian,High school,Part-time,27304,Reddit,6.5,3,2,4,4,Mobile app,No,Social media,781
GZ004372,19,Male,West,Hispanic,Bachelor's,Part-time,15620,TikTok,5.5,3,2,3,3,Mobile app,No,Social media,381
GZ004373,20,Female,Midwest,White,High school,Full-time,42722,TikTok,4.0,3,4,1,3,Website,No,Social media,1052
GZ004374,27,Female,South,Two+/Other,Some college,Full-time,57947,X,6.2,4,2,4,4,In-store,Yes,Search,1012
GZ004375,21,Female,West,Hispanic,High school,Full-time,0,TikTok,5.8,1,5,1,4,Mobile app,No,Search,0
GZ004376,24,Male,South,White,Bachelor's,Full-time,40076,TikTok,5.6,3,4,2,4,Mobile app,Yes,Social media,687
GZ004377,21,Female,Midwest,Hispanic,Some college,Unemployed,3595,TikTok,5.9,2,5,2,3,Mobile app,No,Social media,37
GZ004378,20,Female,South,White,High school,Unemployed,4673,YouTube,6.1,4,4,2,5,Mobile app,No,Ads,121
GZ004379,19,Male,South,White,Some college,Student,5755,Snapchat,7.8,5,3,2,4,Website,Yes,Social media,101
GZ004380,28,Female,Midwest,Hispanic,High school,Student,13436,Reddit,4.8,5,4,2,3,Website,Yes,Social media,334
GZ004381,28,Female,West,White,High school,Student,6012,TikTok,3.4,2,5,1,3,Mobile app,Yes,Social media,169
GZ004382,19,Male,Northeast,White,High school,Student,7140,TikTok,7.4,3,5,3,3,Mobile app,No,Search,112
GZ004383,21,Female,West,Hispanic,Some college,Student,6309,TikTok,7.7,3,5,2,2,Social commerce,No,Influencer,79
GZ004384,24,Male,Northeast,White,Bachelor's,Full-time,65244,Other,6.7,5,3,4,5,Website,No,Influencer,876
GZ004385,22,Male,South,Hispanic,High school,Unemployed,245,YouTube,3.7,1,5,4,5,In-store,No,Social media,5
GZ004386,25,Male,West,White,Bachelor's,Student,16236,TikTok,5.7,3,3,2,5,Mobile app,Yes,Social media,216
GZ004387,20,Female,Northeast,Hispanic,Some college,Full-time,69846,TikTok,6.6,3,5,2,4,Website,Yes,Search,1069
GZ004388,18,Female,South,Black,Some college,Part-time,13424,TikTok,3.9,3,5,2,3,Mobile app,Yes,Influencer,282
GZ004389,21,Male,Midwest,White,Some college,Student,13159,YouTube,4.5,5,3,2,2,Mobile app,Yes,Social media,231
GZ004390,24,Male,South,Black,Bachelor's,Unemployed,4234,Instagram,5.7,2,4,3,3,Mobile app,No,Ads,54
GZ004391,19,Male,West,White,High school,Part-time,31388,YouTube,8.4,3,3,2,3,Mobile app,No,Friends/word-of-mouth,577
GZ004392,26,Female,South,White,High school,Part-time,25700,Instagram,6.5,5,5,2,4,Social commerce,Yes,Search,452
GZ004393,18,Female,West,White,Some college,Full-time,83450,TikTok,4.9,4,3,3,4,Website,No,Search,1833
GZ004394,18,Female,Midwest,White,High school,Part-time,5346,YouTube,5.6,4,4,1,4,Mobile app,No,Ads,89
GZ004395,23,Female,South,White,Bachelor's,Full-time,45616,YouTube,4.7,3,5,2,4,Website,No,Social media,1148
GZ004396,23,Female,South,Black,Bachelor's,Full-time,9414,TikTok,5.2,4,4,4,2,Social commerce,Yes,Ads,124
GZ004397,21,Male,South,Black,High school,Part-time,13798,YouTube,7.4,3,5,4,3,Social commerce,Yes,Social media,260
GZ004398,20,Female,South,Two+/Other,Bachelor's,Part-time,36222,Reddit,2.2,3,4,4,4,Mobile app,Yes,Ads,906
GZ004399,18,Male,West,Asian,Bachelor's,Student,10896,YouTube,8.6,2,5,1,4,Social commerce,Yes,Social media,151
GZ004400,25,Male,Northeast,White,Bachelor's,Part-time,25974,YouTube,10.4,4,3,1,3,Mobile app,Yes,Friends/word-of-mouth,344
GZ004401,22,Female,South,White,Some college,Full-time,51713,YouTube,6.3,3,4,2,3,In-store,No,Social media,1048
GZ004402,19,Male,West,White,High school,Part-time,21648,TikTok,4.3,3,2,2,3,In-store,No,Search,423
GZ004403,22,Male,West,Hispanic,High school,Gig/freelance,19888,TikTok,8.3,4,4,2,2,Social commerce,No,Social media,560
GZ004404,28,Female,South,Black,High school,Part-time,12259,Instagram,6.6,3,3,1,3,Website,No,Social media,307
GZ004405,20,Female,South,White,High school,Student,6775,TikTok,4.9,4,3,3,4,In-store,No,Friends/word-of-mouth,99
GZ004406,27,Male,Midwest,White,Bachelor's,Full-time,0,YouTube,4.1,5,2,3,3,In-store,No,Influencer,0
GZ004407,20,Male,West,White,High school,Full-time,40449,YouTube,5.2,4,4,2,2,Mobile app,No,Friends/word-of-mouth,548
GZ004408,20,Male,Midwest,Black,Some college,Unemployed,4431,TikTok,6.4,3,4,3,4,In-store,No,Influencer,74
GZ004409,20,Non-binary,West,White,Some college,Full-time,30296,X,7.8,3,4,3,5,Social commerce,Yes,Social media,309
GZ004410,21,Female,West,Hispanic,High school,Part-time,16941,Reddit,6.6,4,5,1,3,Website,No,Search,235
GZ004411,19,Male,Northeast,White,Some college,Full-time,51923,TikTok,6.9,4,5,3,2,In-store,Yes,Search,1300
GZ004412,24,Male,Northeast,White,Graduate,Part-time,25166,Instagram,5.3,3,3,2,3,Website,Yes,Influencer,512
GZ004413,21,Male,Northeast,White,Some college,Student,4148,TikTok,7.7,4,3,1,4,In-store,Yes,Search,37
GZ004414,25,Male,South,Black,High school,Student,5781,X,5.6,3,4,3,3,Website,No,Influencer,49
GZ004415,23,Male,Northeast,Hispanic,Graduate,Gig/freelance,34809,Instagram,9.7,3,4,2,2,In-store,Yes,Influencer,569
GZ004416,22,Male,Midwest,White,Some college,Full-time,53132,YouTube,4.7,2,5,1,4,Mobile app,No,Social media,489
GZ004417,23,Female,Midwest,White,High school,Full-time,67409,Other,6.8,4,4,3,4,Mobile app,No,Friends/word-of-mouth,993
GZ004418,19,Male,Midwest,White,Some college,Unemployed,6345,YouTube,10.4,4,5,2,5,Website,Yes,Influencer,83
GZ004419,25,Female,Northeast,White,Bachelor's,Part-time,37560,Reddit,8.1,5,4,3,3,In-store,No,Social media,691
GZ004420,19,Male,West,White,Bachelor's,Gig/freelance,22574,TikTok,7.5,4,4,1,5,Mobile app,No,Friends/word-of-mouth,449
GZ004421,25,Male,Midwest,White,Some college,Student,15393,TikTok,6.6,3,4,2,3,Mobile app,No,Social media,347
GZ004422,28,Male,Midwest,Hispanic,Some college,Full-time,24611,Instagram,6.1,5,4,1,3,Mobile app,Yes,Search,422
GZ004423,26,Female,Midwest,Black,Some college,Unemployed,8309,Reddit,5.7,4,3,2,3,Social commerce,Yes,Search,173
GZ004424,23,Male,Midwest,Hispanic,Bachelor's,Full-time,50593,TikTok,4.9,4,4,1,5,Social commerce,Yes,Social media,1071
GZ004425,21,Female,South,Hispanic,Some college,Student,11195,Instagram,2.9,4,5,1,3,Mobile app,No,Influencer,170
GZ004426,27,Female,South,Two+/Other,Some college,Full-time,60709,Snapchat,7.3,4,4,4,5,In-store,Yes,Friends/word-of-mouth,875
GZ004427,20,Female,West,Two+/Other,High school,Student,3510,TikTok,2.9,3,1,3,3,In-store,Yes,Search,78
GZ004428,23,Male,Midwest,White,High school,Student,4647,YouTube,7.3,4,4,3,2,Mobile app,No,Influencer,60
GZ004429,26,Female,Midwest,White,Graduate,Full-time,44186,TikTok,5.4,3,5,4,4,Mobile app,Yes,Friends/word-of-mouth,425
GZ004430,28,Non-binary,Northeast,White,Graduate,Unemployed,4622,TikTok,4.1,4,3,1,3,Mobile app,No,Social media,43
GZ004431,28,Female,Midwest,Black,Some college,Full-time,81360,TikTok,8.8,5,5,2,4,Mobile app,No,Friends/word-of-mouth,1246
GZ004432,18,Male,West,White,Some college,Part-time,10311,Snapchat,3.1,5,3,3,4,Mobile app,Yes,Search,295
GZ004433,27,Male,South,White,Bachelor's,Full-time,71109,TikTok,4.7,4,4,2,4,Mobile app,No,Social media,1324
GZ004434,19,Male,Midwest,Hispanic,High school,Student,7924,Instagram,4.9,2,4,1,5,Social commerce,No,Ads,117
GZ004435,24,Male,Northeast,Hispanic,High school,Part-time,15735,YouTube,6.3,3,3,3,4,Website,No,Social media,350
GZ004436,28,Male,Midwest,Hispanic,Bachelor's,Student,8336,Instagram,4.8,2,5,3,4,Mobile app,No,Social media,94
GZ004437,25,Male,Northeast,Black,Some college,Student,7763,Instagram,8.9,5,5,2,3,Mobile app,No,Influencer,205
GZ004438,28,Male,Northeast,Hispanic,Bachelor's,Student,10970,Instagram,3.3,4,3,3,4,Mobile app,Yes,Social media,318
GZ004439,21,Female,South,Black,High school,Unemployed,3289,Reddit,14.2,3,4,2,4,Mobile app,No,Search,70
GZ004440,21,Female,Midwest,White,Some college,Gig/freelance,9497,Reddit,3.9,3,5,3,3,Mobile app,No,Search,102
GZ004441,21,Male,West,Black,Some college,Full-time,36938,TikTok,11.9,5,5,1,4,Mobile app,No,Friends/word-of-mouth,1019
GZ004442,21,Male,West,Hispanic,Some college,Student,10849,YouTube,8.2,4,2,3,3,Website,Yes,Social media,115
GZ004443,25,Male,South,White,High school,Full-time,15496,Instagram,5.8,4,5,3,4,In-store,Yes,Friends/word-of-mouth,172
GZ004444,22,Male,South,Two+/Other,Some college,Full-time,52996,Instagram,6.5,4,1,2,2,In-store,Yes,Friends/word-of-mouth,1233
GZ004445,26,Female,South,Asian,Bachelor's,Part-time,27562,Instagram,5.2,4,5,1,4,Mobile app,No,Social media,645
GZ004446,22,Male,Midwest,Black,Bachelor's,Part-time,29987,Reddit,6.7,3,3,2,3,Mobile app,No,Friends/word-of-mouth,391
GZ004447,21,Male,South,Asian,Bachelor's,Part-time,20735,Snapchat,4.5,5,4,3,4,Mobile app,No,Social media,468
GZ004448,20,Male,West,White,Some college,Part-time,3382,Instagram,7.4,5,4,1,5,Mobile app,No,Ads,93
GZ004449,24,Male,West,White,Some college,Student,11622,TikTok,6.4,4,4,3,4,Mobile app,Yes,Influencer,298
GZ004450,27,Male,West,White,Some college,Unemployed,5740,YouTube,4.0,3,5,3,5,Mobile app,No,Friends/word-of-mouth,79
GZ004451,27,Male,Northeast,Black,Graduate,Full-time,28835,Instagram,6.9,4,4,3,2,Social commerce,Yes,Social media,447
GZ004452,20,Male,West,Black,High school,Part-time,17411,Instagram,6.7,3,3,2,3,In-store,Yes,Search,498
GZ004453,23,Female,South,Two+/Other,Bachelor's,Full-time,51140,X,4.6,5,5,1,3,Social commerce,Yes,Friends/word-of-mouth,920
GZ004454,25,Male,Northeast,Black,High school,Full-time,75779,Other,5.1,5,4,1,3,Website,No,Social media,1986
GZ004455,24,Male,Northeast,Hispanic,Some college,Unemployed,3539,X,7.0,4,3,3,2,In-store,Yes,Social media,31
GZ004456,18,Female,Midwest,White,Some college,Full-time,58844,YouTube,8.2,2,4,1,3,Mobile app,Yes,Search,530
GZ004457,24,Female,Midwest,White,Bachelor's,Full-time,47978,YouTube,5.7,3,4,2,4,Mobile app,No,Friends/word-of-mouth,566
GZ004458,18,Male,South,White,Some college,Part-time,19615,TikTok,7.9,3,4,3,5,Website,Yes,Social media,274
GZ004459,19,Female,Midwest,Black,High school,Full-time,67145,X,8.3,3,4,1,2,Social commerce,Yes,Social media,1796
GZ004460,25,Male,South,White,Bachelor's,Student,5632,Instagram,8.6,3,3,1,3,In-store,No,Influencer,63
GZ004461,19,Female,West,Asian,High school,Unemployed,4414,TikTok,6.8,4,5,3,3,Mobile app,Yes,Ads,112
GZ004462,21,Female,South,Hispanic,Bachelor's,Student,9110,TikTok,4.2,4,4,2,3,Social commerce,Yes,Search,207
GZ004463,24,Male,Midwest,White,Some college,Part-time,5793,Snapchat,7.8,5,2,1,3,Website,No,Friends/word-of-mouth,104
GZ004464,25,Female,South,Black,Some college,Student,13991,TikTok,5.6,4,4,2,3,Website,No,Social media,269
GZ004465,22,Female,South,Hispanic,Bachelor's,Gig/freelance,35699,Snapchat,7.0,3,3,2,3,Mobile app,No,Influencer,728
GZ004466,19,Male,South,Hispanic,High school,Full-time,42640,YouTube,4.7,2,4,1,2,Website,Yes,Influencer,625
GZ004467,26,Male,Midwest,White,Some college,Student,7941,TikTok,4.8,4,4,1,4,Website,No,Social media,198
GZ004468,28,Female,South,White,High school,Student,9000,Snapchat,4.6,3,5,1,4,In-store,Yes,Friends/word-of-mouth,106
GZ004469,27,Male,West,White,High school,Student,11864,Snapchat,3.4,3,5,3,4,Social commerce,No,Social media,140
GZ004470,26,Male,South,Hispanic,Some college,Full-time,42999,TikTok,4.8,3,4,3,4,In-store,No,Search,911
GZ004471,22,Male,Midwest,Black,Bachelor's,Student,6296,TikTok,3.9,3,5,3,4,Mobile app,No,Social media,94
GZ004472,27,Female,South,Two+/Other,Bachelor's,Student,6905,YouTube,7.1,4,3,4,4,Mobile app,Yes,Influencer,59
GZ004473,23,Female,Northeast,Black,Graduate,Student,8950,TikTok,3.9,4,5,4,3,Website,No,Search,194
GZ004474,19,Male,South,White,High school,Full-time,24373,TikTok,4.7,5,5,1,5,Mobile app,Yes,Influencer,611
GZ004475,27,Male,South,Two+/Other,High school,Full-time,48299,X,6.0,3,4,3,4,Website,Yes,Search,1071
GZ004476,21,Female,South,White,Some college,Student,5788,TikTok,9.6,5,4,2,3,Mobile app,Yes,Search,105
GZ004477,28,Male,South,White,Bachelor's,Student,5134,Instagram,4.6,3,5,4,3,Mobile app,Yes,Friends/word-of-mouth,116
GZ004478,22,Female,West,Hispanic,Bachelor's,Unemployed,9747,TikTok,3.2,4,4,5,5,Mobile app,Yes,Social media,170
GZ004479,27,Male,South,Asian,Some college,Part-time,33712,Instagram,3.4,4,3,2,3,In-store,No,Search,732
GZ004480,23,Male,Northeast,Asian,Some college,Full-time,44720,Instagram,4.3,5,4,2,3,Website,Yes,Social media,761
GZ004481,23,Male,West,Black,High school,Student,12446,TikTok,4.7,5,4,2,3,Mobile app,No,Friends/word-of-mouth,293
GZ004482,21,Male,South,White,High school,Student,13134,Snapchat,10.6,5,4,2,4,Mobile app,No,Influencer,370
GZ004483,27,Female,West,White,High school,Part-time,17388,Snapchat,7.9,3,3,3,3,Mobile app,No,Friends/word-of-mouth,415
GZ004484,18,Male,South,White,Some college,Student,10145,Instagram,5.4,5,3,5,4,In-store,Yes,Influencer,210
GZ004485,23,Female,South,Hispanic,Bachelor's,Full-time,37044,Reddit,9.7,4,3,2,5,Mobile app,No,Social media,421
GZ004486,22,Male,South,White,High school,Full-time,65732,TikTok,4.8,1,3,2,2,Mobile app,Yes,Social media,671
GZ004487,23,Male,South,White,High school,Full-time,65992,Instagram,5.2,4,3,2,3,Mobile app,Yes,Friends/word-of-mouth,573
GZ004488,20,Female,South,White,High school,Full-time,71520,Snapchat,5.1,3,4,1,3,Mobile app,Yes,Social media,1330
GZ004489,25,Female,Northeast,Hispanic,Bachelor's,Student,10077,YouTube,8.1,3,3,1,2,Website,Yes,Search,140
GZ004490,22,Female,Midwest,Hispanic,Some college,Full-time,82971,Other,5.9,4,4,2,4,Social commerce,Yes,Friends/word-of-mouth,984
GZ004491,20,Female,Northeast,White,High school,Gig/freelance,25106,YouTube,9.0,4,5,5,4,In-store,Yes,Social media,344
GZ004492,20,Female,South,White,High school,Full-time,80686,X,6.9,3,5,3,2,Mobile app,No,Social media,2294
GZ004493,25,Male,Northeast,Hispanic,Bachelor's,Student,7123,TikTok,7.8,5,3,2,3,Mobile app,No,Friends/word-of-mouth,92
GZ004494,20,Male,South,Hispanic,High school,Part-time,7490,TikTok,2.4,2,4,3,4,Website,Yes,Social media,144
GZ004495,21,Male,South,White,Bachelor's,Full-time,80325,Instagram,2.6,2,3,5,4,Mobile app,No,Friends/word-of-mouth,2310
GZ004496,24,Male,Midwest,White,Bachelor's,Student,11674,Snapchat,2.7,3,4,2,5,Mobile app,No,Ads,130
GZ004497,21,Male,South,Asian,High school,Unemployed,4934,TikTok,5.1,4,4,1,3,Mobile app,No,Friends/word-of-mouth,65
GZ004498,22,Female,West,Hispanic,Bachelor's,Unemployed,3351,TikTok,2.9,4,4,2,4,Mobile app,Yes,Friends/word-of-mouth,69
GZ004499,20,Male,Midwest,White,Some college,Full-time,26026,Other,8.5,3,3,3,3,Mobile app,Yes,Social media,610
GZ004500,21,Male,West,Hispanic,High school,Part-time,11922,YouTube,5.6,3,3,3,3,Website,Yes,Social media,311
GZ004501,25,Male,West,Hispanic,Some college,Full-time,44618,Instagram,7.2,4,5,4,3,In-store,No,Friends/word-of-mouth,986
GZ004502,23,Male,South,White,Some college,Part-time,16783,TikTok,5.0,3,4,2,4,In-store,No,Search,149
GZ004503,28,Male,South,White,Some college,Full-time,5323,YouTube,7.6,4,3,1,3,Mobile app,Yes,Friends/word-of-mouth,68
GZ004504,26,Male,Northeast,Asian,Some college,Unemployed,7048,Reddit,2.1,5,3,3,4,Website,No,Social media,139
GZ004505,18,Male,South,White,Some college,Student,7300,YouTube,5.9,3,4,3,3,Mobile app,No,Social media,79
GZ004506,22,Female,South,White,High school,Full-time,65405,TikTok,7.0,4,4,3,2,Mobile app,Yes,Search,728
GZ004507,21,Male,South,Black,Some college,Unemployed,2729,Instagram,7.2,4,3,1,4,Website,Yes,Social media,68
GZ004508,24,Female,Northeast,White,Some college,Student,9627,Instagram,5.4,5,4,4,4,Mobile app,Yes,Search,231
GZ004509,20,Female,Midwest,Hispanic,Some college,Full-time,60376,Reddit,2.6,5,4,1,4,In-store,No,Social media,755
GZ004510,28,Male,West,White,Bachelor's,Gig/freelance,35761,Snapchat,8.0,3,3,1,4,Mobile app,Yes,Social media,665
GZ004511,21,Female,Northeast,White,High school,Student,7914,Snapchat,5.2,4,4,2,3,Mobile app,Yes,Search,227
GZ004512,23,Non-binary,South,White,High school,Part-time,22125,Instagram,5.4,5,4,4,2,Website,No,Search,456
GZ004513,19,Female,Northeast,Two+/Other,Some college,Full-time,54775,TikTok,10.4,4,4,4,4,Website,Yes,Friends/word-of-mouth,1282
GZ004514,28,Male,South,Hispanic,Bachelor's,Full-time,39204,YouTube,6.2,3,5,3,2,In-store,Yes,Social media,860
GZ004515,28,Female,West,Black,Bachelor's,Full-time,20950,YouTube,5.0,2,4,3,3,Mobile app,No,Search,357
GZ004516,26,Male,South,White,Some college,Gig/freelance,18692,TikTok,4.8,3,5,1,5,Social commerce,No,Search,473
GZ004517,21,Female,Northeast,Black,High school,Full-time,34832,YouTube,7.3,4,3,1,4,Mobile app,No,Social media,347
GZ004518,18,Female,Northeast,White,High school,Part-time,18211,TikTok,4.4,3,4,2,4,Social commerce,No,Social media,381
GZ004519,25,Female,West,Hispanic,Bachelor's,Unemployed,6866,YouTube,7.0,3,4,3,2,Mobile app,Yes,Search,116
GZ004520,22,Male,South,White,Bachelor's,Unemployed,5633,YouTube,8.2,3,5,3,3,Social commerce,Yes,Search,149
GZ004521,28,Non-binary,South,Hispanic,Some college,Gig/freelance,16452,TikTok,5.8,5,4,1,4,Social commerce,No,Ads,349
GZ004522,25,Non-binary,West,White,Graduate,Gig/freelance,47487,Snapchat,8.0,3,5,1,2,Mobile app,No,Search,664
GZ004523,23,Female,South,White,Bachelor's,Unemployed,3858,Instagram,5.9,3,3,3,4,Mobile app,Yes,Social media,93
GZ004524,28,Female,South,Black,Bachelor's,Gig/freelance,33865,Instagram,4.6,3,3,2,2,Website,No,Friends/word-of-mouth,561
GZ004525,26,Female,Midwest,White,Bachelor's,Part-time,10394,X,2.7,5,4,1,3,Mobile app,Yes,Social media,254
GZ004526,23,Male,West,White,Bachelor's,Full-time,33452,Reddit,6.6,2,4,1,2,Mobile app,Yes,Friends/word-of-mouth,357
GZ004527,18,Male,Northeast,Asian,High school,Full-time,61617,Instagram,6.6,3,3,3,3,Social commerce,No,Friends/word-of-mouth,983
GZ004528,19,Female,West,White,High school,Part-time,10881,YouTube,8.0,4,4,1,2,In-store,No,Social media,219
GZ004529,22,Male,South,Hispanic,Some college,Full-time,43042,Instagram,7.8,4,4,1,3,In-store,Yes,Social media,471
GZ004530,24,Male,West,Black,Some college,Full-time,50900,Snapchat,10.1,5,4,1,4,Social commerce,Yes,Social media,958
GZ004531,18,Female,South,Hispanic,Some college,Full-time,22666,TikTok,4.8,5,2,3,4,In-store,No,Social media,605
GZ004532,19,Female,Midwest,White,High school,Student,1800,Instagram,6.7,3,4,2,4,In-store,Yes,Social media,17
GZ004533,25,Female,Midwest,Hispanic,Some college,Part-time,25349,TikTok,4.6,4,4,4,4,In-store,Yes,Social media,442
GZ004534,26,Female,South,Hispanic,Graduate,Full-time,96117,Reddit,7.9,3,4,2,3,Mobile app,No,Search,2390
GZ004535,18,Female,South,White,High school,Student,10858,Reddit,4.1,3,5,2,3,Mobile app,No,Ads,117
GZ004536,23,Male,Northeast,Hispanic,High school,Full-time,54299,TikTok,7.8,5,4,3,4,Website,No,Social media,510
GZ004537,18,Female,West,Two+/Other,Some college,Part-time,10839,YouTube,4.5,4,4,2,2,In-store,No,Social media,199
GZ004538,25,Male,West,White,Some college,Full-time,69776,Instagram,7.5,5,4,1,3,Mobile app,No,Social media,1956
GZ004539,27,Male,Midwest,White,High school,Student,7474,TikTok,8.4,4,5,2,5,Mobile app,No,Friends/word-of-mouth,164
GZ004540,27,Male,West,Hispanic,Bachelor's,Gig/freelance,39615,TikTok,2.9,5,2,2,4,Social commerce,No,Influencer,1039
GZ004541,24,Male,South,White,Graduate,Full-time,53477,Snapchat,3.3,1,1,2,5,Mobile app,No,Search,1491
GZ004542,24,Female,Midwest,Black,Some college,Gig/freelance,33390,TikTok,6.5,4,5,2,4,Website,No,Influencer,634
GZ004543,28,Female,Northeast,White,Some college,Gig/freelance,32941,Instagram,6.3,4,3,3,3,In-store,Yes,Influencer,323
GZ004544,24,Female,South,White,Some college,Unemployed,5010,Reddit,5.4,4,2,2,3,Mobile app,Yes,Social media,52
GZ004545,22,Male,South,Hispanic,Bachelor's,Gig/freelance,29315,TikTok,5.0,5,4,1,2,Website,No,Social media,681
GZ004546,26,Male,Midwest,Two+/Other,Some college,Student,12925,Instagram,4.3,4,3,2,5,In-store,No,Ads,285
GZ004547,24,Female,West,White,Some college,Full-time,28277,X,6.7,2,4,1,4,Mobile app,Yes,Friends/word-of-mouth,370
GZ004548,27,Female,West,Black,Bachelor's,Full-time,37486,Snapchat,4.1,4,4,4,3,Website,No,Friends/word-of-mouth,904
GZ004549,23,Male,West,White,Graduate,Full-time,69746,TikTok,6.7,5,4,2,4,Website,No,Search,931
GZ004550,27,Female,Midwest,White,Some college,Part-time,19400,TikTok,4.9,3,5,3,4,Website,No,Social media,388
GZ004551,18,Non-binary,West,Hispanic,Some college,Unemployed,3413,Snapchat,5.2,3,3,2,3,Mobile app,No,Social media,54
GZ004552,18,Female,South,White,High school,Full-time,61559,TikTok,8.4,4,2,4,4,Social commerce,No,Search,1414
GZ004553,19,Female,South,Hispanic,Some college,Part-time,24783,YouTube,7.9,4,4,1,4,Social commerce,Yes,Search,559
GZ004554,24,Female,West,White,Bachelor's,Unemployed,1660,TikTok,4.0,5,4,2,4,Social commerce,No,Social media,42
GZ004555,25,Female,Northeast,White,Some college,Full-time,55795,Snapchat,4.3,4,2,3,4,Website,Yes,Friends/word-of-mouth,791
GZ004556,20,Female,West,White,High school,Full-time,44595,Instagram,7.6,1,5,2,3,In-store,No,Friends/word-of-mouth,744
GZ004557,19,Male,South,Black,Bachelor's,Full-time,55454,Instagram,3.1,4,2,2,3,In-store,Yes,Ads,723
GZ004558,27,Female,Northeast,Asian,High school,Full-time,42202,Snapchat,8.9,3,4,2,4,Social commerce,Yes,Friends/word-of-mouth,814
GZ004559,26,Male,West,White,Bachelor's,Part-time,21760,TikTok,6.3,4,5,4,5,In-store,No,Ads,201
GZ004560,25,Female,West,White,Bachelor's,Part-time,3168,YouTube,4.8,4,4,4,2,Mobile app,Yes,Social media,85
GZ004561,23,Female,South,Two+/Other,Bachelor's,Student,5375,X,6.0,3,4,3,3,Mobile app,No,Influencer,82
GZ004562,22,Female,Midwest,White,Bachelor's,Full-time,55987,YouTube,8.7,4,4,2,3,Website,Yes,Friends/word-of-mouth,849
GZ004563,18,Female,Midwest,Black,High school,Student,19616,TikTok,1.7,4,4,3,4,In-store,Yes,Search,332
GZ004564,20,Female,Midwest,Hispanic,High school,Full-time,48941,Reddit,8.1,4,5,3,4,In-store,Yes,Social media,742
GZ004565,27,Female,South,Black,Bachelor's,Part-time,12388,TikTok,8.4,5,3,2,4,Mobile app,No,Social media,273
GZ004566,21,Male,West,White,Some college,Full-time,44559,Instagram,5.4,3,3,2,3,Website,No,Social media,1240
GZ004567,25,Male,South,White,Bachelor's,Gig/freelance,15546,TikTok,5.9,4,5,2,3,Website,No,Social media,294
GZ004568,25,Male,Northeast,White,Bachelor's,Student,14061,YouTube,6.3,1,5,3,3,In-store,No,Social media,354
GZ004569,21,Female,South,White,High school,Full-time,42908,TikTok,7.5,5,5,2,2,Website,No,Friends/word-of-mouth,649
GZ004570,20,Male,Midwest,White,High school,Student,13265,TikTok,4.5,4,1,4,5,In-store,No,Social media,225
GZ004571,25,Male,Midwest,Two+/Other,Some college,Part-time,16757,Instagram,6.0,4,5,2,4,In-store,Yes,Social media,454
GZ004572,19,Female,South,White,High school,Gig/freelance,39360,TikTok,5.8,4,3,1,5,Website,Yes,Social media,371
GZ004573,23,Female,South,White,Bachelor's,Unemployed,1077,Snapchat,7.4,4,5,1,3,Mobile app,No,Ads,20
GZ004574,27,Male,South,White,Bachelor's,Full-time,42462,Instagram,11.4,5,3,2,4,In-store,No,Social media,1088
GZ004575,25,Male,West,White,Bachelor's,Part-time,22370,Instagram,4.5,3,3,1,3,Mobile app,No,Search,469
GZ004576,26,Female,Northeast,Hispanic,High school,Full-time,36928,TikTok,6.2,4,4,3,3,In-store,Yes,Social media,385
GZ004577,18,Female,West,White,Some college,Student,10456,Reddit,4.5,4,4,2,5,Mobile app,No,Search,100
GZ004578,20,Prefer not to say,Northeast,Black,Some college,Full-time,48474,Instagram,5.0,2,4,2,3,Mobile app,Yes,Social media,1294
GZ004579,21,Female,South,Black,Bachelor's,Student,13247,Instagram,3.8,3,5,3,4,Website,No,Influencer,222
GZ004580,21,Male,West,White,Some college,Gig/freelance,33271,TikTok,2.9,4,5,4,4,Website,No,Social media,598
GZ004581,20,Male,Northeast,Black,Some college,Part-time,21182,X,8.4,5,3,2,2,Social commerce,Yes,Social media,255
GZ004582,28,Male,Northeast,White,Some college,Gig/freelance,36289,YouTube,6.7,5,5,1,3,Website,No,Social media,657
GZ004583,19,Male,South,White,Some college,Full-time,16427,TikTok,6.2,2,3,2,4,Website,No,Ads,279
GZ004584,25,Female,Midwest,Asian,High school,Unemployed,2645,TikTok,4.3,5,3,1,4,In-store,No,Social media,65
GZ004585,24,Male,Northeast,Black,Some college,Gig/freelance,9792,Instagram,5.9,5,5,3,2,Mobile app,Yes,Search,100
GZ004586,24,Male,Midwest,White,Bachelor's,Part-time,22443,TikTok,3.7,4,4,3,2,Mobile app,No,Influencer,485
GZ004587,20,Male,Midwest,White,High school,Full-time,49821,YouTube,5.9,2,3,2,4,Mobile app,No,Ads,1423
GZ004588,21,Female,South,White,High school,Part-time,29220,TikTok,6.7,3,4,1,2,Website,Yes,Ads,419
GZ004589,24,Female,South,Hispanic,High school,Student,10424,Instagram,4.9,4,5,5,5,Website,No,Social media,244
GZ004590,21,Female,West,Hispanic,Some college,Full-time,30060,Snapchat,4.5,3,4,1,3,In-store,No,Search,310
GZ004591,25,Female,West,White,Bachelor's,Unemployed,4241,Instagram,5.0,2,5,2,4,Website,Yes,Search,78
GZ004592,18,Male,South,Asian,Bachelor's,Student,1404,TikTok,7.6,3,3,2,5,Mobile app,Yes,Friends/word-of-mouth,22
GZ004593,18,Male,South,Hispanic,Some college,Unemployed,3265,Instagram,6.4,3,3,3,2,In-store,No,Search,76
GZ004594,26,Male,West,White,High school,Full-time,0,Reddit,2.8,4,3,2,4,Mobile app,No,Search,0
GZ004595,24,Male,West,Black,Some college,Part-time,20661,Snapchat,7.4,4,3,2,4,In-store,No,Social media,501
GZ004596,18,Female,West,Hispanic,Some college,Full-time,36721,YouTube,7.1,4,4,3,4,Website,No,Friends/word-of-mouth,451
GZ004597,27,Female,West,White,Some college,Full-time,39499,Snapchat,6.4,3,3,5,3,Website,No,Friends/word-of-mouth,1002
GZ004598,18,Female,South,Hispanic,Bachelor's,Full-time,24393,TikTok,9.3,4,4,2,4,In-store,Yes,Ads,218
GZ004599,28,Female,Northeast,Black,Graduate,Full-time,29358,TikTok,6.0,4,5,2,1,Mobile app,No,Search,662
GZ004600,26,Female,West,Two+/Other,Some college,Student,11805,TikTok,6.9,5,3,2,5,Website,No,Influencer,109
GZ004601,28,Female,South,White,High school,Full-time,14858,TikTok,6.9,3,3,3,2,Social commerce,No,Ads,383
GZ004602,28,Female,West,Hispanic,High school,Full-time,51557,Snapchat,7.8,3,3,5,5,Mobile app,No,Social media,1387
GZ004603,21,Male,West,Black,Bachelor's,Part-time,11429,TikTok,5.6,5,4,2,2,Social commerce,No,Social media,250
GZ004604,26,Female,West,Two+/Other,Bachelor's,Student,2191,Instagram,4.7,5,4,3,2,In-store,No,Ads,29
GZ004605,20,Female,West,White,High school,Student,13966,TikTok,7.9,4,5,1,4,Social commerce,Yes,Search,174
GZ004606,23,Female,Midwest,White,Some college,Student,14383,Snapchat,7.8,5,5,2,4,Mobile app,Yes,Social media,185
GZ004607,20,Male,Midwest,Black,Some college,Full-time,31804,Snapchat,8.5,5,3,2,4,In-store,Yes,Search,470
GZ004608,23,Male,South,White,High school,Student,6775,Snapchat,6.8,5,5,3,4,Website,Yes,Search,127
GZ004609,27,Female,South,White,Bachelor's,Student,7983,Instagram,2.7,3,5,2,3,Mobile app,No,Social media,75
GZ004610,22,Female,South,Hispanic,Some college,Full-time,26689,Reddit,6.3,5,5,1,3,Website,No,Influencer,653
GZ004611,19,Male,West,Hispanic,Some college,Full-time,30020,Reddit,6.1,4,4,3,4,Social commerce,No,Social media,562
GZ004612,21,Male,West,Hispanic,Some college,Unemployed,4810,YouTube,8.5,3,4,1,3,Website,No,Search,96
GZ004613,26,Male,Midwest,White,Some college,Full-time,81196,YouTube,8.1,3,3,1,4,Mobile app,Yes,Influencer,1772
GZ004614,23,Male,South,Black,Bachelor's,Full-time,35295,TikTok,7.2,4,4,2,2,Mobile app,No,Influencer,411
GZ004615,24,Male,Midwest,White,Bachelor's,Full-time,61336,YouTube,1.9,5,3,1,4,Mobile app,Yes,Social media,1281
GZ004616,22,Male,South,Black,Some college,Gig/freelance,30128,X,4.4,5,5,2,3,Mobile app,Yes,Social media,503
GZ004617,21,Female,West,White,Some college,Part-time,4454,TikTok,5.3,4,4,4,3,Website,No,Social media,80
GZ004618,24,Male,Midwest,White,Bachelor's,Unemployed,3956,TikTok,5.3,4,4,1,5,Mobile app,No,Social media,82
GZ004619,24,Female,South,Two+/Other,Bachelor's,Gig/freelance,24244,TikTok,6.3,3,3,2,5,Social commerce,Yes,Social media,324
GZ004620,27,Male,South,Black,Bachelor's,Student,14931,Other,9.0,4,3,3,4,In-store,Yes,Friends/word-of-mouth,151
GZ004621,24,Female,West,White,Some college,Full-time,70447,Instagram,7.6,2,5,3,4,Website,No,Social media,1194
GZ004622,28,Female,Midwest,White,Bachelor's,Part-time,21052,X,4.2,4,5,2,4,Mobile app,No,Social media,242
GZ004623,27,Male,South,Hispanic,Bachelor's,Gig/freelance,40206,YouTube,4.3,4,5,2,4,Website,No,Social media,400
GZ004624,18,Male,Northeast,Two+/Other,High school,Unemployed,3736,TikTok,4.2,5,2,4,4,Website,Yes,Social media,87
GZ004625,22,Female,Northeast,White,High school,Gig/freelance,39096,YouTube,5.8,4,5,3,4,Mobile app,No,Social media,824
GZ004626,22,Prefer not to say,Midwest,Asian,Some college,Unemployed,4180,TikTok,7.6,5,4,1,3,Social commerce,Yes,Search,48
GZ004627,18,Female,South,White,High school,Student,13445,Instagram,7.9,3,5,2,4,In-store,Yes,Search,249
GZ004628,19,Female,Midwest,Hispanic,High school,Part-time,27715,Instagram,5.2,5,1,2,3,Social commerce,No,Search,758
GZ004629,26,Male,South,White,Bachelor's,Part-time,23803,Instagram,5.9,5,4,2,4,In-store,No,Social media,650
GZ004630,21,Female,Northeast,White,Some college,Part-time,11993,Instagram,9.3,5,4,1,4,Mobile app,Yes,Search,210
GZ004631,19,Female,West,Asian,Bachelor's,Full-time,34051,Instagram,3.0,4,4,2,3,Website,Yes,Influencer,933
GZ004632,21,Male,South,White,High school,Full-time,56217,Reddit,7.3,3,4,3,4,Mobile app,No,Friends/word-of-mouth,1462
GZ004633,21,Female,South,Asian,High school,Full-time,58886,TikTok,7.1,3,3,3,3,Mobile app,No,Search,639
GZ004634,19,Female,Midwest,White,High school,Full-time,44993,Reddit,5.4,3,3,2,2,Mobile app,No,Friends/word-of-mouth,636
GZ004635,19,Female,Northeast,White,High school,Full-time,36097,Instagram,6.0,4,3,2,5,Mobile app,No,Social media,499
GZ004636,26,Male,West,Asian,Graduate,Student,9775,YouTube,6.8,3,4,2,3,Mobile app,No,Ads,89
GZ004637,27,Female,West,Hispanic,High school,Student,7872,TikTok,5.4,4,5,3,5,Website,No,Friends/word-of-mouth,155
GZ004638,23,Female,Midwest,White,High school,Student,7894,TikTok,4.7,4,5,1,2,Website,Yes,Friends/word-of-mouth,166
GZ004639,24,Male,Midwest,Hispanic,High school,Student,16938,YouTube,4.6,3,4,2,2,Mobile app,Yes,Friends/word-of-mouth,159
GZ004640,28,Female,Midwest,White,Some college,Part-time,14148,Reddit,9.7,5,4,1,3,Website,No,Social media,294
GZ004641,27,Female,West,Black,Bachelor's,Part-time,22113,Instagram,5.1,4,5,2,4,Social commerce,No,Social media,283
GZ004642,18,Male,Midwest,White,Some college,Part-time,19238,TikTok,6.4,5,5,4,4,Website,No,Search,265
GZ004643,28,Male,Northeast,Hispanic,Bachelor's,Full-time,18818,Snapchat,7.6,3,5,1,5,In-store,Yes,Search,167
GZ004644,18,Female,South,White,High school,Student,3892,Reddit,5.6,3,3,3,3,In-store,Yes,Influencer,33
GZ004645,18,Male,West,Hispanic,Bachelor's,Student,8671,YouTube,6.1,3,4,3,4,Website,Yes,Search,191
GZ004646,22,Male,South,Asian,Some college,Full-time,5094,TikTok,7.0,4,3,1,2,Mobile app,No,Social media,65
GZ004647,26,Female,West,Black,Graduate,Gig/freelance,47415,Instagram,4.3,4,5,2,2,Mobile app,Yes,Search,1342
GZ004648,18,Male,Midwest,White,High school,Full-time,35165,X,2.9,5,3,1,3,Mobile app,No,Social media,953
GZ004649,21,Male,South,White,Some college,Part-time,14410,TikTok,4.5,5,3,2,2,Mobile app,No,Friends/word-of-mouth,132
GZ004650,20,Male,West,White,Some college,Gig/freelance,40309,TikTok,9.5,3,3,2,4,Social commerce,Yes,Search,1032
GZ004651,22,Male,South,Black,Some college,Student,8430,YouTube,4.8,5,4,4,3,Mobile app,Yes,Social media,188
GZ004652,28,Male,Northeast,White,Bachelor's,Student,11636,Instagram,6.3,4,5,2,4,In-store,No,Social media,196
GZ004653,21,Prefer not to say,Midwest,Hispanic,High school,Student,6681,TikTok,3.3,5,4,2,4,Website,No,Friends/word-of-mouth,87
GZ004654,20,Male,West,White,Some college,Full-time,42858,YouTube,8.7,3,4,2,3,In-store,Yes,Ads,864
GZ004655,19,Male,Midwest,Two+/Other,High school,Student,12922,X,5.4,4,5,4,3,Mobile app,No,Social media,352
GZ004656,20,Male,South,White,High school,Student,5509,Snapchat,5.1,5,2,2,3,In-store,No,Friends/word-of-mouth,59
GZ004657,19,Male,Northeast,Hispanic,High school,Full-time,51974,TikTok,5.7,2,5,1,5,Mobile app,No,Search,1428
GZ004658,24,Male,Midwest,Asian,High school,Full-time,0,Reddit,11.0,5,4,2,2,Website,No,Social media,0
GZ004659,22,Female,South,Two+/Other,Bachelor's,Unemployed,6277,YouTube,6.9,3,3,2,1,Mobile app,No,Search,61
GZ004660,23,Female,Northeast,Hispanic,Some college,Full-time,31483,TikTok,5.7,3,4,2,3,Social commerce,No,Ads,586
GZ004661,27,Male,South,Black,High school,Gig/freelance,24997,TikTok,0.5,3,4,1,2,Website,No,Social media,238
GZ004662,24,Female,Midwest,Hispanic,High school,Full-time,40148,Other,8.7,3,1,2,2,Website,Yes,Search,911
GZ004663,19,Male,South,White,High school,Part-time,10103,TikTok,4.6,3,5,1,3,Mobile app,Yes,Social media,99
GZ004664,22,Male,Midwest,White,Bachelor's,Student,4740,TikTok,4.3,3,5,3,2,Website,No,Search,78
GZ004665,21,Male,South,Hispanic,High school,Student,11111,YouTube,4.5,4,3,2,4,Mobile app,No,Social media,116
GZ004666,27,Female,South,Hispanic,High school,Part-time,22603,YouTube,8.9,4,3,4,2,Website,No,Social media,640
GZ004667,21,Male,West,White,Some college,Part-time,10829,TikTok,5.9,4,5,3,5,Mobile app,No,Search,153
GZ004668,19,Female,Northeast,White,Bachelor's,Part-time,22382,YouTube,3.0,5,5,3,4,Social commerce,Yes,Friends/word-of-mouth,418
GZ004669,26,Male,South,Hispanic,Bachelor's,Student,11259,Snapchat,5.6,5,4,4,3,Mobile app,No,Social media,149
GZ004670,22,Female,West,White,Some college,Part-time,14936,Snapchat,4.3,2,4,3,3,Website,Yes,Search,299
GZ004671,19,Male,West,Hispanic,Bachelor's,Student,3761,YouTube,6.7,5,4,2,3,Mobile app,Yes,Influencer,39
GZ004672,25,Male,Northeast,Hispanic,High school,Part-time,17695,TikTok,5.2,4,3,1,4,In-store,No,Search,404
GZ004673,20,Male,South,White,Bachelor's,Full-time,48900,Reddit,2.9,2,3,4,3,Mobile app,No,Friends/word-of-mouth,583
GZ004674,27,Male,West,White,High school,Full-time,40887,Instagram,5.8,4,5,1,2,Social commerce,No,Search,1152
GZ004675,27,Female,Northeast,White,High school,Full-time,30801,Instagram,5.9,4,5,1,2,Mobile app,No,Social media,629
GZ004676,22,Female,South,White,Some college,Student,10891,TikTok,3.5,5,4,1,3,In-store,No,Social media,296
GZ004677,24,Female,West,Hispanic,High school,Unemployed,6277,YouTube,2.1,4,3,2,3,Social commerce,No,Social media,63
GZ004678,24,Non-binary,Northeast,Hispanic,High school,Full-time,27441,TikTok,6.6,4,5,2,4,In-store,No,Friends/word-of-mouth,404
GZ004679,25,Male,South,Black,Bachelor's,Full-time,36367,Instagram,5.4,3,3,2,1,Mobile app,No,Social media,722
GZ004680,18,Female,West,White,Some college,Unemployed,8937,TikTok,5.6,3,5,3,4,Social commerce,Yes,Search,184
GZ004681,21,Female,South,Hispanic,Bachelor's,Part-time,20356,YouTube,7.5,4,3,1,3,Mobile app,Yes,Friends/word-of-mouth,509
GZ004682,19,Female,Midwest,White,Some college,Part-time,7738,TikTok,2.1,3,3,1,2,Website,Yes,Social media,67
GZ004683,25,Male,Northeast,Black,Bachelor's,Student,7065,YouTube,6.1,4,4,2,4,In-store,No,Social media,163
GZ004684,18,Female,Midwest,White,High school,Part-time,11868,YouTube,7.3,5,4,1,4,Mobile app,No,Friends/word-of-mouth,235
GZ004685,23,Female,Midwest,Hispanic,High school,Part-time,21081,Instagram,5.6,4,4,1,3,In-store,Yes,Social media,596
GZ004686,26,Female,West,Hispanic,Bachelor's,Gig/freelance,29600,Reddit,3.2,4,3,1,4,Website,No,Social media,742
GZ004687,28,Female,South,White,Bachelor's,Student,6422,Instagram,4.7,4,4,2,2,Social commerce,Yes,Search,93
GZ004688,21,Female,South,Two+/Other,Some college,Student,16518,YouTube,5.1,3,5,2,1,Mobile app,No,Ads,144
GZ004689,18,Female,South,White,High school,Full-time,43609,Instagram,2.8,2,4,2,3,Social commerce,No,Search,868
GZ004690,25,Male,South,White,Some college,Full-time,33386,Snapchat,6.7,4,2,4,3,Website,No,Social media,638
GZ004691,18,Male,Midwest,Hispanic,Some college,Gig/freelance,11712,Reddit,6.0,4,4,3,2,Website,Yes,Search,310
GZ004692,18,Female,South,Hispanic,High school,Unemployed,2389,Instagram,4.7,3,3,2,4,Mobile app,No,Social media,24
GZ004693,28,Male,South,White,Bachelor's,Gig/freelance,11421,X,8.0,2,2,4,4,Mobile app,No,Social media,234
GZ004694,27,Male,West,White,High school,Full-time,38398,TikTok,5.0,2,3,3,5,Mobile app,Yes,Search,1117
GZ004695,25,Male,South,White,High school,Gig/freelance,15645,Snapchat,9.0,5,5,2,4,Mobile app,No,Search,138
GZ004696,27,Male,South,Black,Bachelor's,Full-time,56817,Instagram,5.5,4,4,3,4,Website,No,Ads,537
GZ004697,18,Female,South,Hispanic,Some college,Student,6633,TikTok,4.1,2,4,4,3,In-store,No,Friends/word-of-mouth,55
GZ004698,18,Male,South,White,High school,Student,12402,YouTube,4.2,3,5,4,1,Mobile app,Yes,Friends/word-of-mouth,118
GZ004699,21,Male,West,White,High school,Part-time,21980,TikTok,6.2,4,5,3,5,Social commerce,No,Influencer,286
GZ004700,18,Male,Midwest,Asian,Some college,Part-time,23228,Reddit,3.9,4,3,3,4,Mobile app,No,Social media,512
GZ004701,27,Female,Northeast,Black,Bachelor's,Student,12631,Snapchat,6.3,3,5,3,5,In-store,Yes,Search,237
GZ004702,18,Female,Midwest,White,Bachelor's,Gig/freelance,49321,YouTube,5.2,5,4,4,2,In-store,Yes,Ads,499
GZ004703,23,Female,Midwest,Hispanic,Some college,Full-time,25953,TikTok,5.2,5,5,1,4,Website,No,Search,408
GZ004704,27,Non-binary,Northeast,White,Some college,Full-time,57989,X,5.9,4,3,4,4,Website,Yes,Social media,973
GZ004705,26,Male,West,White,Bachelor's,Student,10612,Snapchat,8.0,3,2,2,4,Mobile app,No,Ads,228
GZ004706,20,Female,Midwest,Black,Some college,Full-time,62096,YouTube,4.9,4,4,1,4,Website,No,Social media,855
GZ004707,23,Male,West,Black,High school,Full-time,44094,Instagram,6.4,2,3,1,3,Social commerce,No,Social media,371
GZ004708,24,Female,South,White,Some college,Full-time,64226,Instagram,6.9,5,5,1,4,Mobile app,No,Search,621
GZ004709,26,Female,South,Black,Bachelor's,Full-time,17588,TikTok,3.6,4,3,3,3,Social commerce,Yes,Social media,164
GZ004710,22,Male,South,Hispanic,Some college,Part-time,9865,Snapchat,7.0,2,4,4,4,In-store,No,Social media,251
GZ004711,21,Male,Midwest,Black,High school,Unemployed,2975,TikTok,7.6,3,5,2,3,Social commerce,Yes,Social media,25
GZ004712,26,Male,South,Black,Some college,Gig/freelance,25125,TikTok,7.9,4,4,1,3,Mobile app,No,Social media,356
GZ004713,27,Male,Midwest,White,Some college,Student,9187,TikTok,3.8,2,3,4,3,In-store,Yes,Social media,143
GZ004714,23,Male,Northeast,Asian,Bachelor's,Full-time,28013,Instagram,3.9,3,2,2,4,Mobile app,No,Social media,707
GZ004715,18,Male,West,White,High school,Student,4986,YouTube,5.9,3,2,4,3,Website,No,Search,122
GZ004716,23,Female,South,White,Some college,Part-time,12692,Snapchat,5.8,5,3,1,3,In-store,No,Influencer,294
GZ004717,27,Male,West,White,Bachelor's,Student,2077,Reddit,6.0,5,3,3,4,Mobile app,No,Social media,45
GZ004718,28,Male,South,Black,Bachelor's,Part-time,15666,TikTok,5.3,4,4,4,4,Social commerce,No,Friends/word-of-mouth,323
GZ004719,22,Female,Northeast,White,Bachelor's,Student,8763,TikTok,6.4,1,3,1,3,Website,Yes,Influencer,247
GZ004720,19,Female,Midwest,White,High school,Full-time,50335,Instagram,0.9,3,3,2,2,Website,No,Social media,424
GZ004721,24,Female,Midwest,Black,High school,Gig/freelance,27952,Snapchat,7.3,5,3,2,3,Social commerce,Yes,Ads,522
GZ004722,27,Female,West,White,Bachelor's,Student,16263,Reddit,8.9,4,2,3,3,Social commerce,No,Search,359
GZ004723,28,Male,Midwest,White,Some college,Part-time,24580,TikTok,4.9,1,4,4,3,Social commerce,No,Ads,527
GZ004724,18,Female,Midwest,White,High school,Unemployed,5327,TikTok,6.4,5,3,2,4,In-store,Yes,Social media,153
GZ004725,21,Male,South,Hispanic,High school,Full-time,48892,Reddit,9.4,2,4,5,5,In-store,No,Friends/word-of-mouth,1172
GZ004726,23,Female,South,White,High school,Full-time,52125,Instagram,6.1,4,4,2,3,Mobile app,No,Social media,1081
GZ004727,19,Female,South,White,High school,Student,8106,Instagram,6.6,3,4,2,3,In-store,No,Influencer,113
GZ004728,27,Female,West,Hispanic,High school,Student,9403,TikTok,9.7,5,5,4,3,Website,No,Social media,253
GZ004729,19,Female,Northeast,Asian,High school,Full-time,78317,TikTok,10.1,2,3,2,2,Mobile app,No,Social media,1179
GZ004730,25,Non-binary,West,Black,High school,Full-time,40675,TikTok,3.9,3,5,2,4,Social commerce,No,Search,944
GZ004731,28,Female,West,White,High school,Full-time,16827,YouTube,5.2,5,4,2,2,Website,Yes,Social media,258
GZ004732,25,Female,Northeast,Black,High school,Full-time,55169,YouTube,7.8,3,4,4,3,In-store,Yes,Social media,1145
GZ004733,26,Female,South,Black,Graduate,Part-time,25089,Instagram,7.0,4,3,1,3,In-store,No,Social media,433
GZ004734,20,Female,South,Hispanic,Some college,Full-time,44920,YouTube,7.4,5,4,3,4,Mobile app,No,Social media,811
GZ004735,27,Male,Northeast,Hispanic,Some college,Part-time,2785,TikTok,0.8,4,4,1,3,Website,No,Social media,46
GZ004736,22,Male,Northeast,White,Bachelor's,Student,14210,TikTok,2.1,3,3,2,3,Website,No,Social media,352
GZ004737,18,Female,Midwest,Hispanic,Some college,Student,9931,TikTok,9.6,3,5,2,5,Social commerce,No,Social media,204
GZ004738,22,Male,South,Hispanic,High school,Unemployed,3441,TikTok,7.5,3,5,3,5,Mobile app,No,Friends/word-of-mouth,64
GZ004739,21,Female,Northeast,White,Some college,Full-time,64454,Other,6.7,4,4,1,4,In-store,No,Social media,1200
GZ004740,23,Male,Midwest,White,Some college,Full-time,3734,TikTok,3.5,5,5,2,4,Website,Yes,Friends/word-of-mouth,67
GZ004741,20,Male,Midwest,White,High school,Full-time,44114,TikTok,5.2,4,4,3,3,Website,No,Search,1113
GZ004742,23,Female,South,Hispanic,High school,Full-time,31779,Snapchat,7.1,4,4,3,3,Mobile app,Yes,Search,594
GZ004743,22,Male,West,White,Some college,Part-time,30086,Instagram,3.2,2,3,2,2,Website,Yes,Search,559
GZ004744,21,Male,Midwest,Hispanic,High school,Full-time,46590,TikTok,4.6,4,4,1,4,Mobile app,No,Search,518
GZ004745,25,Female,Northeast,Black,Some college,Student,5498,TikTok,6.8,4,3,3,3,Website,No,Search,73
GZ004746,21,Non-binary,West,White,High school,Unemployed,6048,TikTok,7.2,4,5,3,3,Website,No,Search,152
GZ004747,26,Male,West,White,High school,Full-time,0,TikTok,5.0,4,3,2,3,Mobile app,Yes,Social media,0
GZ004748,20,Female,Midwest,White,High school,Full-time,51599,YouTube,8.0,3,5,4,4,Social commerce,Yes,Social media,806
GZ004749,27,Male,West,White,High school,Student,3883,Instagram,7.9,4,4,2,3,In-store,Yes,Social media,48
GZ004750,22,Male,West,Black,Bachelor's,Student,7127,TikTok,2.4,5,4,1,3,Social commerce,Yes,Social media,176
GZ004751,18,Male,South,Hispanic,Some college,Full-time,37451,Snapchat,9.3,4,3,2,1,In-store,Yes,Search,1026
GZ004752,19,Male,South,Black,Some college,Student,12685,TikTok,8.3,4,5,2,3,Website,No,Friends/word-of-mouth,290
GZ004753,26,Male,Midwest,Two+/Other,Some college,Full-time,83644,Instagram,6.4,2,4,2,4,Website,Yes,Search,1356
GZ004754,27,Male,South,White,Graduate,Student,1792,TikTok,5.7,4,3,2,3,Mobile app,Yes,Friends/word-of-mouth,33
GZ004755,20,Male,South,Hispanic,Some college,Student,10807,TikTok,7.6,2,3,3,3,Mobile app,No,Friends/word-of-mouth,287
GZ004756,24,Female,Northeast,White,Bachelor's,Full-time,83626,Instagram,7.1,4,3,1,2,Website,No,Social media,961
GZ004757,24,Female,Midwest,White,Some college,Full-time,31171,TikTok,5.5,3,4,1,3,Mobile app,No,Search,290
GZ004758,19,Male,South,White,High school,Student,6428,TikTok,9.2,4,4,3,2,In-store,No,Social media,175
GZ004759,22,Male,South,White,Bachelor's,Student,9955,Instagram,1.8,3,3,3,2,Mobile app,No,Social media,201
GZ004760,25,Female,Midwest,Hispanic,Graduate,Gig/freelance,35697,Snapchat,4.7,3,5,1,3,Mobile app,No,Influencer,771
GZ004761,28,Male,West,Hispanic,Bachelor's,Part-time,23326,Instagram,6.9,3,5,3,5,Website,Yes,Influencer,261
GZ004762,27,Male,West,White,Some college,Gig/freelance,21803,TikTok,5.9,3,3,1,5,Website,No,Social media,511
GZ004763,19,Male,West,White,Some college,Student,5749,TikTok,7.4,4,4,2,5,Mobile app,No,Friends/word-of-mouth,115
GZ004764,20,Female,South,Hispanic,Some college,Student,14330,Instagram,3.2,3,5,1,4,Mobile app,No,Influencer,219
GZ004765,22,Male,Midwest,Hispanic,Bachelor's,Full-time,27360,TikTok,5.5,3,3,2,1,Website,No,Social media,609
GZ004766,19,Female,South,Hispanic,Bachelor's,Full-time,5784,TikTok,8.3,4,4,3,5,In-store,No,Social media,158
GZ004767,24,Female,West,White,High school,Student,3113,Instagram,3.0,5,4,3,4,Mobile app,No,Social media,85
GZ004768,18,Male,South,White,High school,Full-time,31110,X,5.5,4,5,1,2,In-store,Yes,Search,281
GZ004769,19,Male,South,Black,Some college,Full-time,70208,Snapchat,4.9,2,5,2,5,In-store,No,Social media,719
GZ004770,18,Female,South,Hispanic,High school,Full-time,19539,TikTok,6.7,4,2,3,3,In-store,No,Social media,385
GZ004771,21,Male,Northeast,White,High school,Unemployed,6739,Snapchat,6.8,5,4,3,4,Mobile app,No,Social media,144
GZ004772,26,Male,South,White,High school,Student,14292,Instagram,6.2,4,3,3,3,Social commerce,No,Ads,397
GZ004773,19,Female,South,White,High school,Gig/freelance,28635,Snapchat,5.4,1,4,3,4,In-store,No,Social media,606
GZ004774,28,Female,South,Hispanic,High school,Unemployed,0,YouTube,6.1,4,4,2,4,Mobile app,Yes,Social media,0
GZ004775,20,Male,Midwest,White,High school,Student,4204,YouTube,5.7,5,4,1,4,Social commerce,Yes,Search,96
GZ004776,18,Male,West,Hispanic,Bachelor's,Part-time,12868,Instagram,5.9,3,3,2,5,Website,No,Search,223
GZ004777,21,Female,Northeast,Asian,High school,Part-time,32018,YouTube,8.9,5,3,4,4,Mobile app,Yes,Social media,490
GZ004778,26,Male,Midwest,White,High school,Student,6694,Instagram,3.6,2,5,4,4,Social commerce,Yes,Search,144
GZ004779,19,Male,West,White,High school,Gig/freelance,16956,YouTube,6.7,4,3,1,3,In-store,No,Search,369
GZ004780,18,Male,Midwest,White,Bachelor's,Gig/freelance,28203,Instagram,4.1,4,5,3,2,Mobile app,Yes,Social media,444
GZ004781,27,Male,South,White,High school,Part-time,6582,TikTok,9.9,4,3,2,2,Website,No,Friends/word-of-mouth,96
GZ004782,24,Female,Northeast,Asian,Bachelor's,Student,8900,Instagram,6.2,4,4,3,3,Mobile app,Yes,Ads,94
GZ004783,21,Female,Northeast,Two+/Other,Some college,Part-time,11531,TikTok,3.5,3,5,1,5,Mobile app,Yes,Social media,118
GZ004784,26,Female,South,White,High school,Part-time,39770,TikTok,5.5,3,5,2,4,Website,No,Social media,403
GZ004785,27,Male,Midwest,Asian,High school,Full-time,24656,Instagram,3.1,4,3,1,3,Mobile app,Yes,Social media,564
GZ004786,21,Male,South,White,High school,Full-time,78475,Instagram,4.7,2,4,2,3,Mobile app,Yes,Influencer,1524
GZ004787,24,Male,West,Hispanic,Some college,Full-time,20450,TikTok,7.2,5,4,3,2,Mobile app,Yes,Friends/word-of-mouth,543
GZ004788,18,Female,Midwest,Hispanic,High school,Student,10064,TikTok,8.7,4,5,3,3,Mobile app,Yes,Friends/word-of-mouth,107
GZ004789,21,Male,Northeast,White,High school,Full-time,51455,Instagram,8.2,4,4,4,4,In-store,Yes,Influencer,1499
GZ004790,24,Female,South,Hispanic,High school,Gig/freelance,27658,X,5.8,5,4,2,3,Mobile app,No,Social media,491
GZ004791,20,Female,Midwest,Hispanic,High school,Full-time,43519,Instagram,7.1,5,5,1,4,Mobile app,No,Influencer,1075
GZ004792,28,Female,Midwest,White,Some college,Full-time,58281,Snapchat,7.6,5,5,4,3,Mobile app,Yes,Influencer,764
GZ004793,28,Male,South,Two+/Other,High school,Part-time,21380,Instagram,10.5,2,5,1,4,In-store,No,Friends/word-of-mouth,320
GZ004794,20,Female,Midwest,White,High school,Full-time,38732,TikTok,4.8,5,3,2,2,Website,No,Social media,421
GZ004795,22,Male,Midwest,White,Some college,Full-time,29253,TikTok,9.0,1,1,3,2,Website,No,Influencer,458
GZ004796,20,Non-binary,Midwest,Asian,Some college,Full-time,38867,Instagram,3.8,3,3,1,4,Mobile app,No,Social media,625
GZ004797,23,Male,Northeast,White,Bachelor's,Part-time,16557,Reddit,8.4,4,2,1,3,In-store,Yes,Social media,249
GZ004798,19,Female,South,White,Some college,Full-time,38262,TikTok,4.8,3,4,1,4,Social commerce,No,Social media,1041
GZ004799,22,Male,South,White,Some college,Student,9308,Instagram,4.6,4,5,3,5,In-store,No,Social media,242
GZ004800,24,Male,South,White,Bachelor's,Full-time,15363,YouTube,5.4,4,5,2,5,In-store,No,Friends/word-of-mouth,162
GZ004801,24,Female,South,White,Some college,Full-time,22578,YouTube,4.4,5,5,2,5,Mobile app,No,Social media,372
GZ004802,24,Male,West,White,Bachelor's,Full-time,57720,YouTube,6.9,3,3,1,5,Website,No,Search,860
GZ004803,20,Male,Northeast,Hispanic,High school,Full-time,0,TikTok,8.5,4,4,1,3,Mobile app,No,Social media,0
GZ004804,26,Female,West,White,Some college,Gig/freelance,40005,X,1.8,5,4,2,5,In-store,Yes,Social media,835
GZ004805,25,Male,Midwest,Black,High school,Part-time,13472,Instagram,5.7,5,2,2,5,In-store,No,Social media,362
GZ004806,26,Female,South,Asian,Bachelor's,Student,15761,TikTok,3.8,4,3,2,2,Mobile app,Yes,Social media,267
GZ004807,23,Female,South,White,Some college,Gig/freelance,40346,Snapchat,7.8,4,4,4,3,In-store,Yes,Friends/word-of-mouth,856
GZ004808,27,Male,Northeast,Asian,High school,Full-time,35812,X,8.8,5,5,3,4,Website,No,Social media,401
GZ004809,22,Female,Midwest,Black,High school,Gig/freelance,23382,X,5.7,2,4,1,4,Social commerce,No,Social media,251
GZ004810,26,Female,South,Asian,High school,Student,15452,Instagram,4.6,3,3,3,2,Social commerce,No,Search,326
GZ004811,20,Female,Northeast,Hispanic,Some college,Student,14156,Reddit,2.8,3,4,3,2,Mobile app,No,Search,284
GZ004812,20,Female,West,White,Bachelor's,Gig/freelance,37381,TikTok,9.9,4,4,2,4,In-store,No,Search,1007
GZ004813,23,Female,South,White,Bachelor's,Full-time,63625,Reddit,8.6,5,4,3,3,Mobile app,Yes,Search,1440
GZ004814,24,Male,West,Asian,Graduate,Student,4595,YouTube,2.0,3,4,4,4,Website,Yes,Search,58
GZ004815,26,Female,Midwest,White,Graduate,Part-time,19662,Instagram,7.3,3,5,2,5,Website,No,Friends/word-of-mouth,377
GZ004816,21,Female,South,Black,High school,Student,5879,TikTok,3.8,2,5,1,2,Mobile app,Yes,Social media,54
GZ004817,27,Male,Northeast,Hispanic,Some college,Full-time,20959,YouTube,5.0,3,5,3,5,In-store,No,Search,460
GZ004818,21,Non-binary,West,White,Some college,Full-time,45097,Instagram,3.5,3,4,1,5,Website,No,Search,490
GZ004819,23,Female,West,White,Bachelor's,Unemployed,3255,Other,2.0,2,4,3,2,Website,Yes,Social media,55
GZ004820,28,Female,Northeast,Two+/Other,Some college,Part-time,16653,Snapchat,5.9,3,4,1,2,In-store,Yes,Ads,152
GZ004821,23,Female,West,White,Bachelor's,Full-time,32549,Snapchat,9.8,3,5,3,3,Website,No,Influencer,723
GZ004822,25,Female,West,Hispanic,Some college,Full-time,18290,TikTok,4.1,4,4,2,2,Mobile app,Yes,Friends/word-of-mouth,413
GZ004823,27,Female,South,Two+/Other,Bachelor's,Student,15872,YouTube,7.8,5,2,2,4,Mobile app,Yes,Friends/word-of-mouth,180
GZ004824,28,Male,South,White,Graduate,Full-time,44945,YouTube,8.1,2,4,2,4,Mobile app,Yes,Influencer,538
GZ004825,23,Male,West,White,Graduate,Full-time,14742,Instagram,7.4,5,5,1,4,In-store,No,Social media,221
GZ004826,22,Female,South,Hispanic,Some college,Unemployed,4327,TikTok,10.0,5,4,3,4,Mobile app,Yes,Search,125
GZ004827,20,Male,West,Black,Some college,Full-time,70754,YouTube,7.9,5,5,4,3,Mobile app,No,Social media,1896
GZ004828,23,Female,South,White,Some college,Full-time,60119,TikTok,9.6,4,3,2,4,Website,No,Influencer,1081
GZ004829,28,Female,South,White,Bachelor's,Student,6899,TikTok,3.7,5,5,2,5,In-store,No,Search,173
GZ004830,23,Female,West,White,Some college,Full-time,32650,TikTok,7.5,4,3,2,1,In-store,Yes,Search,274
GZ004831,21,Female,South,White,Some college,Full-time,23911,TikTok,9.0,5,4,2,3,Mobile app,Yes,Search,257
GZ004832,19,Male,Midwest,White,High school,Student,5993,Instagram,4.5,4,3,2,4,Website,Yes,Search,140
GZ004833,22,Female,Midwest,White,Some college,Student,6323,TikTok,0.5,3,4,2,3,Mobile app,No,Social media,170
GZ004834,20,Male,South,Black,Some college,Part-time,6106,Instagram,3.5,5,5,1,4,Social commerce,No,Search,65
GZ004835,28,Female,South,White,Bachelor's,Student,7201,Reddit,4.6,5,3,3,5,Website,Yes,Social media,177
GZ004836,23,Male,West,Black,Some college,Gig/freelance,30024,YouTube,7.1,3,3,2,3,Mobile app,Yes,Social media,287
GZ004837,19,Male,South,Asian,High school,Student,7323,Instagram,4.9,4,4,4,5,Mobile app,No,Social media,114
GZ004838,18,Male,West,Hispanic,High school,Student,9880,TikTok,6.0,4,5,2,2,Social commerce,Yes,Social media,240
GZ004839,27,Female,Midwest,Hispanic,Some college,Gig/freelance,44976,Instagram,4.8,2,4,2,4,Mobile app,No,Search,823
GZ004840,28,Male,Midwest,White,High school,Full-time,76694,YouTube,5.7,3,4,2,3,Social commerce,No,Social media,1829
GZ004841,26,Male,West,Hispanic,Bachelor's,Part-time,17449,Reddit,5.9,4,4,2,4,In-store,No,Social media,248
GZ004842,19,Female,Northeast,White,Bachelor's,Full-time,58635,Reddit,4.7,4,2,2,4,Website,Yes,Search,1305
GZ004843,19,Male,South,White,High school,Full-time,38850,Instagram,7.6,4,5,3,3,In-store,Yes,Social media,962
GZ004844,20,Female,Northeast,Hispanic,Some college,Unemployed,3121,TikTok,8.8,4,5,1,5,In-store,No,Social media,38
GZ004845,26,Female,Midwest,White,Graduate,Full-time,20891,YouTube,3.7,4,2,1,5,Website,No,Search,255
GZ004846,26,Male,West,White,Bachelor's,Full-time,43636,X,6.4,3,5,3,3,Mobile app,No,Influencer,404
GZ004847,27,Female,South,Hispanic,Graduate,Full-time,62494,X,3.1,4,4,3,3,In-store,No,Social media,1018
GZ004848,19,Female,South,White,Bachelor's,Student,3838,Other,2.5,4,3,1,5,In-store,No,Social media,33
GZ004849,19,Female,Northeast,White,Some college,Gig/freelance,22641,TikTok,8.1,3,4,3,4,Social commerce,No,Friends/word-of-mouth,437
GZ004850,27,Female,South,White,Graduate,Part-time,15283,Snapchat,10.0,4,3,3,2,Mobile app,No,Ads,215
GZ004851,28,Female,Northeast,White,Bachelor's,Gig/freelance,28888,TikTok,5.3,3,2,3,4,Social commerce,No,Ads,835
GZ004852,25,Female,West,Hispanic,High school,Part-time,20128,TikTok,9.7,4,4,1,4,Website,Yes,Search,533
GZ004853,19,Male,West,Hispanic,High school,Gig/freelance,32285,YouTube,4.7,4,4,1,3,Mobile app,Yes,Social media,638
GZ004854,18,Male,West,White,Some college,Gig/freelance,48194,TikTok,5.5,4,2,2,5,In-store,No,Friends/word-of-mouth,1304
GZ004855,18,Male,South,Hispanic,Some college,Full-time,25547,Instagram,9.3,4,3,4,2,In-store,Yes,Friends/word-of-mouth,725
GZ004856,25,Female,West,Two+/Other,Some college,Gig/freelance,15172,TikTok,4.2,4,3,2,1,Mobile app,Yes,Search,316
GZ004857,27,Male,Northeast,Hispanic,Bachelor's,Full-time,46675,TikTok,7.8,4,4,3,4,Mobile app,No,Social media,736
GZ004858,24,Female,South,Hispanic,Bachelor's,Part-time,29767,TikTok,5.3,5,5,2,3,Website,No,Social media,795
GZ004859,20,Female,Northeast,Hispanic,Some college,Full-time,14361,Instagram,4.6,4,4,4,3,In-store,Yes,Search,199
GZ004860,26,Male,Northeast,Black,High school,Part-time,20684,TikTok,5.0,4,4,2,2,Mobile app,No,Social media,313
GZ004861,18,Female,South,Asian,Some college,Unemployed,3637,Instagram,1.7,3,2,1,4,In-store,Yes,Search,79
GZ004862,27,Male,West,White,Some college,Student,12459,YouTube,8.5,2,4,1,4,Social commerce,Yes,Influencer,112
GZ004863,27,Male,South,White,Graduate,Student,11544,TikTok,6.5,4,3,1,3,Social commerce,No,Search,124
GZ004864,25,Male,Midwest,White,Bachelor's,Unemployed,4087,Snapchat,5.7,2,2,2,2,Mobile app,Yes,Social media,81
GZ004865,27,Female,Northeast,Black,Some college,Part-time,21948,TikTok,4.6,3,5,2,3,Website,Yes,Friends/word-of-mouth,246
GZ004866,24,Female,Northeast,White,Some college,Full-time,29558,Reddit,6.6,3,3,2,4,Website,Yes,Social media,773
GZ004867,23,Female,Northeast,Asian,Bachelor's,Gig/freelance,35362,Other,7.8,3,4,4,3,Website,No,Social media,938
GZ004868,21,Male,South,White,High school,Full-time,68205,Reddit,5.5,3,4,2,3,Website,Yes,Social media,1297
GZ004869,28,Male,West,Hispanic,Some college,Gig/freelance,27171,Instagram,7.9,4,3,2,3,Social commerce,Yes,Influencer,278
GZ004870,25,Male,South,White,Graduate,Full-time,34289,Snapchat,6.6,4,5,2,4,In-store,Yes,Search,485
GZ004871,20,Female,Northeast,White,High school,Full-time,39256,TikTok,5.8,4,3,2,4,Website,Yes,Social media,804
GZ004872,28,Male,South,White,High school,Part-time,24396,X,7.8,5,3,3,5,Social commerce,Yes,Search,231
GZ004873,18,Male,South,Hispanic,Some college,Full-time,41208,TikTok,5.0,5,3,1,3,Social commerce,Yes,Social media,647
GZ004874,24,Male,South,White,Bachelor's,Full-time,19326,Instagram,3.5,4,4,2,4,Mobile app,No,Social media,232
GZ004875,20,Male,South,White,High school,Full-time,59994,Instagram,5.9,5,4,2,2,Website,No,Influencer,1220
GZ004876,25,Female,South,Hispanic,High school,Full-time,23424,Snapchat,6.1,4,3,2,4,Social commerce,Yes,Ads,620
GZ004877,22,Female,South,Asian,Some college,Student,10719,YouTube,5.6,4,3,2,4,In-store,No,Friends/word-of-mouth,290
GZ004878,22,Male,Northeast,Black,Some college,Part-time,2882,TikTok,8.4,2,4,2,5,Social commerce,No,Social media,29
GZ004879,25,Female,Midwest,Hispanic,Bachelor's,Full-time,44044,TikTok,7.0,1,3,3,3,Website,No,Social media,453
GZ004880,26,Female,South,White,Bachelor's,Full-time,40709,Snapchat,5.8,2,5,2,2,Mobile app,No,Social media,954
GZ004881,22,Female,Midwest,Asian,High school,Full-time,4822,Other,6.0,3,3,4,3,Mobile app,No,Social media,40
GZ004882,28,Female,West,White,Bachelor's,Part-time,20695,TikTok,6.2,5,4,1,3,Mobile app,Yes,Ads,386
GZ004883,23,Male,Midwest,Asian,Bachelor's,Part-time,9078,YouTube,7.1,4,4,4,4,Website,Yes,Social media,200
GZ004884,19,Female,South,Black,Some college,Full-time,43601,Instagram,6.1,3,4,1,2,Social commerce,Yes,Friends/word-of-mouth,716
GZ004885,18,Female,West,White,Bachelor's,Unemployed,3258,TikTok,5.7,4,5,2,4,Mobile app,No,Social media,56
GZ004886,20,Male,West,White,High school,Full-time,14017,TikTok,3.3,4,5,3,3,Website,Yes,Friends/word-of-mouth,245
GZ004887,25,Male,South,Hispanic,Graduate,Part-time,9529,YouTube,4.6,2,5,1,4,Website,No,Friends/word-of-mouth,138
GZ004888,23,Female,West,Hispanic,Some college,Student,5088,TikTok,6.6,4,5,1,4,Mobile app,No,Social media,86
GZ004889,21,Female,Midwest,Hispanic,High school,Full-time,60567,Snapchat,6.4,5,2,2,4,Mobile app,Yes,Social media,1518
GZ004890,23,Female,Midwest,Two+/Other,High school,Full-time,57796,TikTok,3.0,5,4,3,4,Mobile app,No,Search,1488
GZ004891,27,Female,South,Hispanic,Bachelor's,Part-time,35775,YouTube,4.9,4,4,2,5,In-store,No,Social media,743
GZ004892,24,Female,West,White,Some college,Student,6926,TikTok,4.1,5,3,4,2,In-store,No,Social media,101
GZ004893,18,Female,Midwest,Hispanic,Some college,Gig/freelance,19634,YouTube,8.7,3,5,3,2,Website,Yes,Friends/word-of-mouth,329
GZ004894,18,Male,South,White,High school,Part-time,19092,TikTok,6.5,5,3,2,3,Social commerce,Yes,Search,438
GZ004895,23,Male,South,Hispanic,Some college,Gig/freelance,21843,Instagram,6.9,3,4,1,3,Mobile app,No,Search,397
GZ004896,22,Male,South,Asian,High school,Student,6640,Instagram,5.9,4,4,1,2,In-store,No,Search,72
GZ004897,27,Female,South,White,Bachelor's,Student,9220,YouTube,4.7,4,4,2,4,Mobile app,No,Social media,204
GZ004898,24,Female,South,Black,Some college,Full-time,55298,Instagram,5.1,5,3,1,2,Website,No,Friends/word-of-mouth,568
GZ004899,26,Prefer not to say,South,Black,Some college,Gig/freelance,1287,TikTok,7.0,5,4,2,3,In-store,Yes,Social media,37
GZ004900,24,Male,West,White,Graduate,Full-time,31185,TikTok,5.5,3,3,3,3,Website,No,Social media,468
GZ004901,21,Male,Midwest,Black,High school,Full-time,15487,TikTok,7.0,3,4,2,4,Website,No,Influencer,180
GZ004902,25,Female,Midwest,Black,High school,Part-time,16753,TikTok,6.3,5,4,2,3,Website,Yes,Influencer,347
GZ004903,24,Female,Midwest,White,Bachelor's,Unemployed,4778,TikTok,6.6,4,4,4,5,Mobile app,No,Social media,115
GZ004904,25,Male,West,White,Bachelor's,Part-time,27047,TikTok,6.7,5,4,2,5,Social commerce,Yes,Search,630
GZ004905,20,Male,Northeast,White,High school,Full-time,33802,Instagram,4.9,3,5,2,5,In-store,No,Friends/word-of-mouth,470
GZ004906,25,Female,Midwest,Hispanic,Some college,Unemployed,4191,TikTok,5.4,3,5,1,5,In-store,No,Social media,82
GZ004907,21,Male,West,White,Some college,Gig/freelance,6319,Instagram,7.8,3,4,2,4,Social commerce,No,Social media,143
GZ004908,26,Male,South,White,High school,Student,5515,Snapchat,9.7,5,4,2,4,In-store,Yes,Friends/word-of-mouth,139
GZ004909,26,Male,Midwest,Asian,Some college,Part-time,19677,Snapchat,7.8,4,4,4,3,Mobile app,No,Friends/word-of-mouth,362
GZ004910,24,Female,West,Hispanic,Bachelor's,Part-time,6991,Instagram,0.5,5,5,3,3,Website,No,Friends/word-of-mouth,59
GZ004911,28,Male,Midwest,Hispanic,Some college,Unemployed,6226,TikTok,4.5,3,3,4,4,Website,No,Social media,106
GZ004912,23,Male,Midwest,Asian,High school,Full-time,51894,Instagram,6.2,4,5,3,2,Mobile app,Yes,Search,1096
GZ004913,18,Female,Northeast,White,Some college,Student,5336,TikTok,3.8,4,4,4,5,Website,No,Social media,60
GZ004914,24,Male,Northeast,White,Some college,Student,2997,Instagram,3.7,1,5,1,3,In-store,No,Search,82
GZ004915,26,Male,Midwest,Hispanic,Graduate,Unemployed,2705,Reddit,5.2,4,5,3,3,Website,No,Search,32
GZ004916,19,Male,Northeast,White,Some college,Student,5357,YouTube,6.7,5,3,1,4,Mobile app,No,Search,61
GZ004917,19,Female,Northeast,White,Some college,Full-time,18998,X,7.2,5,4,2,4,Website,No,Social media,158
GZ004918,21,Male,South,Black,High school,Student,3302,TikTok,5.3,4,4,2,3,Mobile app,Yes,Search,44
GZ004919,27,Female,Midwest,White,High school,Unemployed,3585,TikTok,5.1,5,5,1,2,Mobile app,No,Search,92
GZ004920,23,Female,South,Hispanic,High school,Gig/freelance,34567,TikTok,4.3,4,4,1,2,In-store,No,Social media,806
GZ004921,28,Female,South,Hispanic,High school,Full-time,28560,TikTok,7.0,3,5,3,1,Website,Yes,Social media,327
GZ004922,27,Female,South,Hispanic,Some college,Part-time,21603,TikTok,6.9,3,2,1,5,Website,No,Friends/word-of-mouth,600
GZ004923,24,Female,West,White,Some college,Student,7672,Reddit,7.8,4,3,4,3,Mobile app,Yes,Social media,166
GZ004924,25,Male,South,White,Bachelor's,Student,11479,Instagram,6.3,3,4,1,3,Website,No,Search,216
GZ004925,21,Male,South,Black,Some college,Full-time,27135,X,3.4,4,3,3,4,Mobile app,No,Social media,297
GZ004926,18,Female,South,Asian,Some college,Full-time,47310,Reddit,5.3,3,2,3,3,Mobile app,No,Social media,1270
GZ004927,22,Prefer not to say,Midwest,White,High school,Full-time,44270,YouTube,7.7,4,5,1,3,Social commerce,Yes,Social media,922
GZ004928,24,Female,Northeast,White,High school,Full-time,67747,Reddit,2.5,3,3,3,5,Mobile app,No,Social media,758
GZ004929,20,Male,Northeast,Hispanic,Some college,Full-time,52560,TikTok,5.8,5,3,2,4,In-store,Yes,Friends/word-of-mouth,966
GZ004930,20,Male,West,White,Some college,Unemployed,4460,Snapchat,6.6,2,5,3,4,Website,Yes,Search,40
GZ004931,18,Male,South,White,High school,Student,3046,YouTube,10.0,4,5,4,3,Mobile app,No,Social media,30
GZ004932,26,Male,Northeast,White,Some college,Full-time,32072,YouTube,4.8,3,3,3,4,Mobile app,No,Social media,391
GZ004933,27,Male,South,White,Some college,Student,5758,YouTube,5.8,4,3,1,4,Mobile app,Yes,Social media,99
GZ004934,27,Female,Northeast,White,Bachelor's,Part-time,11340,Reddit,9.4,3,3,2,4,Website,No,Influencer,287
GZ004935,22,Female,Midwest,White,Some college,Student,9062,Reddit,4.8,2,5,1,5,Mobile app,No,Social media,202
GZ004936,24,Female,West,Black,Bachelor's,Gig/freelance,28817,TikTok,8.1,4,5,2,2,Social commerce,No,Ads,651
GZ004937,28,Female,South,White,High school,Full-time,47290,TikTok,6.8,3,4,3,3,Mobile app,Yes,Search,468
GZ004938,24,Female,South,White,Some college,Unemployed,6270,TikTok,5.6,4,4,3,4,Mobile app,Yes,Ads,78
GZ004939,21,Female,West,White,High school,Full-time,51139,Snapchat,6.9,2,3,3,3,Mobile app,Yes,Social media,898
GZ004940,21,Male,West,Black,High school,Student,4027,TikTok,5.7,5,4,3,4,Website,No,Ads,112
GZ004941,25,Male,Northeast,White,Some college,Gig/freelance,28369,YouTube,10.5,4,5,3,5,Mobile app,No,Influencer,607
GZ004942,22,Male,Midwest,White,Some college,Student,11366,Instagram,1.9,1,4,2,3,In-store,Yes,Social media,144
GZ004943,27,Male,West,Hispanic,High school,Full-time,65855,Reddit,5.4,4,4,4,4,In-store,No,Ads,556
GZ004944,27,Female,South,Hispanic,Graduate,Full-time,39085,Snapchat,5.5,3,3,3,3,Social commerce,Yes,Social media,378
GZ004945,18,Female,West,Black,High school,Full-time,39269,Instagram,5.7,3,5,2,3,Mobile app,Yes,Social media,471
GZ004946,25,Male,South,White,Bachelor's,Full-time,62391,Instagram,8.2,5,3,3,5,In-store,Yes,Social media,1337
GZ004947,22,Male,Midwest,White,Some college,Full-time,45375,Snapchat,5.1,5,4,2,3,Mobile app,No,Social media,514
GZ004948,23,Female,West,White,High school,Full-time,11790,TikTok,7.0,4,4,2,4,Mobile app,No,Search,108
GZ004949,20,Female,Midwest,Hispanic,High school,Student,1657,Instagram,6.5,4,5,3,3,Social commerce,No,Search,33
GZ004950,22,Male,West,White,Bachelor's,Full-time,76790,X,7.7,4,5,1,3,Social commerce,No,Social media,923
GZ004951,21,Female,South,White,High school,Part-time,4118,YouTube,5.7,2,5,5,4,Mobile app,No,Social media,53
GZ004952,18,Female,Northeast,White,High school,Student,8322,X,6.6,4,4,2,4,Website,No,Social media,236
GZ004953,26,Female,Midwest,Asian,Some college,Full-time,58690,Instagram,5.8,5,5,2,3,In-store,Yes,Friends/word-of-mouth,1484
GZ004954,19,Male,Midwest,White,Some college,Student,1853,YouTube,4.0,5,5,2,3,Mobile app,Yes,Social media,47
GZ004955,22,Male,West,White,Bachelor's,Student,4619,X,9.2,3,4,3,3,Mobile app,Yes,Search,41
GZ004956,20,Male,Northeast,Asian,Some college,Part-time,7901,YouTube,4.5,4,4,3,4,In-store,No,Search,225
GZ004957,19,Male,South,Hispanic,High school,Part-time,32589,Reddit,5.0,3,5,4,3,Website,No,Friends/word-of-mouth,598
GZ004958,22,Male,West,Hispanic,Bachelor's,Student,17173,Snapchat,4.3,4,4,2,5,Mobile app,Yes,Search,174
GZ004959,28,Female,Midwest,Hispanic,Bachelor's,Part-time,12053,TikTok,6.8,3,3,3,2,Mobile app,No,Ads,179
GZ004960,28,Male,South,White,Some college,Part-time,22693,TikTok,5.0,3,4,1,2,Social commerce,Yes,Search,237
GZ004961,22,Female,Midwest,Black,Some college,Gig/freelance,29604,YouTube,9.0,4,2,1,3,Website,Yes,Social media,448
GZ004962,23,Male,South,White,High school,Gig/freelance,22714,Reddit,7.1,3,4,2,1,Website,Yes,Influencer,249
GZ004963,28,Female,South,Asian,High school,Part-time,4823,Snapchat,5.4,3,5,3,3,Mobile app,Yes,Search,65
GZ004964,20,Male,South,White,Some college,Part-time,36690,TikTok,4.2,4,4,2,3,Mobile app,No,Social media,357
GZ004965,28,Male,Northeast,Hispanic,Graduate,Gig/freelance,4752,YouTube,5.8,2,5,3,3,Mobile app,No,Search,64
GZ004966,19,Female,Midwest,Hispanic,Some college,Student,9859,YouTube,7.0,3,5,2,3,Mobile app,No,Social media,152
GZ004967,20,Female,South,White,Some college,Student,6377,Instagram,5.9,2,3,2,4,Mobile app,No,Social media,174
GZ004968,21,Female,South,White,High school,Full-time,61052,YouTube,5.7,2,4,5,3,Mobile app,No,Social media,749
GZ004969,18,Male,South,Black,High school,Full-time,57988,Other,4.0,5,3,2,3,In-store,Yes,Social media,1483
GZ004970,26,Male,South,White,Bachelor's,Part-time,10071,Instagram,10.5,3,4,3,4,Mobile app,Yes,Social media,255
GZ004971,27,Female,Midwest,Two+/Other,High school,Gig/freelance,16755,TikTok,5.6,3,5,1,1,Social commerce,No,Search,335
GZ004972,22,Male,South,White,High school,Full-time,12702,Instagram,3.3,5,5,2,4,Social commerce,No,Search,221
GZ004973,27,Female,South,Hispanic,Bachelor's,Unemployed,4350,TikTok,3.8,5,3,2,1,Mobile app,No,Search,72
GZ004974,26,Female,South,Hispanic,High school,Student,11879,YouTube,5.3,4,4,4,3,In-store,Yes,Search,324
GZ004975,26,Female,West,White,Some college,Student,7211,Reddit,9.9,5,3,2,4,Mobile app,No,Social media,203
GZ004976,26,Male,Midwest,Hispanic,Bachelor's,Gig/freelance,23135,YouTube,5.7,3,4,2,4,Website,Yes,Friends/word-of-mouth,530
GZ004977,24,Female,Midwest,Hispanic,High school,Full-time,78058,Reddit,5.3,4,5,1,3,Website,Yes,Search,2055
GZ004978,19,Female,West,Hispanic,Some college,Full-time,59694,YouTube,7.7,4,5,1,4,Social commerce,Yes,Social media,1472
GZ004979,28,Female,Northeast,Hispanic,High school,Full-time,67472,Instagram,7.8,4,5,2,2,Website,No,Search,1566
GZ004980,24,Male,West,Hispanic,Some college,Part-time,0,Instagram,7.3,5,4,3,5,Mobile app,No,Social media,0
GZ004981,27,Male,Northeast,White,Bachelor's,Full-time,52341,Instagram,6.4,2,4,3,4,In-store,No,Friends/word-of-mouth,888
GZ004982,28,Male,Midwest,White,Bachelor's,Student,10018,Instagram,3.8,3,5,2,2,In-store,No,Social media,135
GZ004983,20,Male,South,White,Some college,Gig/freelance,11351,TikTok,4.5,3,4,2,5,Mobile app,No,Social media,272
GZ004984,22,Male,Midwest,Hispanic,High school,Full-time,22270,YouTube,2.8,3,3,4,4,In-store,Yes,Social media,325
GZ004985,20,Female,West,Asian,Some college,Part-time,16230,TikTok,5.6,4,5,4,2,In-store,No,Search,373
GZ004986,18,Male,Midwest,White,High school,Student,3564,TikTok,5.2,4,3,2,5,Mobile app,Yes,Friends/word-of-mouth,54
GZ004987,28,Female,South,Hispanic,Bachelor's,Student,5765,Instagram,4.9,4,5,3,5,Mobile app,Yes,Social media,55
GZ004988,28,Female,West,White,Some college,Unemployed,3169,Other,6.6,3,5,4,3,In-store,Yes,Social media,85
GZ004989,28,Female,Northeast,Hispanic,High school,Full-time,52839,TikTok,4.7,5,5,5,4,Website,No,Search,897
GZ004990,27,Female,South,Hispanic,Graduate,Full-time,28641,Snapchat,5.3,4,5,3,3,Mobile app,Yes,Influencer,375
GZ004991,25,Male,South,Hispanic,Bachelor's,Gig/freelance,20767,Instagram,5.0,4,3,3,4,Mobile app,Yes,Friends/word-of-mouth,404
GZ004992,23,Prefer not to say,South,Hispanic,High school,Full-time,61359,TikTok,5.9,4,5,2,4,Mobile app,No,Influencer,681
GZ004993,28,Male,West,Black,Some college,Student,1854,TikTok,6.7,4,4,1,4,Social commerce,No,Friends/word-of-mouth,15
GZ004994,24,Female,Midwest,White,Some college,Full-time,46295,TikTok,3.3,4,3,3,2,Website,No,Search,409
GZ004995,25,Male,Midwest,White,Some college,Part-time,21154,Instagram,6.9,3,2,4,3,Website,Yes,Search,612
GZ004996,20,Male,Northeast,White,Some college,Student,10688,Instagram,6.5,5,4,2,4,Mobile app,No,Search,266
GZ004997,26,Female,West,Asian,High school,Student,6969,YouTube,6.8,4,2,1,3,Website,Yes,Ads,180
GZ004998,27,Male,West,Black,Bachelor's,Full-time,21874,TikTok,6.3,3,5,3,4,Social commerce,Yes,Friends/word-of-mouth,406
GZ004999,25,Male,South,White,Bachelor's,Gig/freelance,43778,TikTok,6.7,2,2,1,2,Social commerce,Yes,Search,849
GZ005000,23,Female,South,White,Some college,Gig/freelance,15979,TikTok,5.2,4,4,1,4,Website,Yes,Friends/word-of-mouth,194
